Embalaje,Largo_cm,Ancho_cm,Alto_cm,Peso_kg,Manipulacion,Procedencia,Temperatura,Protocolo
Embalaje C,69.64,58.59,89.63,21.17,Normal,Origen B,Ambiente,Protocolo_1
Embalaje C,70.49,67.68,26.66,35.21,Normal,Origen C,Ambiente,Protocolo_1
Embalaje A,96.44,31.85,31.67,29.54,Normal,Origen D,Ambiente,Protocolo_1
Embalaje B,88.97,87.43,69.74,34.48,Normal,Origen C,Ambiente,Protocolo_1
Embalaje C,11.84,64.86,37.72,52.97,Normal,Origen B,Refrigerado,Protocolo_1
Embalaje C,48.29,84.77,48.84,15.21,Normal,Origen C,Ambiente,Protocolo_1
Embalaje B,69.71,76.39,56.25,75.68,Normal,Origen D,Ambiente,Protocolo_1
Embalaje C,89.22,56.55,12.33,35.44,Normal,Origen A,Ambiente,Protocolo_1
Embalaje B,69.64,6.82,87.48,20.05,Normal,Origen A,Ambiente,Protocolo_1
Embalaje A,86.83,24.79,82.45,86.69,Frágil,Origen D,Ambiente,Protocolo_2
Embalaje B,7.58,55.4,81.5,97.67,Normal,Origen D,Ambiente,Protocolo_2
Embalaje B,57.95,77.33,39.62,56.37,Normal,Origen C,Ambiente,Protocolo_1
Embalaje A,40.06,55.28,20.27,1.4,Normal,Origen B,Ambiente,Protocolo_1
Embalaje C,72.29,41.33,86.97,83.83,Normal,Origen C,Ambiente,Protocolo_2
Embalaje A,86.55,78.96,86.92,70.45,Normal,Origen B,Ambiente,Protocolo_1
Embalaje B,32.11,72.87,22.24,75.77,Normal,Origen A,Ambiente,Protocolo_1
Embalaje A,89.23,83.41,90.08,64.95,Normal,Origen B,Ambiente,Protocolo_1
Embalaje A,29.9,52.98,62.52,46.19,Normal,Origen D,Ambiente,Protocolo_1
Embalaje C,13.96,54.5,37.84,9.32,Normal,Origen B,Ambiente,Protocolo_1
Embalaje B,38.83,42.98,38.14,83.41,Normal,Origen C,Ambiente,Protocolo_2
Embalaje C,98.5,64.06,8.5,49.26,Normal,Origen A,Ambiente,Protocolo_1
Embalaje C,34.64,95.52,36.16,22.61,Normal,Origen D,Ambiente,Protocolo_1
Embalaje B,7.44,19.61,56.15,70.56,Normal,Origen C,Ambiente,Protocolo_1
Embalaje A,22.61,96.07,12.83,36.58,Normal,Origen C,Refrigerado,Protocolo_1
Embalaje B,51.58,34.62,81.11,99.66,Frágil,Origen D,Ambiente,Protocolo_2
Embalaje C,71.97,16.07,53.3,24.67,Normal,Origen C,Ambiente,Protocolo_1
Embalaje A,27.88,70.38,99.4,25.97,Normal,Origen D,Ambiente,Protocolo_1
Embalaje A,36.69,26.86,45.68,78.24,Frágil,Origen A,Ambiente,Protocolo_2
Embalaje B,41.21,22.51,80.62,71.48,Frágil,Origen A,Ambiente,Protocolo_2
Embalaje C,52.31,45.08,12.61,67.83,Normal,Origen B,Ambiente,Protocolo_1
Embalaje B,6.79,28.14,42.74,44.06,Frágil,Origen A,Ambiente,Protocolo_2
Embalaje B,68.77,40.38,56.14,24.73,Normal,Origen A,Refrigerado,Protocolo_1
Embalaje A,98.53,44.0,75.67,24.53,Normal,Origen D,Ambiente,Protocolo_1
Embalaje A,5.37,26.36,17.09,17.83,Normal,Origen D,Ambiente,Protocolo_1
Embalaje C,39.5,52.58,99.8,24.89,Normal,Origen B,Ambiente,Protocolo_1
Embalaje B,77.39,56.14,28.71,57.97,Normal,Origen A,Ambiente,Protocolo_1
Embalaje C,71.76,26.72,80.53,13.13,Normal,Origen C,Ambiente,Protocolo_1
Embalaje C,6.54,60.34,71.13,17.86,Normal,Origen C,Refrigerado,Protocolo_1
Embalaje A,41.5,12.35,10.51,39.0,Normal,Origen B,Ambiente,Protocolo_1
Embalaje A,35.52,80.38,33.21,96.11,Normal,Origen D,Ambiente,Protocolo_2
Embalaje A,97.87,80.17,73.27,65.27,Frágil,Origen A,Ambiente,Protocolo_2
Embalaje C,37.82,29.07,97.29,12.73,Normal,Origen A,Refrigerado,Protocolo_1
Embalaje C,93.21,55.82,36.61,45.33,Normal,Origen B,Ambiente,Protocolo_1
Embalaje B,88.57,31.37,88.03,14.37,Normal,Origen D,Ambiente,Protocolo_1
Embalaje A,18.05,53.86,76.4,47.75,Frágil,Origen D,Ambiente,Protocolo_2
Embalaje C,78.1,16.78,51.91,6.7,Normal,Origen A,Ambiente,Protocolo_1
Embalaje B,16.09,49.51,57.71,48.08,Normal,Origen A,Ambiente,Protocolo_1
Embalaje B,66.74,87.42,42.91,33.45,Normal,Origen D,Ambiente,Protocolo_1
Embalaje A,7.63,75.93,89.6,61.81,Normal,Origen B,Ambiente,Protocolo_1
Embalaje C,10.49,33.5,96.26,97.75,Normal,Origen C,Refrigerado,Protocolo_2
Embalaje C,29.59,99.72,66.85,28.47,Normal,Origen B,Ambiente,Protocolo_1
Embalaje A,10.17,62.48,65.99,12.35,Frágil,Origen A,Ambiente,Protocolo_2
Embalaje B,25.67,19.92,47.09,81.78,Normal,Origen D,Ambiente,Protocolo_2
Embalaje B,90.64,17.65,38.29,35.47,Frágil,Origen C,Ambiente,Protocolo_2
Embalaje B,22.92,67.43,78.4,65.12,Normal,Origen A,Ambiente,Protocolo_1
Embalaje B,94.69,99.8,28.5,36.21,Normal,Origen C,Ambiente,Protocolo_1
Embalaje A,81.81,60.28,94.91,95.25,Normal,Origen B,Refrigerado,Protocolo_2
Embalaje C,35.83,24.21,47.04,18.64,Normal,Origen D,Refrigerado,Protocolo_1
Embalaje A,61.91,67.15,33.24,21.9,Normal,Origen C,Ambiente,Protocolo_1
Embalaje B,23.23,61.43,8.75,86.62,Normal,Origen B,Ambiente,Protocolo_2
Embalaje C,76.71,5.92,38.18,19.65,Normal,Origen D,Ambiente,Protocolo_1
Embalaje B,35.48,6.25,36.18,18.91,Normal,Origen C,Ambiente,Protocolo_1
Embalaje B,43.7,14.64,93.9,75.77,Normal,Origen B,Ambiente,Protocolo_1
Embalaje C,25.43,78.29,80.5,36.51,Frágil,Origen B,Ambiente,Protocolo_2
Embalaje A,95.5,28.66,60.01,59.12,Frágil,Origen A,Ambiente,Protocolo_2
Embalaje C,76.77,41.35,77.12,88.73,Normal,Origen B,Ambiente,Protocolo_2
Embalaje B,74.52,35.75,33.06,21.55,Normal,Origen D,Ambiente,Protocolo_1
Embalaje A,81.73,56.54,53.9,15.26,Normal,Origen C,Ambiente,Protocolo_1
Embalaje C,63.24,91.45,40.2,4.07,Normal,Origen D,Ambiente,Protocolo_1
Embalaje B,88.58,22.13,74.49,35.96,Normal,Origen B,Ambiente,Protocolo_1
Embalaje C,18.41,52.84,74.35,47.39,Normal,Origen C,Ambiente,Protocolo_1
Embalaje C,80.0,66.3,39.11,3.68,Normal,Origen D,Ambiente,Protocolo_1
Embalaje C,94.79,24.14,6.74,7.58,Normal,Origen A,Ambiente,Protocolo_1
Embalaje A,33.54,62.47,86.46,34.21,Normal,Origen A,Refrigerado,Protocolo_1
Embalaje B,45.63,23.04,65.9,40.55,Normal,Origen B,Refrigerado,Protocolo_1
Embalaje B,61.11,67.29,80.8,8.04,Normal,Origen C,Ambiente,Protocolo_1
Embalaje A,48.67,60.23,7.35,18.51,Normal,Origen A,Ambiente,Protocolo_1
Embalaje B,75.26,85.25,88.59,43.99,Normal,Origen A,Ambiente,Protocolo_1
Embalaje B,68.66,16.09,29.79,3.98,Normal,Origen D,Ambiente,Protocolo_1
Embalaje B,6.85,88.18,57.52,11.05,Normal,Origen B,Ambiente,Protocolo_1
Embalaje A,51.29,23.97,9.96,13.55,Normal,Origen B,Ambiente,Protocolo_1
Embalaje C,53.18,61.13,71.66,74.43,Normal,Origen D,Ambiente,Protocolo_1
Embalaje C,74.17,52.38,95.21,84.71,Normal,Origen A,Ambiente,Protocolo_2
Embalaje A,5.13,97.27,40.04,79.73,Frágil,Origen C,Ambiente,Protocolo_2
Embalaje A,51.32,27.2,44.47,42.85,Normal,Origen D,Ambiente,Protocolo_1
Embalaje A,68.02,11.72,74.72,33.88,Frágil,Origen A,Ambiente,Protocolo_2
Embalaje C,50.83,25.53,62.41,82.23,Normal,Origen C,Ambiente,Protocolo_2
Embalaje C,9.27,96.37,80.54,74.87,Normal,Origen D,Ambiente,Protocolo_1
Embalaje A,10.59,98.01,99.18,71.55,Normal,Origen C,Ambiente,Protocolo_1
Embalaje A,26.45,57.69,81.84,48.45,Normal,Origen D,Ambiente,Protocolo_1
Embalaje B,83.46,52.74,37.9,72.46,Normal,Origen B,Ambiente,Protocolo_1
Embalaje B,19.1,80.39,75.15,13.17,Normal,Origen A,Ambiente,Protocolo_1
Embalaje B,44.57,77.47,74.42,16.41,Frágil,Origen C,Ambiente,Protocolo_2
Embalaje A,68.61,73.3,41.33,17.99,Normal,Origen C,Ambiente,Protocolo_1
Embalaje A,93.17,99.02,20.08,32.66,Frágil,Origen B,Ambiente,Protocolo_2
Embalaje C,73.76,53.93,33.39,14.78,Normal,Origen A,Ambiente,Protocolo_1
Embalaje C,7.79,53.56,90.54,91.79,Normal,Origen B,Ambiente,Protocolo_2
Embalaje A,36.42,17.87,62.84,55.33,Normal,Origen D,Ambiente,Protocolo_1
Embalaje B,65.33,61.21,38.56,72.96,Normal,Origen D,Ambiente,Protocolo_1
Embalaje B,78.36,96.45,66.45,74.44,Normal,Origen D,Ambiente,Protocolo_1
Embalaje A,91.98,56.53,36.39,57.19,Normal,Origen D,Ambiente,Protocolo_1
Embalaje B,78.15,40.95,66.76,5.14,Frágil,Origen D,Ambiente,Protocolo_2
Embalaje B,9.82,70.87,88.24,65.7,Normal,Origen B,Ambiente,Protocolo_1
Embalaje B,45.01,12.18,23.56,65.38,Normal,Origen D,Ambiente,Protocolo_1
Embalaje B,82.62,34.53,55.86,9.46,Normal,Origen C,Ambiente,Protocolo_1
Embalaje A,40.67,31.19,93.23,49.37,Normal,Origen D,Ambiente,Protocolo_1
Embalaje C,43.51,11.13,40.63,74.17,Normal,Origen D,Ambiente,Protocolo_1
Embalaje C,21.79,10.03,69.8,47.36,Frágil,Origen C,Ambiente,Protocolo_2
Embalaje A,74.29,88.35,91.76,25.12,Normal,Origen D,Ambiente,Protocolo_1
Embalaje C,95.36,55.48,61.53,86.11,Normal,Origen A,Ambiente,Protocolo_2
Embalaje A,41.52,5.39,70.93,55.82,Frágil,Origen D,Ambiente,Protocolo_2
Embalaje B,66.44,23.74,64.09,1.95,Normal,Origen C,Ambiente,Protocolo_1
Embalaje A,62.48,96.47,32.77,87.98,Frágil,Origen D,Ambiente,Protocolo_2
Embalaje A,36.09,18.04,62.58,77.8,Frágil,Origen D,Ambiente,Protocolo_2
Embalaje A,89.63,92.07,39.06,22.62,Normal,Origen A,Ambiente,Protocolo_1
Embalaje A,33.98,96.65,8.17,11.18,Normal,Origen B,Ambiente,Protocolo_1
Embalaje A,62.62,87.4,92.7,15.95,Normal,Origen D,Ambiente,Protocolo_1
Embalaje A,62.47,77.67,53.56,40.13,Normal,Origen B,Ambiente,Protocolo_1
Embalaje C,86.75,53.37,60.95,47.08,Normal,Origen A,Ambiente,Protocolo_1
Embalaje B,91.67,50.81,96.63,56.49,Normal,Origen D,Refrigerado,Protocolo_1
Embalaje A,23.85,69.62,60.92,10.61,Normal,Origen D,Refrigerado,Protocolo_1
Embalaje C,87.78,52.31,76.16,29.72,Normal,Origen C,Ambiente,Protocolo_1
Embalaje C,82.12,61.0,91.54,43.49,Normal,Origen A,Refrigerado,Protocolo_1
Embalaje C,15.64,79.08,17.0,11.05,Frágil,Origen A,Ambiente,Protocolo_2
Embalaje A,79.39,86.76,19.47,29.47,Normal,Origen B,Ambiente,Protocolo_1
Embalaje B,50.97,44.24,24.78,27.47,Normal,Origen C,Ambiente,Protocolo_1
Embalaje A,47.52,36.75,7.9,37.05,Normal,Origen C,Ambiente,Protocolo_1
Embalaje B,58.58,91.42,43.7,64.47,Frágil,Origen B,Ambiente,Protocolo_2
Embalaje A,36.48,81.47,76.31,60.95,Normal,Origen A,Ambiente,Protocolo_1
Embalaje C,47.18,55.48,93.84,71.61,Normal,Origen C,Ambiente,Protocolo_1
Embalaje C,84.93,64.0,55.15,21.92,Normal,Origen D,Ambiente,Protocolo_1
Embalaje C,96.55,65.22,65.33,98.13,Normal,Origen C,Ambiente,Protocolo_2
Embalaje C,44.36,20.89,83.53,13.11,Normal,Origen D,Ambiente,Protocolo_1
Embalaje C,28.2,11.31,48.2,6.62,Normal,Origen C,Ambiente,Protocolo_1
Embalaje B,81.06,51.92,71.41,15.56,Normal,Origen A,Ambiente,Protocolo_1
Embalaje B,92.38,93.58,66.22,1.77,Frágil,Origen C,Refrigerado,Protocolo_2
Embalaje A,37.07,67.85,76.93,37.04,Normal,Origen C,Ambiente,Protocolo_1
Embalaje C,86.95,25.38,74.88,29.88,Frágil,Origen D,Ambiente,Protocolo_2
Embalaje B,85.34,27.33,61.95,3.35,Normal,Origen B,Refrigerado,Protocolo_1
Embalaje A,6.13,33.61,94.46,34.24,Normal,Origen A,Ambiente,Protocolo_1
Embalaje C,49.84,42.11,30.04,69.65,Frágil,Origen C,Ambiente,Protocolo_2
Embalaje A,24.88,79.35,13.43,6.83,Frágil,Origen B,Ambiente,Protocolo_2
Embalaje C,66.4,36.77,21.03,63.57,Normal,Origen A,Ambiente,Protocolo_1
Embalaje C,36.34,69.97,33.62,41.12,Normal,Origen D,Ambiente,Protocolo_1
Embalaje B,54.88,88.68,18.26,6.78,Frágil,Origen A,Refrigerado,Protocolo_2
Embalaje A,13.12,34.0,29.62,20.82,Normal,Origen B,Ambiente,Protocolo_1
Embalaje A,52.47,97.27,86.36,40.66,Normal,Origen C,Ambiente,Protocolo_1
Embalaje A,98.89,99.86,38.71,77.25,Normal,Origen A,Ambiente,Protocolo_1
Embalaje B,25.49,78.2,67.72,51.5,Frágil,Origen B,Ambiente,Protocolo_2
Embalaje C,15.3,95.57,15.78,14.74,Normal,Origen D,Ambiente,Protocolo_1
Embalaje A,94.76,40.02,79.93,25.27,Normal,Origen B,Ambiente,Protocolo_1
Embalaje C,17.36,71.09,14.3,44.29,Normal,Origen D,Ambiente,Protocolo_1
Embalaje A,29.48,82.15,48.33,45.83,Normal,Origen A,Ambiente,Protocolo_1
Embalaje C,48.15,99.82,71.1,15.65,Normal,Origen D,Ambiente,Protocolo_1
Embalaje B,91.54,76.69,52.25,8.83,Frágil,Origen C,Ambiente,Protocolo_2
Embalaje B,31.74,23.2,48.57,89.15,Normal,Origen D,Refrigerado,Protocolo_2
Embalaje A,75.77,51.01,97.66,56.17,Normal,Origen A,Refrigerado,Protocolo_1
Embalaje B,71.75,5.09,11.9,23.73,Frágil,Origen B,Ambiente,Protocolo_2
Embalaje A,12.07,97.82,15.44,15.72,Normal,Origen D,Ambiente,Protocolo_1
Embalaje C,60.36,45.47,39.19,81.35,Normal,Origen A,Ambiente,Protocolo_2
Embalaje A,60.78,30.07,13.94,42.75,Normal,Origen D,Ambiente,Protocolo_1
Embalaje B,80.04,29.63,12.81,79.7,Normal,Origen A,Ambiente,Protocolo_1
Embalaje B,62.52,77.61,47.57,6.85,Normal,Origen C,Ambiente,Protocolo_1
Embalaje C,65.33,50.01,27.25,2.1,Frágil,Origen A,Ambiente,Protocolo_2
Embalaje A,75.3,40.99,49.8,22.65,Normal,Origen C,Ambiente,Protocolo_1
Embalaje B,61.0,78.31,95.5,8.17,Normal,Origen A,Refrigerado,Protocolo_1
Embalaje B,13.99,52.07,20.05,13.95,Frágil,Origen C,Refrigerado,Protocolo_2
Embalaje A,23.46,47.25,99.24,74.68,Frágil,Origen B,Ambiente,Protocolo_2
Embalaje B,24.88,86.01,95.75,70.97,Frágil,Origen B,Ambiente,Protocolo_2
Embalaje A,83.32,51.63,44.18,87.53,Normal,Origen C,Ambiente,Protocolo_2
Embalaje C,59.49,96.79,37.49,62.26,Normal,Origen C,Ambiente,Protocolo_1
Embalaje C,32.62,8.41,23.02,85.44,Normal,Origen A,Ambiente,Protocolo_2
Embalaje B,30.79,14.62,28.48,70.42,Normal,Origen A,Ambiente,Protocolo_1
Embalaje A,44.33,92.54,35.41,32.05,Normal,Origen D,Ambiente,Protocolo_1
Embalaje A,16.79,68.78,65.17,91.16,Frágil,Origen C,Refrigerado,Protocolo_2
Embalaje B,92.51,49.56,62.33,98.06,Normal,Origen C,Ambiente,Protocolo_2
Embalaje C,28.74,8.44,84.7,82.71,Normal,Origen D,Ambiente,Protocolo_2
Embalaje A,18.31,19.04,34.19,3.63,Frágil,Origen B,Ambiente,Protocolo_2
Embalaje A,36.15,54.39,75.02,44.48,Normal,Origen A,Ambiente,Protocolo_1
Embalaje A,63.26,27.86,34.68,17.22,Frágil,Origen A,Ambiente,Protocolo_2
Embalaje B,91.14,42.67,52.05,65.37,Normal,Origen A,Ambiente,Protocolo_1
Embalaje A,8.19,11.21,82.1,6.01,Frágil,Origen A,Ambiente,Protocolo_2
Embalaje C,13.35,87.29,20.04,33.08,Normal,Origen B,Ambiente,Protocolo_1
Embalaje B,37.89,26.84,85.99,95.74,Normal,Origen D,Ambiente,Protocolo_2
Embalaje A,36.69,43.0,87.22,85.88,Frágil,Origen A,Ambiente,Protocolo_2
Embalaje B,75.68,20.61,34.55,44.2,Frágil,Origen B,Ambiente,Protocolo_2
Embalaje A,57.96,51.49,64.9,8.38,Frágil,Origen B,Ambiente,Protocolo_2
Embalaje C,62.08,76.33,15.19,90.16,Normal,Origen B,Ambiente,Protocolo_2
Embalaje B,98.7,43.5,78.08,62.43,Normal,Origen C,Ambiente,Protocolo_1
Embalaje B,49.69,59.5,30.41,81.52,Frágil,Origen D,Ambiente,Protocolo_2
Embalaje C,21.86,53.22,42.59,22.42,Normal,Origen A,Ambiente,Protocolo_1
Embalaje A,79.33,26.91,8.13,48.54,Frágil,Origen D,Ambiente,Protocolo_2
Embalaje B,61.41,28.61,42.89,53.1,Normal,Origen D,Ambiente,Protocolo_1
Embalaje A,97.81,88.89,23.29,72.39,Normal,Origen B,Ambiente,Protocolo_1
Embalaje A,85.2,10.64,51.86,74.66,Normal,Origen B,Ambiente,Protocolo_1
Embalaje C,40.27,59.8,25.24,34.16,Normal,Origen B,Ambiente,Protocolo_1
Embalaje A,11.64,21.62,86.39,36.92,Normal,Origen C,Ambiente,Protocolo_1
Embalaje A,6.43,8.12,30.91,5.01,Normal,Origen C,Ambiente,Protocolo_1
Embalaje A,49.04,5.15,10.93,31.15,Normal,Origen C,Ambiente,Protocolo_1
Embalaje A,23.76,9.0,56.82,1.25,Normal,Origen B,Ambiente,Protocolo_1
Embalaje B,20.59,12.46,51.87,50.54,Normal,Origen C,Ambiente,Protocolo_1
Embalaje A,90.71,49.7,88.57,63.68,Normal,Origen A,Ambiente,Protocolo_1
Embalaje B,9.34,66.61,88.76,15.82,Normal,Origen A,Ambiente,Protocolo_1
Embalaje C,31.99,23.49,30.11,19.72,Frágil,Origen A,Ambiente,Protocolo_2
Embalaje C,68.27,94.79,76.99,87.83,Frágil,Origen D,Ambiente,Protocolo_2
Embalaje C,80.35,21.61,15.38,15.02,Frágil,Origen C,Ambiente,Protocolo_2
Embalaje C,88.4,73.25,63.5,18.07,Normal,Origen B,Ambiente,Protocolo_1
Embalaje C,65.14,64.59,58.24,52.2,Normal,Origen C,Refrigerado,Protocolo_1
Embalaje C,40.74,81.02,82.86,41.84,Frágil,Origen A,Ambiente,Protocolo_2
Embalaje C,53.15,10.99,35.5,38.16,Normal,Origen D,Ambiente,Protocolo_1
Embalaje A,17.25,11.35,58.7,26.78,Normal,Origen D,Ambiente,Protocolo_1
Embalaje B,66.1,63.38,27.94,44.29,Normal,Origen A,Ambiente,Protocolo_1
Embalaje A,9.84,81.38,59.98,88.3,Normal,Origen D,Refrigerado,Protocolo_2
Embalaje A,49.44,88.88,14.65,10.96,Normal,Origen A,Ambiente,Protocolo_1
Embalaje B,86.03,30.14,85.86,34.77,Normal,Origen C,Ambiente,Protocolo_1
Embalaje C,43.49,61.92,49.14,35.17,Normal,Origen A,Ambiente,Protocolo_1
Embalaje C,12.3,20.92,69.87,12.11,Normal,Origen D,Ambiente,Protocolo_1
Embalaje B,58.65,82.92,77.22,53.57,Normal,Origen D,Ambiente,Protocolo_1
Embalaje B,44.74,5.5,69.56,64.25,Frágil,Origen B,Ambiente,Protocolo_2
Embalaje A,93.55,81.87,56.76,48.76,Normal,Origen C,Ambiente,Protocolo_1
Embalaje A,17.05,25.92,83.58,25.02,Normal,Origen B,Ambiente,Protocolo_1
Embalaje C,28.78,96.55,49.53,19.69,Frágil,Origen C,Ambiente,Protocolo_2
Embalaje A,21.63,97.94,14.68,28.97,Frágil,Origen A,Ambiente,Protocolo_2
Embalaje B,16.61,29.91,44.54,5.9,Normal,Origen A,Ambiente,Protocolo_1
Embalaje B,15.74,96.64,37.45,92.82,Normal,Origen C,Ambiente,Protocolo_2
Embalaje B,94.78,30.85,54.44,37.97,Normal,Origen B,Ambiente,Protocolo_1
Embalaje C,42.66,31.22,55.73,60.15,Normal,Origen B,Ambiente,Protocolo_1
Embalaje A,51.35,57.71,70.74,44.56,Normal,Origen A,Ambiente,Protocolo_1
Embalaje A,98.22,93.95,60.69,86.17,Frágil,Origen A,Refrigerado,Protocolo_2
Embalaje C,24.5,71.39,60.8,96.74,Frágil,Origen D,Ambiente,Protocolo_2
Embalaje B,50.34,60.15,79.99,24.63,Frágil,Origen B,Ambiente,Protocolo_2
Embalaje A,90.5,21.47,91.51,32.34,Normal,Origen D,Ambiente,Protocolo_1
Embalaje A,41.18,22.96,55.91,4.86,Normal,Origen A,Ambiente,Protocolo_1
Embalaje B,54.67,36.75,41.78,97.79,Normal,Origen B,Ambiente,Protocolo_2
Embalaje B,59.42,46.5,24.72,2.56,Normal,Origen C,Refrigerado,Protocolo_1
Embalaje A,83.12,37.65,16.97,73.22,Frágil,Origen D,Ambiente,Protocolo_2
Embalaje B,8.22,87.86,80.94,8.93,Normal,Origen D,Ambiente,Protocolo_1
Embalaje C,21.85,75.18,87.86,63.01,Normal,Origen D,Ambiente,Protocolo_1
Embalaje B,89.11,94.67,25.38,19.12,Normal,Origen D,Ambiente,Protocolo_1
Embalaje C,66.64,98.53,90.58,43.05,Frágil,Origen C,Ambiente,Protocolo_2
Embalaje A,55.53,31.08,84.88,9.91,Normal,Origen B,Ambiente,Protocolo_1
Embalaje C,53.63,92.22,56.27,23.15,Normal,Origen A,Ambiente,Protocolo_1
Embalaje A,91.87,20.73,22.38,76.44,Normal,Origen C,Ambiente,Protocolo_1
Embalaje C,27.44,89.34,88.09,67.8,Normal,Origen B,Ambiente,Protocolo_1
Embalaje A,13.59,54.76,94.66,79.14,Normal,Origen C,Ambiente,Protocolo_1
Embalaje B,74.36,91.73,5.08,71.23,Frágil,Origen A,Ambiente,Protocolo_2
Embalaje C,44.07,86.63,92.33,29.81,Frágil,Origen B,Ambiente,Protocolo_2
Embalaje B,10.14,87.27,61.25,18.96,Frágil,Origen D,Ambiente,Protocolo_2
Embalaje C,77.14,77.65,43.5,51.93,Normal,Origen B,Ambiente,Protocolo_1
Embalaje C,29.25,28.31,42.0,3.88,Normal,Origen A,Ambiente,Protocolo_1
Embalaje A,88.13,74.27,45.13,55.11,Normal,Origen C,Ambiente,Protocolo_1
Embalaje A,55.93,51.14,97.66,66.48,Frágil,Origen B,Ambiente,Protocolo_2
Embalaje B,48.58,48.69,62.7,85.26,Normal,Origen C,Ambiente,Protocolo_2
Embalaje C,77.73,86.92,31.43,6.53,Normal,Origen B,Refrigerado,Protocolo_1
Embalaje B,15.31,94.37,63.39,40.51,Normal,Origen D,Refrigerado,Protocolo_1
Embalaje B,97.68,25.93,13.26,53.21,Frágil,Origen C,Ambiente,Protocolo_2
Embalaje B,43.34,68.95,18.97,7.79,Normal,Origen C,Ambiente,Protocolo_1
Embalaje B,48.84,59.83,8.77,99.2,Normal,Origen A,Ambiente,Protocolo_2
Embalaje A,97.75,37.58,55.09,29.68,Normal,Origen D,Ambiente,Protocolo_1
Embalaje C,77.63,64.53,10.31,47.36,Frágil,Origen B,Ambiente,Protocolo_2
Embalaje A,40.46,74.37,12.54,7.45,Normal,Origen B,Ambiente,Protocolo_1
Embalaje A,77.06,17.21,35.54,25.18,Frágil,Origen D,Refrigerado,Protocolo_2
Embalaje C,58.69,63.68,14.83,13.54,Normal,Origen A,Ambiente,Protocolo_1
Embalaje C,65.75,85.84,12.06,83.52,Normal,Origen D,Ambiente,Protocolo_2
Embalaje A,15.54,64.05,82.99,97.72,Frágil,Origen C,Ambiente,Protocolo_2
Embalaje A,54.13,26.28,88.15,21.94,Normal,Origen B,Ambiente,Protocolo_1
Embalaje B,48.53,97.5,82.36,68.95,Frágil,Origen C,Ambiente,Protocolo_2
Embalaje A,57.33,56.87,77.44,12.79,Frágil,Origen A,Ambiente,Protocolo_2
Embalaje C,39.35,67.55,91.35,35.81,Normal,Origen D,Ambiente,Protocolo_1
Embalaje B,34.0,82.26,96.59,5.66,Normal,Origen A,Ambiente,Protocolo_1
Embalaje C,8.33,99.12,96.52,51.62,Frágil,Origen A,Ambiente,Protocolo_2
Embalaje A,69.05,62.04,71.35,23.33,Normal,Origen A,Ambiente,Protocolo_1
Embalaje B,72.97,80.65,9.1,24.4,Normal,Origen D,Ambiente,Protocolo_1
Embalaje A,12.07,71.32,90.74,37.56,Normal,Origen C,Refrigerado,Protocolo_1
Embalaje C,63.28,60.09,81.81,18.21,Frágil,Origen D,Ambiente,Protocolo_2
Embalaje B,87.5,9.38,14.18,33.62,Normal,Origen B,Ambiente,Protocolo_1
Embalaje C,47.64,94.08,96.49,42.07,Normal,Origen D,Ambiente,Protocolo_1
Embalaje B,70.77,31.39,26.92,70.6,Normal,Origen A,Ambiente,Protocolo_1
Embalaje A,58.05,71.96,48.99,63.51,Normal,Origen D,Ambiente,Protocolo_1
Embalaje C,47.88,33.77,57.37,38.37,Normal,Origen D,Ambiente,Protocolo_1
Embalaje A,8.08,23.83,54.68,70.92,Normal,Origen A,Ambiente,Protocolo_1
Embalaje C,87.69,22.99,9.52,25.27,Frágil,Origen C,Ambiente,Protocolo_2
Embalaje B,24.16,51.34,84.66,61.96,Normal,Origen B,Ambiente,Protocolo_1
Embalaje A,88.8,42.77,38.74,36.63,Normal,Origen C,Ambiente,Protocolo_1
Embalaje B,21.46,10.47,21.37,59.13,Frágil,Origen B,Ambiente,Protocolo_2
Embalaje B,68.92,45.27,31.62,27.16,Normal,Origen D,Ambiente,Protocolo_1
Embalaje B,80.38,74.84,39.72,27.28,Normal,Origen D,Ambiente,Protocolo_1
Embalaje B,74.4,17.09,33.81,90.51,Normal,Origen D,Ambiente,Protocolo_2
Embalaje A,68.42,25.66,18.8,1.54,Normal,Origen C,Refrigerado,Protocolo_1
Embalaje B,61.32,98.14,9.83,42.47,Frágil,Origen D,Ambiente,Protocolo_2
Embalaje A,97.55,10.68,70.01,74.65,Normal,Origen C,Ambiente,Protocolo_1
Embalaje A,73.61,16.03,34.12,81.93,Normal,Origen A,Ambiente,Protocolo_2
Embalaje A,18.12,12.38,24.4,87.6,Normal,Origen C,Ambiente,Protocolo_2
Embalaje A,25.62,79.4,23.57,28.7,Frágil,Origen C,Ambiente,Protocolo_2
Embalaje B,74.89,96.11,25.59,64.48,Normal,Origen B,Ambiente,Protocolo_1
Embalaje B,81.16,25.96,51.45,76.53,Normal,Origen C,Ambiente,Protocolo_1
Embalaje C,56.02,87.12,70.46,94.2,Frágil,Origen C,Ambiente,Protocolo_2
Embalaje C,21.86,66.8,15.07,3.59,Normal,Origen B,Ambiente,Protocolo_1
Embalaje C,65.04,57.03,9.15,35.66,Normal,Origen A,Refrigerado,Protocolo_1
Embalaje B,45.45,63.77,86.24,31.16,Frágil,Origen C,Refrigerado,Protocolo_2
Embalaje C,49.77,12.28,73.3,88.81,Normal,Origen A,Ambiente,Protocolo_2
Embalaje A,73.72,22.25,51.0,54.74,Normal,Origen B,Ambiente,Protocolo_1
Embalaje A,79.52,58.63,21.52,14.8,Normal,Origen B,Ambiente,Protocolo_1
Embalaje A,21.82,15.36,62.12,49.77,Normal,Origen B,Ambiente,Protocolo_1
Embalaje B,75.77,55.47,21.03,85.13,Normal,Origen C,Ambiente,Protocolo_2
Embalaje A,63.57,98.16,22.63,71.01,Frágil,Origen B,Ambiente,Protocolo_2
Embalaje B,19.44,30.73,78.62,86.58,Frágil,Origen D,Ambiente,Protocolo_2
Embalaje C,82.41,67.95,64.83,7.54,Normal,Origen B,Ambiente,Protocolo_1
Embalaje B,87.19,28.02,52.37,24.14,Frágil,Origen B,Ambiente,Protocolo_2
Embalaje C,85.16,56.62,45.8,88.58,Normal,Origen A,Ambiente,Protocolo_2
Embalaje B,28.44,6.92,90.93,93.36,Normal,Origen D,Ambiente,Protocolo_2
Embalaje C,96.91,68.37,44.98,53.12,Frágil,Origen A,Ambiente,Protocolo_2
Embalaje A,39.5,80.2,93.02,24.72,Frágil,Origen B,Refrigerado,Protocolo_2
Embalaje B,60.19,57.92,25.11,90.82,Normal,Origen D,Ambiente,Protocolo_2
Embalaje C,79.1,82.23,94.75,33.01,Frágil,Origen C,Ambiente,Protocolo_2
Embalaje A,23.7,87.22,42.04,17.07,Normal,Origen D,Ambiente,Protocolo_1
Embalaje A,71.7,36.26,43.82,10.6,Normal,Origen A,Ambiente,Protocolo_1
Embalaje C,32.46,21.88,95.17,64.71,Normal,Origen C,Ambiente,Protocolo_1
Embalaje C,58.81,26.01,46.1,65.66,Normal,Origen B,Ambiente,Protocolo_1
Embalaje B,31.69,99.29,79.75,49.4,Normal,Origen C,Ambiente,Protocolo_1
Embalaje C,52.09,81.26,13.62,66.04,Normal,Origen D,Ambiente,Protocolo_1
Embalaje B,96.99,82.74,62.3,96.68,Normal,Origen C,Ambiente,Protocolo_2
Embalaje C,18.11,52.63,86.88,44.13,Normal,Origen D,Ambiente,Protocolo_1
Embalaje B,25.45,15.8,93.94,39.29,Normal,Origen B,Ambiente,Protocolo_1
Embalaje B,78.94,34.23,84.86,94.04,Normal,Origen C,Ambiente,Protocolo_2
Embalaje C,27.06,52.08,99.0,80.02,Normal,Origen C,Ambiente,Protocolo_2
Embalaje A,92.2,39.34,6.82,24.12,Frágil,Origen B,Ambiente,Protocolo_2
Embalaje B,95.29,84.84,9.42,56.32,Normal,Origen D,Ambiente,Protocolo_1
Embalaje B,75.13,18.76,78.15,17.81,Normal,Origen C,Ambiente,Protocolo_1
Embalaje A,53.69,15.93,86.51,74.99,Normal,Origen D,Ambiente,Protocolo_1
Embalaje A,56.09,86.1,11.98,73.18,Frágil,Origen C,Ambiente,Protocolo_2
Embalaje A,58.36,31.15,14.6,26.52,Normal,Origen C,Ambiente,Protocolo_1
Embalaje B,71.82,45.82,75.51,36.83,Normal,Origen B,Ambiente,Protocolo_1
Embalaje B,18.54,32.28,68.91,63.44,Frágil,Origen D,Ambiente,Protocolo_2
Embalaje C,20.17,65.99,13.01,17.71,Normal,Origen A,Ambiente,Protocolo_1
Embalaje B,8.32,92.42,41.67,20.23,Normal,Origen C,Ambiente,Protocolo_1
Embalaje B,99.17,28.73,13.26,89.44,Normal,Origen B,Ambiente,Protocolo_2
Embalaje C,41.87,99.85,30.36,56.39,Normal,Origen D,Ambiente,Protocolo_1
Embalaje A,90.74,18.84,16.23,61.87,Normal,Origen B,Ambiente,Protocolo_1
Embalaje C,41.1,66.61,89.41,21.83,Frágil,Origen A,Ambiente,Protocolo_2
Embalaje A,33.48,23.53,12.57,42.83,Frágil,Origen A,Ambiente,Protocolo_2
Embalaje B,67.63,57.02,75.71,18.12,Frágil,Origen C,Ambiente,Protocolo_2
Embalaje A,28.4,17.45,83.18,28.67,Normal,Origen C,Ambiente,Protocolo_1
Embalaje C,68.45,90.21,84.59,40.12,Normal,Origen B,Ambiente,Protocolo_1
Embalaje A,51.65,80.19,17.11,20.45,Normal,Origen B,Ambiente,Protocolo_1
Embalaje B,24.11,98.06,53.32,52.85,Frágil,Origen D,Ambiente,Protocolo_2
Embalaje B,11.23,45.39,80.08,41.08,Normal,Origen B,Ambiente,Protocolo_1
Embalaje A,92.73,84.05,24.82,90.52,Normal,Origen C,Refrigerado,Protocolo_2
Embalaje A,55.94,72.47,41.92,73.72,Normal,Origen B,Refrigerado,Protocolo_1
Embalaje C,24.45,18.75,54.28,17.9,Normal,Origen A,Ambiente,Protocolo_1
Embalaje C,58.2,71.54,81.95,15.91,Frágil,Origen A,Ambiente,Protocolo_2
Embalaje B,20.3,57.0,70.01,60.67,Normal,Origen B,Ambiente,Protocolo_1
Embalaje C,61.01,16.92,96.71,7.67,Frágil,Origen B,Ambiente,Protocolo_2
Embalaje A,73.7,85.03,6.21,69.67,Normal,Origen B,Ambiente,Protocolo_1
Embalaje A,36.94,57.79,10.2,65.85,Normal,Origen B,Ambiente,Protocolo_1
Embalaje C,11.87,24.31,16.87,44.08,Frágil,Origen B,Ambiente,Protocolo_2
Embalaje A,31.86,35.37,98.89,75.17,Frágil,Origen D,Refrigerado,Protocolo_2
Embalaje A,44.29,95.3,31.77,57.09,Normal,Origen D,Ambiente,Protocolo_1
Embalaje C,36.75,7.05,58.13,81.86,Normal,Origen D,Refrigerado,Protocolo_2
Embalaje C,78.04,63.86,92.64,5.04,Normal,Origen C,Refrigerado,Protocolo_1
Embalaje A,81.24,99.65,64.12,2.09,Normal,Origen D,Ambiente,Protocolo_1
Embalaje B,82.26,98.58,64.65,69.18,Normal,Origen D,Ambiente,Protocolo_1
Embalaje A,86.7,32.5,65.25,68.03,Normal,Origen B,Ambiente,Protocolo_1
Embalaje B,85.53,82.47,96.91,70.83,Normal,Origen C,Ambiente,Protocolo_1
Embalaje A,70.0,51.88,17.28,86.04,Normal,Origen D,Ambiente,Protocolo_2
Embalaje B,58.64,39.06,37.18,67.44,Normal,Origen A,Ambiente,Protocolo_1
Embalaje A,54.9,31.98,96.16,92.81,Normal,Origen C,Ambiente,Protocolo_2
Embalaje A,83.76,78.05,33.75,71.09,Normal,Origen C,Ambiente,Protocolo_1
Embalaje B,49.36,57.05,86.96,2.61,Normal,Origen B,Ambiente,Protocolo_1
Embalaje C,84.21,6.88,49.2,75.48,Normal,Origen A,Ambiente,Protocolo_1
Embalaje A,55.69,61.52,44.92,70.58,Normal,Origen C,Ambiente,Protocolo_1
Embalaje B,37.69,36.97,67.06,28.58,Normal,Origen A,Refrigerado,Protocolo_1
Embalaje A,36.18,78.61,48.99,13.87,Normal,Origen A,Ambiente,Protocolo_1
Embalaje C,26.52,96.4,36.09,33.69,Normal,Origen B,Ambiente,Protocolo_1
Embalaje C,81.98,15.02,15.1,16.76,Normal,Origen D,Ambiente,Protocolo_1
Embalaje A,18.95,59.24,96.73,47.33,Normal,Origen D,Ambiente,Protocolo_1
Embalaje C,56.35,88.31,56.44,65.65,Normal,Origen C,Ambiente,Protocolo_1
Embalaje A,17.62,41.8,75.47,39.01,Normal,Origen C,Ambiente,Protocolo_1
Embalaje C,66.92,23.66,44.21,74.99,Frágil,Origen D,Ambiente,Protocolo_2
Embalaje B,19.56,90.18,24.19,32.01,Normal,Origen A,Ambiente,Protocolo_1
Embalaje B,84.82,54.88,79.94,26.56,Normal,Origen B,Ambiente,Protocolo_1
Embalaje A,81.21,40.8,51.2,93.29,Normal,Origen B,Refrigerado,Protocolo_2
Embalaje C,41.06,52.4,41.59,84.62,Normal,Origen C,Ambiente,Protocolo_2
Embalaje A,46.89,23.79,36.82,31.61,Normal,Origen C,Ambiente,Protocolo_1
Embalaje A,80.27,46.05,74.3,7.0,Normal,Origen B,Ambiente,Protocolo_1
Embalaje B,37.56,94.35,33.3,63.13,Normal,Origen A,Ambiente,Protocolo_1
Embalaje C,62.38,24.08,14.15,58.93,Normal,Origen D,Ambiente,Protocolo_1
Embalaje B,48.52,40.63,13.07,7.83,Normal,Origen C,Ambiente,Protocolo_1
Embalaje A,67.0,85.24,58.08,97.36,Frágil,Origen D,Ambiente,Protocolo_2
Embalaje A,78.71,14.34,86.43,95.29,Frágil,Origen C,Ambiente,Protocolo_2
Embalaje A,63.43,39.71,20.05,36.67,Normal,Origen C,Ambiente,Protocolo_1
Embalaje C,20.97,80.88,90.58,87.54,Normal,Origen C,Ambiente,Protocolo_2
Embalaje A,56.41,69.44,32.91,79.23,Frágil,Origen C,Ambiente,Protocolo_2
Embalaje A,46.07,39.14,26.45,64.17,Normal,Origen B,Ambiente,Protocolo_1
Embalaje C,37.77,83.96,87.41,31.66,Normal,Origen B,Ambiente,Protocolo_1
Embalaje B,40.71,10.95,59.63,10.69,Normal,Origen C,Refrigerado,Protocolo_1
Embalaje A,57.35,28.18,20.63,99.51,Normal,Origen D,Ambiente,Protocolo_2
Embalaje B,42.2,15.14,7.13,5.02,Frágil,Origen A,Refrigerado,Protocolo_2
Embalaje B,31.35,79.52,92.73,29.88,Normal,Origen A,Ambiente,Protocolo_1
Embalaje B,75.95,14.16,21.41,28.59,Normal,Origen C,Ambiente,Protocolo_1
Embalaje B,20.03,92.02,92.4,90.13,Normal,Origen B,Ambiente,Protocolo_2
Embalaje A,99.07,33.12,60.92,56.46,Frágil,Origen A,Ambiente,Protocolo_2
Embalaje B,10.78,30.29,53.0,11.8,Frágil,Origen D,Ambiente,Protocolo_2
Embalaje B,74.96,80.61,42.38,66.14,Normal,Origen C,Ambiente,Protocolo_1
Embalaje B,74.09,5.47,35.37,29.72,Normal,Origen B,Ambiente,Protocolo_1
Embalaje B,96.87,80.63,44.48,67.26,Normal,Origen D,Ambiente,Protocolo_1
Embalaje A,83.13,13.91,11.23,39.1,Normal,Origen C,Ambiente,Protocolo_1
Embalaje B,35.58,26.38,60.09,10.9,Normal,Origen C,Ambiente,Protocolo_1
Embalaje B,61.23,26.89,7.28,91.83,Normal,Origen D,Ambiente,Protocolo_2
Embalaje C,66.19,65.63,51.24,24.72,Normal,Origen B,Ambiente,Protocolo_1
Embalaje C,28.6,38.27,16.77,55.99,Normal,Origen D,Ambiente,Protocolo_1
Embalaje C,45.64,62.97,48.89,20.68,Normal,Origen D,Ambiente,Protocolo_1
Embalaje C,61.01,19.3,9.22,89.25,Normal,Origen B,Ambiente,Protocolo_2
Embalaje A,13.76,75.07,26.57,58.93,Normal,Origen D,Ambiente,Protocolo_1
Embalaje C,88.43,37.75,21.02,48.06,Normal,Origen C,Ambiente,Protocolo_1
Embalaje A,21.49,47.52,35.98,55.43,Normal,Origen C,Ambiente,Protocolo_1
Embalaje A,27.1,84.38,65.87,86.98,Normal,Origen B,Ambiente,Protocolo_2
Embalaje A,75.11,40.15,10.74,69.6,Frágil,Origen D,Ambiente,Protocolo_2
Embalaje B,7.81,52.88,45.6,38.7,Normal,Origen A,Ambiente,Protocolo_1
Embalaje B,66.76,75.76,56.33,2.97,Normal,Origen B,Ambiente,Protocolo_1
Embalaje B,13.46,90.0,98.18,89.86,Frágil,Origen C,Ambiente,Protocolo_2
Embalaje B,27.77,23.09,94.91,68.37,Normal,Origen B,Ambiente,Protocolo_1
Embalaje B,71.64,79.43,60.5,51.19,Normal,Origen D,Ambiente,Protocolo_1
Embalaje C,82.87,82.97,81.32,97.21,Normal,Origen B,Refrigerado,Protocolo_2
Embalaje B,7.47,60.11,30.8,72.65,Normal,Origen D,Refrigerado,Protocolo_1
Embalaje B,96.07,79.92,87.43,14.88,Normal,Origen A,Ambiente,Protocolo_1
Embalaje A,46.21,35.23,20.37,25.52,Frágil,Origen C,Ambiente,Protocolo_2
Embalaje C,56.14,27.63,6.13,96.68,Normal,Origen A,Ambiente,Protocolo_2
Embalaje C,30.94,82.9,85.93,83.99,Normal,Origen D,Ambiente,Protocolo_2
Embalaje B,60.56,41.71,46.88,39.78,Normal,Origen B,Ambiente,Protocolo_1
Embalaje A,51.7,94.95,7.86,45.28,Frágil,Origen C,Ambiente,Protocolo_2
Embalaje C,12.98,51.86,68.67,18.08,Normal,Origen D,Ambiente,Protocolo_1
Embalaje C,15.43,65.19,38.61,19.46,Normal,Origen B,Ambiente,Protocolo_1
Embalaje A,56.04,73.95,52.59,70.91,Normal,Origen A,Ambiente,Protocolo_1
Embalaje A,23.79,13.84,48.2,30.38,Normal,Origen C,Refrigerado,Protocolo_1
Embalaje A,88.26,98.49,69.58,28.27,Normal,Origen C,Ambiente,Protocolo_1
Embalaje B,78.02,27.54,60.96,94.0,Normal,Origen D,Ambiente,Protocolo_2
Embalaje A,88.81,39.68,8.61,97.9,Normal,Origen C,Ambiente,Protocolo_2
Embalaje B,57.91,86.45,99.59,19.38,Frágil,Origen B,Ambiente,Protocolo_2
Embalaje B,55.34,93.95,73.09,88.25,Normal,Origen C,Ambiente,Protocolo_2
Embalaje A,40.72,31.09,91.67,66.76,Normal,Origen B,Ambiente,Protocolo_1
Embalaje A,26.21,19.62,35.68,55.39,Normal,Origen A,Ambiente,Protocolo_1
Embalaje C,77.34,25.63,19.57,51.29,Normal,Origen A,Ambiente,Protocolo_1
Embalaje A,66.78,73.57,69.88,92.97,Frágil,Origen B,Ambiente,Protocolo_2
Embalaje A,50.55,32.33,60.12,33.91,Frágil,Origen B,Ambiente,Protocolo_2
Embalaje A,26.18,26.53,59.78,92.17,Normal,Origen C,Ambiente,Protocolo_2
Embalaje B,77.02,50.2,49.94,81.96,Normal,Origen C,Ambiente,Protocolo_2
Embalaje B,43.27,39.76,80.81,36.82,Normal,Origen A,Ambiente,Protocolo_1
Embalaje C,68.8,16.01,22.13,78.03,Frágil,Origen B,Ambiente,Protocolo_2
Embalaje A,95.21,40.07,18.72,27.03,Normal,Origen C,Ambiente,Protocolo_1
Embalaje B,7.22,70.16,39.15,75.33,Frágil,Origen C,Ambiente,Protocolo_2
Embalaje C,70.53,12.05,18.83,72.25,Normal,Origen D,Ambiente,Protocolo_1
Embalaje A,87.58,49.05,80.86,68.45,Normal,Origen C,Ambiente,Protocolo_1
Embalaje C,25.95,83.46,17.91,76.94,Normal,Origen B,Ambiente,Protocolo_1
Embalaje A,70.0,63.75,81.71,51.47,Frágil,Origen B,Ambiente,Protocolo_2
Embalaje C,78.5,80.19,28.07,53.53,Normal,Origen C,Ambiente,Protocolo_1
Embalaje C,27.67,94.52,62.2,85.11,Normal,Origen C,Ambiente,Protocolo_2
Embalaje B,38.53,52.09,15.45,2.12,Normal,Origen B,Ambiente,Protocolo_1
Embalaje C,36.63,76.44,84.51,42.63,Normal,Origen B,Ambiente,Protocolo_1
Embalaje A,89.18,62.53,80.19,74.57,Frágil,Origen B,Ambiente,Protocolo_2
Embalaje A,14.17,77.68,76.34,77.41,Normal,Origen C,Ambiente,Protocolo_1
Embalaje A,96.1,43.06,26.84,50.94,Normal,Origen A,Ambiente,Protocolo_1
Embalaje C,38.65,22.28,19.74,6.69,Normal,Origen A,Ambiente,Protocolo_1
Embalaje C,13.74,81.86,28.59,97.49,Normal,Origen D,Ambiente,Protocolo_2
Embalaje A,57.3,19.05,93.24,16.34,Frágil,Origen D,Ambiente,Protocolo_2
Embalaje A,37.46,84.49,78.77,90.14,Frágil,Origen D,Ambiente,Protocolo_2
Embalaje C,25.65,56.01,64.76,90.37,Normal,Origen B,Ambiente,Protocolo_2
Embalaje B,70.71,93.73,90.13,88.5,Normal,Origen A,Ambiente,Protocolo_2
Embalaje A,26.21,72.0,53.78,89.65,Normal,Origen C,Ambiente,Protocolo_2
Embalaje A,39.64,50.74,39.17,13.09,Frágil,Origen A,Ambiente,Protocolo_2
Embalaje C,64.65,69.57,97.31,25.09,Normal,Origen C,Ambiente,Protocolo_1
Embalaje B,46.72,43.91,89.34,34.84,Normal,Origen B,Ambiente,Protocolo_1
Embalaje C,17.28,66.49,9.68,68.97,Normal,Origen D,Ambiente,Protocolo_1
Embalaje A,37.71,10.32,9.35,46.46,Normal,Origen C,Ambiente,Protocolo_1
Embalaje C,89.06,69.25,86.98,8.44,Normal,Origen D,Ambiente,Protocolo_1
Embalaje B,41.38,83.19,89.16,81.78,Normal,Origen B,Ambiente,Protocolo_2
Embalaje C,59.9,96.54,26.74,71.07,Normal,Origen A,Ambiente,Protocolo_1
Embalaje B,47.65,61.04,40.35,31.99,Normal,Origen B,Ambiente,Protocolo_1
Embalaje C,83.86,18.91,94.08,78.78,Frágil,Origen D,Ambiente,Protocolo_2
Embalaje C,91.14,90.52,87.44,5.36,Normal,Origen C,Ambiente,Protocolo_1
Embalaje B,89.46,17.39,57.5,7.6,Frágil,Origen B,Ambiente,Protocolo_2
Embalaje A,69.95,83.13,90.03,97.72,Normal,Origen D,Ambiente,Protocolo_2
Embalaje B,98.88,88.08,46.53,81.44,Normal,Origen A,Refrigerado,Protocolo_2
Embalaje C,80.33,96.5,17.72,62.0,Normal,Origen D,Ambiente,Protocolo_1
Embalaje C,74.88,9.18,87.95,92.76,Normal,Origen C,Ambiente,Protocolo_2
Embalaje A,76.67,76.12,98.26,42.48,Normal,Origen C,Ambiente,Protocolo_1
Embalaje A,95.87,50.6,9.38,60.23,Frágil,Origen C,Ambiente,Protocolo_2
Embalaje B,35.03,5.82,51.54,88.22,Normal,Origen D,Ambiente,Protocolo_2
Embalaje C,94.7,27.06,76.42,24.28,Frágil,Origen D,Ambiente,Protocolo_2
Embalaje B,75.98,45.63,53.66,67.32,Normal,Origen A,Ambiente,Protocolo_1
Embalaje C,67.21,26.91,30.83,89.81,Normal,Origen D,Ambiente,Protocolo_2
Embalaje C,20.27,69.32,90.05,59.37,Frágil,Origen D,Ambiente,Protocolo_2
Embalaje C,14.88,74.89,36.17,35.62,Normal,Origen D,Ambiente,Protocolo_1
Embalaje C,17.31,65.65,19.91,38.77,Normal,Origen A,Ambiente,Protocolo_1
Embalaje C,9.82,67.73,88.49,73.05,Frágil,Origen C,Ambiente,Protocolo_2
Embalaje B,75.72,12.58,67.42,38.92,Frágil,Origen A,Refrigerado,Protocolo_2
Embalaje A,7.95,26.78,82.51,62.63,Normal,Origen B,Refrigerado,Protocolo_1
Embalaje B,14.23,7.99,18.76,7.92,Normal,Origen B,Ambiente,Protocolo_1
Embalaje B,5.78,9.99,66.44,90.3,Normal,Origen A,Refrigerado,Protocolo_2
Embalaje C,8.74,76.26,90.77,35.51,Normal,Origen A,Ambiente,Protocolo_1
Embalaje B,76.38,16.07,16.32,45.07,Normal,Origen B,Ambiente,Protocolo_1
Embalaje C,96.95,37.68,53.38,27.75,Normal,Origen B,Ambiente,Protocolo_1
Embalaje B,40.01,5.71,63.79,59.65,Normal,Origen D,Ambiente,Protocolo_1
Embalaje A,24.79,64.22,44.44,37.79,Frágil,Origen B,Ambiente,Protocolo_2
Embalaje C,7.2,15.44,29.02,19.03,Normal,Origen D,Ambiente,Protocolo_1
Embalaje A,90.69,40.66,59.05,28.11,Normal,Origen C,Ambiente,Protocolo_1
Embalaje C,31.06,72.13,32.97,89.66,Frágil,Origen C,Refrigerado,Protocolo_2
Embalaje B,96.92,64.12,44.84,71.23,Normal,Origen D,Ambiente,Protocolo_1
Embalaje A,38.52,90.78,98.87,81.16,Normal,Origen D,Refrigerado,Protocolo_2
Embalaje C,33.25,68.17,27.52,82.0,Normal,Origen B,Ambiente,Protocolo_2
Embalaje B,45.92,96.33,79.35,53.0,Normal,Origen B,Ambiente,Protocolo_1
Embalaje C,58.76,16.2,73.78,33.78,Normal,Origen C,Ambiente,Protocolo_1
Embalaje A,19.95,71.62,15.11,21.37,Normal,Origen A,Ambiente,Protocolo_1
Embalaje A,9.76,6.54,93.49,82.57,Normal,Origen A,Ambiente,Protocolo_2
Embalaje A,14.52,32.1,46.91,52.53,Normal,Origen C,Ambiente,Protocolo_1
Embalaje A,83.4,46.64,83.77,56.56,Normal,Origen B,Ambiente,Protocolo_1
Embalaje A,58.93,76.18,15.98,80.32,Normal,Origen B,Ambiente,Protocolo_2
Embalaje B,60.49,84.51,75.45,21.35,Frágil,Origen A,Ambiente,Protocolo_2
Embalaje A,98.17,62.25,89.2,49.65,Normal,Origen C,Ambiente,Protocolo_1
Embalaje C,87.12,29.65,44.04,33.03,Normal,Origen A,Ambiente,Protocolo_1
Embalaje A,5.04,53.72,8.72,2.43,Frágil,Origen B,Refrigerado,Protocolo_2
Embalaje A,91.44,34.34,30.55,88.24,Normal,Origen C,Ambiente,Protocolo_2
Embalaje B,59.63,30.02,15.73,41.19,Frágil,Origen D,Ambiente,Protocolo_2
Embalaje C,15.15,69.77,76.04,74.45,Frágil,Origen C,Ambiente,Protocolo_2
Embalaje C,63.76,50.88,65.06,23.57,Frágil,Origen C,Ambiente,Protocolo_2
Embalaje A,61.58,19.62,98.0,59.53,Frágil,Origen B,Ambiente,Protocolo_2
Embalaje A,18.31,45.59,19.28,17.88,Normal,Origen C,Ambiente,Protocolo_1
Embalaje C,56.08,60.33,6.67,48.85,Normal,Origen A,Ambiente,Protocolo_1
Embalaje A,36.7,99.96,47.97,76.62,Normal,Origen A,Ambiente,Protocolo_1
Embalaje A,32.16,38.42,10.51,74.31,Normal,Origen A,Ambiente,Protocolo_1
Embalaje A,17.25,12.58,96.15,24.88,Normal,Origen A,Ambiente,Protocolo_1
Embalaje C,99.67,13.11,75.05,12.21,Frágil,Origen C,Ambiente,Protocolo_2
Embalaje A,25.86,13.36,50.59,66.36,Normal,Origen C,Ambiente,Protocolo_1
Embalaje B,5.43,15.64,70.73,12.59,Normal,Origen A,Ambiente,Protocolo_1
Embalaje A,30.48,48.53,52.61,61.94,Normal,Origen D,Ambiente,Protocolo_1
Embalaje B,91.95,74.73,92.41,17.79,Frágil,Origen D,Refrigerado,Protocolo_2
Embalaje A,51.79,6.14,49.18,5.1,Frágil,Origen C,Ambiente,Protocolo_2
Embalaje C,34.74,87.56,39.36,84.6,Normal,Origen C,Ambiente,Protocolo_2
Embalaje A,51.71,21.16,74.16,70.48,Normal,Origen C,Ambiente,Protocolo_1
Embalaje B,14.25,55.35,11.66,13.01,Normal,Origen C,Ambiente,Protocolo_1
Embalaje B,54.59,59.14,31.34,24.22,Normal,Origen D,Ambiente,Protocolo_1
Embalaje C,55.24,58.39,39.03,12.85,Frágil,Origen D,Ambiente,Protocolo_2
Embalaje A,25.47,13.81,92.56,81.01,Normal,Origen B,Ambiente,Protocolo_2
Embalaje A,17.12,75.78,45.52,18.93,Frágil,Origen C,Ambiente,Protocolo_2
Embalaje C,32.0,30.42,22.23,67.8,Normal,Origen D,Ambiente,Protocolo_1
Embalaje B,45.8,8.4,38.1,35.37,Normal,Origen A,Ambiente,Protocolo_1
Embalaje C,13.89,77.49,35.28,24.78,Normal,Origen D,Ambiente,Protocolo_1
Embalaje C,5.22,99.52,74.27,86.92,Normal,Origen C,Ambiente,Protocolo_2
Embalaje C,25.34,55.6,42.71,37.07,Normal,Origen D,Ambiente,Protocolo_1
Embalaje A,42.33,7.26,29.04,24.69,Normal,Origen A,Ambiente,Protocolo_1
Embalaje C,45.26,65.37,97.34,24.06,Normal,Origen B,Refrigerado,Protocolo_1
Embalaje C,56.24,18.25,13.47,87.91,Normal,Origen B,Ambiente,Protocolo_2
Embalaje C,37.65,65.26,26.25,5.5,Frágil,Origen A,Ambiente,Protocolo_2
Embalaje B,52.13,50.97,11.67,20.63,Normal,Origen C,Ambiente,Protocolo_1
Embalaje B,62.96,97.08,63.61,86.43,Normal,Origen C,Ambiente,Protocolo_2
Embalaje C,25.41,89.64,86.95,26.06,Normal,Origen C,Refrigerado,Protocolo_1
Embalaje C,10.39,46.91,60.12,71.68,Normal,Origen D,Ambiente,Protocolo_1
Embalaje A,91.01,67.9,47.32,31.57,Normal,Origen D,Ambiente,Protocolo_1
Embalaje A,29.59,46.47,71.78,54.75,Normal,Origen B,Ambiente,Protocolo_1
Embalaje C,96.0,80.06,5.91,8.52,Normal,Origen C,Ambiente,Protocolo_1
Embalaje A,98.7,50.33,47.22,3.08,Normal,Origen C,Ambiente,Protocolo_1
Embalaje C,87.35,99.88,97.61,5.88,Frágil,Origen B,Ambiente,Protocolo_2
Embalaje A,51.13,76.42,62.04,46.31,Normal,Origen B,Ambiente,Protocolo_1
Embalaje C,82.17,25.04,7.58,24.82,Normal,Origen A,Ambiente,Protocolo_1
Embalaje B,95.3,47.42,69.63,60.31,Normal,Origen C,Ambiente,Protocolo_1
Embalaje A,61.13,57.79,51.0,27.27,Normal,Origen A,Ambiente,Protocolo_1
Embalaje C,44.07,67.02,8.37,4.17,Normal,Origen D,Ambiente,Protocolo_1
Embalaje C,58.93,45.47,70.5,90.27,Normal,Origen B,Ambiente,Protocolo_2
Embalaje A,71.23,38.89,51.18,91.17,Frágil,Origen C,Ambiente,Protocolo_2
Embalaje B,82.8,23.29,20.64,72.64,Normal,Origen A,Ambiente,Protocolo_1
Embalaje A,96.67,16.7,60.73,17.57,Normal,Origen C,Ambiente,Protocolo_1
Embalaje C,29.31,64.51,24.56,4.82,Frágil,Origen D,Ambiente,Protocolo_2
Embalaje B,98.58,25.68,79.92,26.62,Normal,Origen A,Ambiente,Protocolo_1
Embalaje C,61.12,82.78,6.91,22.23,Frágil,Origen C,Ambiente,Protocolo_2
Embalaje C,33.71,28.78,45.82,74.82,Normal,Origen B,Ambiente,Protocolo_1
Embalaje B,30.6,73.68,9.07,67.93,Normal,Origen D,Refrigerado,Protocolo_1
Embalaje C,63.56,9.2,50.28,97.51,Frágil,Origen A,Ambiente,Protocolo_2
Embalaje A,14.83,39.33,14.23,77.33,Normal,Origen C,Refrigerado,Protocolo_1
Embalaje C,78.8,80.24,69.79,30.98,Normal,Origen B,Ambiente,Protocolo_1
Embalaje C,5.4,97.67,47.44,36.41,Normal,Origen C,Ambiente,Protocolo_1
Embalaje C,58.68,24.67,47.0,72.92,Frágil,Origen B,Ambiente,Protocolo_2
Embalaje A,81.74,22.94,18.29,18.25,Frágil,Origen A,Ambiente,Protocolo_2
Embalaje B,72.36,94.07,93.51,94.19,Normal,Origen D,Ambiente,Protocolo_2
Embalaje B,56.58,22.58,93.04,57.96,Frágil,Origen A,Ambiente,Protocolo_2
Embalaje C,44.66,63.75,73.36,47.93,Normal,Origen C,Ambiente,Protocolo_1
Embalaje A,10.37,83.89,50.31,93.53,Frágil,Origen A,Refrigerado,Protocolo_2
Embalaje B,77.25,94.68,14.87,23.76,Normal,Origen B,Ambiente,Protocolo_1
Embalaje A,75.18,58.2,90.05,72.32,Frágil,Origen A,Ambiente,Protocolo_2
Embalaje A,75.75,30.39,36.25,5.04,Normal,Origen B,Ambiente,Protocolo_1
Embalaje A,24.17,65.43,25.18,25.69,Normal,Origen C,Ambiente,Protocolo_1
Embalaje A,95.69,35.53,86.84,28.43,Normal,Origen A,Ambiente,Protocolo_1
Embalaje B,23.33,48.56,81.99,24.44,Frágil,Origen A,Ambiente,Protocolo_2
Embalaje A,44.41,32.43,71.26,80.32,Frágil,Origen B,Ambiente,Protocolo_2
Embalaje C,33.8,56.91,64.7,44.69,Frágil,Origen D,Ambiente,Protocolo_2
Embalaje C,71.28,97.67,12.48,19.76,Normal,Origen A,Ambiente,Protocolo_1
Embalaje C,42.65,75.68,60.62,57.19,Frágil,Origen C,Refrigerado,Protocolo_2
Embalaje A,89.49,71.71,7.52,20.32,Normal,Origen C,Ambiente,Protocolo_1
Embalaje C,72.95,6.75,57.88,56.2,Normal,Origen A,Refrigerado,Protocolo_1
Embalaje B,51.83,45.15,17.95,53.91,Normal,Origen A,Ambiente,Protocolo_1
Embalaje B,33.95,39.28,88.98,76.04,Frágil,Origen D,Ambiente,Protocolo_2
Embalaje C,59.68,88.68,48.5,23.64,Normal,Origen A,Ambiente,Protocolo_1
Embalaje A,60.48,45.52,40.4,61.6,Frágil,Origen A,Ambiente,Protocolo_2
Embalaje B,70.72,64.16,83.0,53.77,Normal,Origen B,Ambiente,Protocolo_1
Embalaje A,61.16,86.91,29.12,22.04,Frágil,Origen B,Ambiente,Protocolo_2
Embalaje A,60.23,55.04,86.31,2.96,Normal,Origen A,Ambiente,Protocolo_1
Embalaje C,57.07,77.11,50.53,2.98,Normal,Origen C,Refrigerado,Protocolo_1
Embalaje B,41.93,56.68,52.31,29.64,Normal,Origen C,Ambiente,Protocolo_1
Embalaje A,17.13,89.92,64.66,76.38,Normal,Origen B,Ambiente,Protocolo_1
Embalaje C,81.13,43.92,36.8,82.38,Normal,Origen D,Ambiente,Protocolo_2
Embalaje B,28.1,76.1,55.07,64.34,Normal,Origen C,Ambiente,Protocolo_1
Embalaje B,13.57,90.52,95.8,63.94,Normal,Origen A,Ambiente,Protocolo_1
Embalaje B,87.11,96.69,59.05,20.9,Normal,Origen A,Refrigerado,Protocolo_1
Embalaje B,88.13,8.98,65.02,59.11,Normal,Origen C,Refrigerado,Protocolo_1
Embalaje A,82.41,58.57,29.61,69.89,Normal,Origen B,Ambiente,Protocolo_1
Embalaje B,49.13,57.58,9.44,46.91,Normal,Origen D,Ambiente,Protocolo_1
Embalaje B,19.47,48.65,69.7,36.59,Normal,Origen C,Ambiente,Protocolo_1
Embalaje B,20.57,90.64,50.98,60.4,Normal,Origen A,Ambiente,Protocolo_1
Embalaje B,32.12,17.65,26.46,53.28,Normal,Origen A,Ambiente,Protocolo_1
Embalaje C,72.65,40.99,91.81,30.51,Frágil,Origen C,Ambiente,Protocolo_2
Embalaje B,93.59,41.73,30.69,96.17,Normal,Origen C,Refrigerado,Protocolo_2
Embalaje B,91.74,40.22,40.69,89.06,Frágil,Origen B,Ambiente,Protocolo_2
Embalaje C,6.0,15.85,22.8,32.43,Normal,Origen A,Ambiente,Protocolo_1
Embalaje B,91.59,42.03,63.77,84.13,Normal,Origen D,Ambiente,Protocolo_2
Embalaje C,89.35,75.26,75.11,82.19,Normal,Origen B,Ambiente,Protocolo_2
Embalaje B,40.44,52.82,51.6,18.91,Frágil,Origen C,Ambiente,Protocolo_2
Embalaje B,15.59,88.38,38.87,99.91,Frágil,Origen B,Ambiente,Protocolo_2
Embalaje A,32.25,67.36,8.39,50.12,Normal,Origen C,Ambiente,Protocolo_1
Embalaje A,31.99,66.46,91.11,87.09,Normal,Origen A,Ambiente,Protocolo_2
Embalaje B,68.15,57.53,15.82,72.53,Normal,Origen C,Ambiente,Protocolo_1
Embalaje A,64.68,47.42,66.68,81.46,Frágil,Origen B,Ambiente,Protocolo_2
Embalaje A,82.13,9.44,85.46,11.78,Normal,Origen D,Ambiente,Protocolo_1
Embalaje C,53.9,66.93,91.81,18.92,Normal,Origen D,Ambiente,Protocolo_1
Embalaje C,65.05,12.85,95.11,78.01,Normal,Origen C,Ambiente,Protocolo_1
Embalaje C,83.82,30.09,16.3,71.14,Normal,Origen D,Ambiente,Protocolo_1
Embalaje A,25.29,24.19,65.81,25.06,Frágil,Origen A,Ambiente,Protocolo_2
Embalaje A,29.73,80.87,51.67,66.93,Normal,Origen B,Ambiente,Protocolo_1
Embalaje A,61.21,80.81,92.32,31.4,Normal,Origen C,Ambiente,Protocolo_1
Embalaje B,94.73,87.11,33.33,99.44,Normal,Origen D,Ambiente,Protocolo_2
Embalaje C,76.64,31.25,78.85,89.71,Frágil,Origen C,Ambiente,Protocolo_2
Embalaje A,88.34,48.47,64.63,51.28,Normal,Origen A,Ambiente,Protocolo_1
Embalaje C,10.96,15.42,28.17,88.95,Normal,Origen B,Refrigerado,Protocolo_2
Embalaje B,34.56,58.46,75.42,46.63,Normal,Origen D,Ambiente,Protocolo_1
Embalaje C,57.27,93.92,70.15,37.81,Frágil,Origen D,Ambiente,Protocolo_2
Embalaje B,67.26,30.1,78.27,83.79,Normal,Origen A,Ambiente,Protocolo_2
Embalaje C,50.66,24.38,87.61,85.08,Normal,Origen C,Refrigerado,Protocolo_2
Embalaje A,30.51,77.54,91.56,10.85,Normal,Origen D,Ambiente,Protocolo_1
Embalaje C,47.26,25.6,13.68,67.68,Normal,Origen D,Ambiente,Protocolo_1
Embalaje B,99.04,14.55,20.9,73.7,Normal,Origen A,Refrigerado,Protocolo_1
Embalaje B,83.8,55.25,76.4,64.17,Normal,Origen C,Ambiente,Protocolo_1
Embalaje C,31.84,81.34,62.44,35.68,Frágil,Origen B,Ambiente,Protocolo_2
Embalaje B,90.91,75.26,82.99,2.68,Normal,Origen C,Ambiente,Protocolo_1
Embalaje C,42.04,91.77,71.01,89.91,Normal,Origen C,Ambiente,Protocolo_2
Embalaje B,76.38,93.81,52.48,7.57,Frágil,Origen B,Ambiente,Protocolo_2
Embalaje B,20.0,10.87,66.15,16.7,Normal,Origen C,Ambiente,Protocolo_1
Embalaje A,24.44,62.37,16.36,13.5,Normal,Origen C,Ambiente,Protocolo_1
Embalaje C,96.13,53.36,39.52,38.72,Normal,Origen C,Ambiente,Protocolo_1
Embalaje C,74.27,82.35,75.27,11.55,Normal,Origen B,Ambiente,Protocolo_1
Embalaje A,46.71,53.2,81.99,70.59,Normal,Origen A,Ambiente,Protocolo_1
Embalaje A,30.59,96.98,16.9,41.16,Normal,Origen B,Ambiente,Protocolo_1
Embalaje A,39.99,55.24,9.25,88.26,Normal,Origen B,Refrigerado,Protocolo_2
Embalaje A,16.19,17.06,67.61,46.63,Normal,Origen D,Ambiente,Protocolo_1
Embalaje A,11.46,30.08,91.65,82.98,Frágil,Origen C,Ambiente,Protocolo_2
Embalaje A,68.17,23.84,55.14,55.77,Normal,Origen D,Ambiente,Protocolo_1
Embalaje B,14.81,75.0,46.87,18.01,Normal,Origen A,Ambiente,Protocolo_1
Embalaje C,93.61,42.78,62.76,2.42,Normal,Origen C,Ambiente,Protocolo_1
Embalaje C,92.49,24.36,57.61,11.57,Normal,Origen B,Ambiente,Protocolo_1
Embalaje A,86.01,47.26,6.33,37.39,Frágil,Origen D,Refrigerado,Protocolo_2
Embalaje C,29.6,37.78,99.59,75.98,Normal,Origen B,Refrigerado,Protocolo_1
Embalaje C,53.05,19.57,97.19,92.03,Normal,Origen D,Ambiente,Protocolo_2
Embalaje B,27.91,39.04,91.28,43.36,Normal,Origen C,Ambiente,Protocolo_1
Embalaje C,9.02,23.04,24.66,42.65,Normal,Origen B,Refrigerado,Protocolo_1
Embalaje B,49.61,95.52,38.08,39.27,Normal,Origen C,Ambiente,Protocolo_1
Embalaje B,13.69,7.22,30.8,22.13,Normal,Origen D,Ambiente,Protocolo_1
Embalaje B,13.57,90.64,50.01,95.19,Normal,Origen B,Ambiente,Protocolo_2
Embalaje A,37.35,34.32,87.69,37.27,Normal,Origen B,Ambiente,Protocolo_1
Embalaje A,84.98,67.3,18.89,73.32,Normal,Origen C,Ambiente,Protocolo_1
Embalaje B,18.6,74.53,48.54,27.42,Normal,Origen D,Ambiente,Protocolo_1
Embalaje C,21.35,18.54,53.04,41.7,Normal,Origen C,Ambiente,Protocolo_1
Embalaje A,92.79,41.38,92.5,78.77,Normal,Origen A,Ambiente,Protocolo_1
Embalaje A,40.31,42.7,82.17,92.1,Normal,Origen D,Ambiente,Protocolo_2
Embalaje B,37.43,23.01,72.66,15.4,Frágil,Origen A,Ambiente,Protocolo_2
Embalaje B,53.31,60.27,14.46,46.98,Normal,Origen A,Ambiente,Protocolo_1
Embalaje A,13.53,55.33,68.42,48.91,Normal,Origen A,Ambiente,Protocolo_1
Embalaje A,46.46,97.37,18.76,33.57,Frágil,Origen C,Ambiente,Protocolo_2
Embalaje C,82.34,72.67,91.66,20.77,Frágil,Origen B,Ambiente,Protocolo_2
Embalaje B,10.64,11.52,18.07,89.01,Frágil,Origen C,Refrigerado,Protocolo_2
Embalaje B,70.32,87.15,60.5,81.5,Normal,Origen D,Ambiente,Protocolo_2
Embalaje A,37.72,9.43,88.77,24.7,Normal,Origen C,Refrigerado,Protocolo_1
Embalaje A,17.05,81.8,95.83,28.36,Normal,Origen A,Ambiente,Protocolo_1
Embalaje B,30.06,42.04,5.27,45.32,Frágil,Origen B,Ambiente,Protocolo_2
Embalaje C,92.48,49.71,98.63,62.58,Frágil,Origen D,Ambiente,Protocolo_2
Embalaje A,11.13,69.05,96.61,76.14,Frágil,Origen B,Ambiente,Protocolo_2
Embalaje B,58.88,81.81,33.07,57.15,Frágil,Origen D,Ambiente,Protocolo_2
Embalaje C,60.62,92.14,8.62,45.54,Normal,Origen D,Ambiente,Protocolo_1
Embalaje C,33.27,95.08,18.6,45.82,Normal,Origen D,Ambiente,Protocolo_1
Embalaje A,76.78,43.35,24.29,46.95,Normal,Origen D,Ambiente,Protocolo_1
Embalaje C,95.69,39.59,38.39,99.81,Normal,Origen A,Ambiente,Protocolo_2
Embalaje B,52.3,51.7,85.79,83.86,Normal,Origen B,Ambiente,Protocolo_2
Embalaje A,63.26,58.66,49.76,36.84,Normal,Origen D,Ambiente,Protocolo_1
Embalaje C,39.13,41.13,59.8,86.75,Normal,Origen C,Ambiente,Protocolo_2
Embalaje C,50.21,9.67,86.28,2.39,Normal,Origen A,Ambiente,Protocolo_1
Embalaje C,11.2,18.63,53.83,44.69,Normal,Origen B,Ambiente,Protocolo_1
Embalaje C,17.63,30.95,79.13,62.42,Normal,Origen A,Ambiente,Protocolo_1
Embalaje B,65.36,54.63,82.47,90.25,Normal,Origen D,Ambiente,Protocolo_2
Embalaje A,36.57,45.76,54.29,57.63,Normal,Origen C,Ambiente,Protocolo_1
Embalaje A,71.56,17.07,64.4,31.28,Frágil,Origen C,Ambiente,Protocolo_2
Embalaje C,58.69,66.38,24.56,28.26,Normal,Origen A,Refrigerado,Protocolo_1
Embalaje A,27.95,12.74,97.6,79.28,Normal,Origen D,Ambiente,Protocolo_1
Embalaje B,17.54,46.32,36.07,63.43,Frágil,Origen A,Refrigerado,Protocolo_2
Embalaje B,70.67,42.42,41.68,16.09,Normal,Origen B,Ambiente,Protocolo_1
Embalaje A,79.17,92.99,85.52,49.64,Normal,Origen D,Ambiente,Protocolo_1
Embalaje C,15.63,39.31,6.07,44.21,Normal,Origen C,Ambiente,Protocolo_1
Embalaje B,46.69,65.7,78.77,34.14,Normal,Origen D,Ambiente,Protocolo_1
Embalaje B,6.89,97.47,73.61,66.97,Normal,Origen D,Refrigerado,Protocolo_1
Embalaje B,83.0,36.21,20.56,59.16,Normal,Origen D,Ambiente,Protocolo_1
Embalaje A,89.44,12.81,67.93,62.48,Normal,Origen D,Ambiente,Protocolo_1
Embalaje B,35.9,50.38,56.48,80.47,Normal,Origen C,Ambiente,Protocolo_2
Embalaje B,29.76,6.44,86.59,85.16,Normal,Origen B,Refrigerado,Protocolo_2
Embalaje B,20.16,73.07,33.67,94.1,Normal,Origen B,Ambiente,Protocolo_2
Embalaje A,43.04,55.31,26.11,41.82,Normal,Origen C,Ambiente,Protocolo_1
Embalaje B,48.11,92.4,74.46,81.56,Frágil,Origen D,Refrigerado,Protocolo_2
Embalaje B,21.66,63.23,80.2,67.19,Normal,Origen D,Ambiente,Protocolo_1
Embalaje A,38.39,10.2,93.75,44.98,Frágil,Origen A,Ambiente,Protocolo_2
Embalaje C,91.91,44.42,96.14,98.58,Normal,Origen C,Ambiente,Protocolo_2
Embalaje C,85.76,87.82,41.94,25.6,Normal,Origen A,Ambiente,Protocolo_1
Embalaje C,49.73,43.05,19.47,33.95,Normal,Origen B,Ambiente,Protocolo_1
Embalaje A,52.81,55.51,40.19,68.31,Normal,Origen D,Ambiente,Protocolo_1
Embalaje A,22.26,57.97,79.22,80.23,Normal,Origen A,Ambiente,Protocolo_2
Embalaje C,75.05,80.66,10.18,91.11,Frágil,Origen B,Ambiente,Protocolo_2
Embalaje A,27.88,21.63,24.77,70.35,Frágil,Origen B,Refrigerado,Protocolo_2
Embalaje B,10.56,10.14,46.99,59.66,Normal,Origen C,Ambiente,Protocolo_1
Embalaje B,64.68,89.62,18.96,12.26,Normal,Origen B,Refrigerado,Protocolo_1
Embalaje C,65.86,75.28,27.9,99.28,Normal,Origen A,Ambiente,Protocolo_2
Embalaje C,96.68,79.34,83.19,32.0,Normal,Origen D,Ambiente,Protocolo_1
Embalaje B,92.09,23.39,41.98,57.06,Normal,Origen B,Ambiente,Protocolo_1
Embalaje A,45.94,62.11,36.14,69.56,Normal,Origen A,Refrigerado,Protocolo_1
Embalaje C,66.79,21.98,44.88,98.8,Normal,Origen C,Ambiente,Protocolo_2
Embalaje B,92.43,19.44,67.21,65.3,Frágil,Origen B,Ambiente,Protocolo_2
Embalaje A,8.39,83.82,41.93,41.5,Frágil,Origen B,Ambiente,Protocolo_2
Embalaje B,78.28,46.19,9.33,19.47,Normal,Origen C,Refrigerado,Protocolo_1
Embalaje A,81.53,91.69,38.38,61.47,Normal,Origen D,Ambiente,Protocolo_1
Embalaje B,80.06,50.88,83.43,51.28,Frágil,Origen A,Ambiente,Protocolo_2
Embalaje A,5.09,82.71,67.78,22.81,Normal,Origen D,Ambiente,Protocolo_1
Embalaje A,33.46,75.33,22.71,60.31,Frágil,Origen D,Ambiente,Protocolo_2
Embalaje B,94.48,78.18,33.3,62.44,Normal,Origen A,Refrigerado,Protocolo_1
Embalaje B,58.36,48.12,94.56,92.36,Normal,Origen D,Ambiente,Protocolo_2
Embalaje A,10.67,40.95,96.47,73.32,Normal,Origen D,Refrigerado,Protocolo_1
Embalaje C,21.94,5.01,24.55,78.41,Normal,Origen B,Ambiente,Protocolo_1
Embalaje A,44.06,82.64,65.86,48.28,Normal,Origen A,Ambiente,Protocolo_1
Embalaje B,7.48,95.32,83.88,62.27,Frágil,Origen B,Refrigerado,Protocolo_2
Embalaje C,85.47,72.75,92.94,62.24,Normal,Origen D,Ambiente,Protocolo_1
Embalaje B,81.24,55.46,89.41,30.53,Normal,Origen A,Ambiente,Protocolo_1
Embalaje B,35.41,63.62,95.71,46.64,Normal,Origen C,Ambiente,Protocolo_1
Embalaje C,30.17,74.63,97.45,47.45,Normal,Origen A,Ambiente,Protocolo_1
Embalaje C,8.43,77.24,10.75,67.53,Frágil,Origen D,Ambiente,Protocolo_2
Embalaje A,82.64,25.04,39.82,2.76,Normal,Origen D,Ambiente,Protocolo_1
Embalaje C,33.65,59.05,49.92,1.16,Frágil,Origen B,Ambiente,Protocolo_2
Embalaje B,51.69,30.42,60.23,14.37,Frágil,Origen D,Ambiente,Protocolo_2
Embalaje C,41.68,30.39,15.66,63.85,Frágil,Origen B,Refrigerado,Protocolo_2
Embalaje C,59.0,81.6,14.96,29.18,Normal,Origen B,Ambiente,Protocolo_1
Embalaje C,15.29,32.53,88.76,43.68,Frágil,Origen C,Ambiente,Protocolo_2
Embalaje C,12.35,45.92,67.79,42.17,Normal,Origen D,Ambiente,Protocolo_1
Embalaje B,49.52,33.3,57.13,54.24,Frágil,Origen A,Ambiente,Protocolo_2
Embalaje C,28.29,77.28,47.97,53.21,Frágil,Origen C,Ambiente,Protocolo_2
Embalaje B,60.33,5.99,98.69,53.43,Frágil,Origen D,Ambiente,Protocolo_2
Embalaje A,53.52,79.42,9.7,11.75,Normal,Origen B,Ambiente,Protocolo_1
Embalaje A,50.57,52.81,96.27,68.48,Normal,Origen A,Ambiente,Protocolo_1
Embalaje A,72.06,12.93,14.91,1.47,Frágil,Origen B,Ambiente,Protocolo_2
Embalaje C,43.39,21.87,30.34,43.52,Normal,Origen A,Ambiente,Protocolo_1
Embalaje A,26.29,43.63,95.7,18.89,Normal,Origen B,Ambiente,Protocolo_1
Embalaje B,38.55,86.6,72.62,43.43,Normal,Origen A,Ambiente,Protocolo_1
Embalaje B,26.74,28.63,19.38,12.54,Normal,Origen C,Ambiente,Protocolo_1
Embalaje C,78.96,98.04,61.14,11.43,Normal,Origen C,Refrigerado,Protocolo_1
Embalaje A,86.03,61.73,99.35,29.99,Normal,Origen C,Ambiente,Protocolo_1
Embalaje B,77.19,54.15,20.33,56.86,Normal,Origen C,Ambiente,Protocolo_1
Embalaje B,58.71,95.79,76.58,61.94,Normal,Origen A,Ambiente,Protocolo_1
Embalaje A,54.93,72.31,93.8,95.18,Normal,Origen D,Ambiente,Protocolo_2
Embalaje B,25.36,56.56,52.41,8.5,Normal,Origen C,Ambiente,Protocolo_1
Embalaje B,28.66,9.31,64.67,24.04,Normal,Origen B,Refrigerado,Protocolo_1
Embalaje A,78.95,31.98,33.62,53.16,Normal,Origen A,Ambiente,Protocolo_1
Embalaje B,38.27,53.17,68.76,58.27,Normal,Origen D,Ambiente,Protocolo_1
Embalaje A,76.63,81.93,47.82,53.31,Normal,Origen C,Ambiente,Protocolo_1
Embalaje C,35.35,87.97,40.43,7.18,Frágil,Origen B,Refrigerado,Protocolo_2
Embalaje C,60.0,5.09,36.6,68.55,Frágil,Origen C,Ambiente,Protocolo_2
Embalaje A,78.16,6.53,64.13,34.35,Frágil,Origen B,Ambiente,Protocolo_2
Embalaje A,67.8,15.78,93.26,48.56,Normal,Origen A,Ambiente,Protocolo_1
Embalaje B,88.55,54.56,10.55,79.47,Frágil,Origen A,Ambiente,Protocolo_2
Embalaje C,79.01,81.81,51.39,9.55,Frágil,Origen B,Ambiente,Protocolo_2
Embalaje B,39.01,88.43,85.32,78.06,Normal,Origen C,Ambiente,Protocolo_1
Embalaje B,97.78,31.84,44.02,88.64,Normal,Origen C,Ambiente,Protocolo_2
Embalaje A,95.64,58.93,99.47,47.95,Normal,Origen A,Ambiente,Protocolo_1
Embalaje A,53.12,44.45,57.78,13.65,Frágil,Origen C,Ambiente,Protocolo_2
Embalaje B,75.28,28.6,63.92,10.68,Normal,Origen A,Ambiente,Protocolo_1
Embalaje C,89.65,63.21,68.22,10.22,Frágil,Origen A,Ambiente,Protocolo_2
Embalaje A,34.71,16.46,59.72,39.95,Normal,Origen D,Ambiente,Protocolo_1
Embalaje B,74.18,97.31,56.79,30.85,Normal,Origen A,Ambiente,Protocolo_1
Embalaje B,6.48,36.24,64.7,22.63,Normal,Origen D,Ambiente,Protocolo_1
Embalaje B,66.38,13.31,38.76,72.01,Normal,Origen A,Ambiente,Protocolo_1
Embalaje C,36.63,56.77,95.44,33.41,Frágil,Origen D,Ambiente,Protocolo_2
Embalaje B,27.34,65.79,90.07,87.64,Normal,Origen B,Ambiente,Protocolo_2
Embalaje C,13.88,70.33,66.52,35.2,Normal,Origen D,Ambiente,Protocolo_1
Embalaje A,59.93,25.92,49.09,52.11,Normal,Origen C,Ambiente,Protocolo_1
Embalaje C,24.93,72.44,96.63,7.61,Frágil,Origen A,Ambiente,Protocolo_2
Embalaje B,16.17,62.8,57.88,29.95,Normal,Origen D,Ambiente,Protocolo_1
Embalaje A,57.91,76.98,83.12,99.51,Normal,Origen A,Ambiente,Protocolo_2
Embalaje B,82.11,66.19,97.64,27.23,Normal,Origen B,Ambiente,Protocolo_1
Embalaje B,48.17,90.81,9.24,83.46,Normal,Origen C,Ambiente,Protocolo_2
Embalaje C,63.89,79.42,68.03,39.34,Normal,Origen A,Ambiente,Protocolo_1
Embalaje A,57.18,95.78,19.36,56.22,Normal,Origen C,Ambiente,Protocolo_1
Embalaje C,39.97,95.62,57.78,50.82,Normal,Origen B,Ambiente,Protocolo_1
Embalaje A,59.86,97.17,75.92,25.29,Normal,Origen B,Ambiente,Protocolo_1
Embalaje B,80.04,9.71,67.48,74.94,Normal,Origen B,Ambiente,Protocolo_1
Embalaje C,37.09,44.86,97.25,5.86,Normal,Origen B,Ambiente,Protocolo_1
Embalaje B,47.09,67.88,22.28,52.24,Frágil,Origen B,Ambiente,Protocolo_2
Embalaje B,72.22,26.82,25.57,50.76,Normal,Origen A,Ambiente,Protocolo_1
Embalaje C,45.41,62.8,88.75,27.21,Normal,Origen B,Ambiente,Protocolo_1
Embalaje B,35.15,11.64,19.99,31.81,Normal,Origen D,Ambiente,Protocolo_1
Embalaje B,35.02,32.13,34.59,92.66,Normal,Origen D,Ambiente,Protocolo_2
Embalaje A,15.81,77.22,55.53,67.59,Normal,Origen D,Ambiente,Protocolo_1
Embalaje B,30.26,77.42,84.94,73.3,Normal,Origen A,Ambiente,Protocolo_1
Embalaje B,29.65,95.63,94.56,69.77,Normal,Origen D,Ambiente,Protocolo_1
Embalaje B,86.03,84.65,49.98,68.8,Frágil,Origen B,Refrigerado,Protocolo_2
Embalaje B,15.71,18.5,32.28,68.43,Normal,Origen A,Ambiente,Protocolo_1
Embalaje A,54.13,42.67,25.08,40.47,Normal,Origen C,Ambiente,Protocolo_1
Embalaje C,59.39,50.12,58.34,98.35,Frágil,Origen D,Refrigerado,Protocolo_2
Embalaje B,42.9,36.15,41.64,45.48,Frágil,Origen B,Ambiente,Protocolo_2
Embalaje C,44.85,41.2,35.16,52.82,Normal,Origen A,Ambiente,Protocolo_1
Embalaje B,10.5,58.76,98.66,47.97,Normal,Origen D,Ambiente,Protocolo_1
Embalaje C,5.24,32.22,60.92,20.28,Normal,Origen D,Ambiente,Protocolo_1
Embalaje A,8.01,26.27,13.07,59.39,Normal,Origen B,Ambiente,Protocolo_1
Embalaje A,91.54,84.63,5.87,88.9,Normal,Origen A,Ambiente,Protocolo_2
Embalaje A,96.3,39.8,87.09,98.72,Normal,Origen A,Ambiente,Protocolo_2
Embalaje A,63.68,61.39,83.77,26.4,Normal,Origen B,Ambiente,Protocolo_1
Embalaje B,97.7,97.46,53.57,1.46,Frágil,Origen C,Ambiente,Protocolo_2
Embalaje C,45.7,13.48,8.2,74.45,Normal,Origen A,Ambiente,Protocolo_1
Embalaje B,31.65,95.67,8.91,18.55,Normal,Origen D,Ambiente,Protocolo_1
Embalaje C,81.56,34.0,47.6,56.33,Normal,Origen B,Ambiente,Protocolo_1
Embalaje C,21.01,29.62,96.81,41.45,Normal,Origen A,Ambiente,Protocolo_1
Embalaje B,10.7,54.52,69.44,83.23,Normal,Origen C,Ambiente,Protocolo_2
Embalaje C,67.17,10.89,94.57,54.35,Normal,Origen C,Ambiente,Protocolo_1
Embalaje C,67.34,99.73,75.89,33.79,Frágil,Origen D,Refrigerado,Protocolo_2
Embalaje C,11.1,20.9,47.2,80.51,Normal,Origen A,Ambiente,Protocolo_2
Embalaje A,48.88,87.44,97.07,33.35,Frágil,Origen D,Ambiente,Protocolo_2
Embalaje B,44.96,95.08,97.42,11.06,Normal,Origen A,Ambiente,Protocolo_1
Embalaje B,11.1,49.57,50.1,88.04,Frágil,Origen A,Ambiente,Protocolo_2
Embalaje A,91.49,92.34,58.81,6.24,Normal,Origen B,Ambiente,Protocolo_1
Embalaje C,29.05,84.55,33.71,8.3,Frágil,Origen B,Ambiente,Protocolo_2
Embalaje C,44.6,43.82,15.43,35.68,Normal,Origen B,Ambiente,Protocolo_1
Embalaje A,24.81,39.59,54.7,10.76,Normal,Origen A,Ambiente,Protocolo_1
Embalaje C,20.92,66.33,20.06,8.72,Normal,Origen C,Ambiente,Protocolo_1
Embalaje C,52.48,96.82,72.14,86.35,Frágil,Origen C,Ambiente,Protocolo_2
Embalaje B,17.47,23.95,32.49,99.67,Normal,Origen C,Ambiente,Protocolo_2
Embalaje A,8.69,9.43,20.26,23.41,Frágil,Origen B,Refrigerado,Protocolo_2
Embalaje A,87.38,5.44,52.63,81.14,Normal,Origen D,Ambiente,Protocolo_2
Embalaje A,91.52,12.44,34.12,89.94,Normal,Origen D,Ambiente,Protocolo_2
Embalaje A,64.95,5.81,74.5,55.02,Frágil,Origen D,Ambiente,Protocolo_2
Embalaje B,91.15,85.79,81.8,2.38,Frágil,Origen D,Ambiente,Protocolo_2
Embalaje B,26.52,51.53,93.62,29.98,Normal,Origen C,Ambiente,Protocolo_1
Embalaje B,63.02,52.3,42.02,96.89,Normal,Origen A,Ambiente,Protocolo_2
Embalaje B,65.29,41.14,24.11,95.84,Normal,Origen A,Ambiente,Protocolo_2
Embalaje C,39.61,42.17,35.81,56.05,Frágil,Origen C,Ambiente,Protocolo_2
Embalaje B,51.62,91.35,33.37,43.85,Normal,Origen A,Ambiente,Protocolo_1
Embalaje C,21.07,13.75,56.35,16.98,Frágil,Origen C,Refrigerado,Protocolo_2
Embalaje C,59.76,31.92,87.59,63.12,Frágil,Origen A,Ambiente,Protocolo_2
Embalaje B,73.42,29.5,72.54,97.43,Normal,Origen A,Ambiente,Protocolo_2
Embalaje B,48.93,44.46,12.84,23.42,Normal,Origen C,Ambiente,Protocolo_1
Embalaje B,49.66,95.9,43.64,79.9,Normal,Origen B,Ambiente,Protocolo_1
Embalaje C,34.47,77.84,18.81,28.5,Normal,Origen D,Ambiente,Protocolo_1
Embalaje B,13.64,91.02,19.47,61.65,Normal,Origen B,Ambiente,Protocolo_1
Embalaje B,87.21,18.5,28.14,60.47,Normal,Origen D,Ambiente,Protocolo_1
Embalaje B,64.37,95.29,21.14,56.44,Frágil,Origen A,Ambiente,Protocolo_2
Embalaje B,28.08,93.23,60.13,19.47,Frágil,Origen D,Ambiente,Protocolo_2
Embalaje C,54.53,73.74,36.01,93.57,Normal,Origen C,Ambiente,Protocolo_2
Embalaje B,23.18,63.12,34.73,9.78,Normal,Origen B,Ambiente,Protocolo_1
Embalaje A,11.43,72.98,44.21,4.05,Normal,Origen A,Refrigerado,Protocolo_1
Embalaje C,64.57,79.33,38.7,57.94,Normal,Origen D,Ambiente,Protocolo_1
Embalaje B,25.52,74.81,96.04,67.3,Normal,Origen A,Ambiente,Protocolo_1
Embalaje C,90.53,12.87,38.43,10.8,Normal,Origen A,Ambiente,Protocolo_1
Embalaje A,23.75,21.94,45.99,88.59,Normal,Origen C,Ambiente,Protocolo_2
Embalaje C,72.04,89.41,56.44,79.57,Normal,Origen A,Ambiente,Protocolo_1
Embalaje B,11.51,64.37,52.43,80.86,Normal,Origen B,Ambiente,Protocolo_2
Embalaje C,45.26,53.11,51.93,19.29,Frágil,Origen B,Ambiente,Protocolo_2
Embalaje A,32.66,70.7,6.67,51.64,Normal,Origen B,Ambiente,Protocolo_1
Embalaje B,44.72,62.88,86.82,14.87,Normal,Origen A,Ambiente,Protocolo_1
Embalaje C,59.2,53.84,83.13,67.65,Frágil,Origen A,Ambiente,Protocolo_2
Embalaje B,32.39,58.13,17.93,71.21,Normal,Origen A,Ambiente,Protocolo_1
Embalaje A,88.11,15.43,10.17,48.65,Frágil,Origen C,Ambiente,Protocolo_2
Embalaje B,63.69,56.88,95.0,62.77,Frágil,Origen C,Ambiente,Protocolo_2
Embalaje C,96.25,74.85,41.41,2.76,Normal,Origen B,Refrigerado,Protocolo_1
Embalaje C,83.43,13.16,44.76,18.29,Normal,Origen D,Ambiente,Protocolo_1
Embalaje A,12.37,19.05,71.27,5.19,Normal,Origen A,Ambiente,Protocolo_1
Embalaje B,67.18,69.8,12.53,90.48,Normal,Origen D,Ambiente,Protocolo_2
Embalaje A,19.79,16.4,92.33,68.42,Normal,Origen D,Ambiente,Protocolo_1
Embalaje A,81.31,14.42,36.92,20.59,Frágil,Origen A,Refrigerado,Protocolo_2
Embalaje C,71.98,22.82,25.38,99.1,Frágil,Origen D,Ambiente,Protocolo_2
Embalaje A,5.72,14.18,61.55,25.02,Normal,Origen D,Refrigerado,Protocolo_1
Embalaje B,33.01,67.86,6.99,84.23,Normal,Origen D,Ambiente,Protocolo_2
Embalaje C,98.84,59.76,65.02,82.25,Normal,Origen B,Ambiente,Protocolo_2
Embalaje C,9.4,27.71,71.87,13.85,Normal,Origen B,Ambiente,Protocolo_1
Embalaje C,93.23,21.23,44.68,74.69,Normal,Origen D,Ambiente,Protocolo_1
Embalaje A,42.83,85.37,10.74,85.11,Normal,Origen D,Ambiente,Protocolo_2
Embalaje A,35.85,45.4,53.1,68.85,Normal,Origen A,Ambiente,Protocolo_1
Embalaje C,78.97,15.18,18.83,2.26,Normal,Origen D,Refrigerado,Protocolo_1
Embalaje B,59.42,57.35,41.91,28.27,Frágil,Origen D,Refrigerado,Protocolo_2
Embalaje A,59.92,86.63,51.64,40.48,Normal,Origen D,Refrigerado,Protocolo_1
Embalaje C,19.36,20.55,60.46,88.65,Frágil,Origen C,Ambiente,Protocolo_2
Embalaje B,31.36,25.65,39.77,37.05,Normal,Origen A,Refrigerado,Protocolo_1
Embalaje B,64.01,82.61,86.29,67.09,Normal,Origen A,Ambiente,Protocolo_1
Embalaje A,15.0,92.57,86.44,64.09,Frágil,Origen D,Ambiente,Protocolo_2
Embalaje C,44.94,41.44,67.19,74.01,Normal,Origen C,Refrigerado,Protocolo_1
Embalaje B,33.12,76.54,55.04,51.87,Normal,Origen D,Ambiente,Protocolo_1
Embalaje B,86.88,38.94,7.48,23.69,Normal,Origen B,Ambiente,Protocolo_1
Embalaje C,97.2,42.34,67.05,73.21,Normal,Origen B,Ambiente,Protocolo_1
Embalaje A,73.38,29.75,29.13,16.72,Normal,Origen B,Ambiente,Protocolo_1
Embalaje B,49.46,75.68,48.79,54.82,Normal,Origen A,Ambiente,Protocolo_1
Embalaje C,10.33,61.9,23.51,94.54,Normal,Origen B,Ambiente,Protocolo_2
Embalaje C,70.58,51.93,22.51,95.97,Normal,Origen A,Ambiente,Protocolo_2
Embalaje B,70.85,47.52,81.46,6.38,Normal,Origen D,Ambiente,Protocolo_1
Embalaje A,45.68,7.26,35.95,54.17,Frágil,Origen D,Ambiente,Protocolo_2
Embalaje C,18.05,33.24,76.2,88.9,Normal,Origen A,Ambiente,Protocolo_2
Embalaje B,61.44,71.12,46.2,91.1,Normal,Origen D,Ambiente,Protocolo_2
Embalaje C,90.04,61.16,27.87,49.42,Normal,Origen C,Refrigerado,Protocolo_1
Embalaje C,70.53,23.95,43.6,13.55,Normal,Origen D,Ambiente,Protocolo_1
Embalaje C,76.71,8.46,15.81,60.29,Frágil,Origen D,Ambiente,Protocolo_2
Embalaje A,32.71,79.7,15.18,96.64,Normal,Origen D,Refrigerado,Protocolo_2
Embalaje C,47.59,47.43,63.93,16.0,Normal,Origen D,Ambiente,Protocolo_1
Embalaje B,42.47,75.06,84.88,47.62,Frágil,Origen C,Ambiente,Protocolo_2
Embalaje A,91.43,38.35,62.69,88.77,Normal,Origen D,Ambiente,Protocolo_2
Embalaje C,8.41,94.49,66.11,97.61,Normal,Origen A,Ambiente,Protocolo_2
Embalaje C,20.83,71.48,60.91,23.95,Normal,Origen B,Ambiente,Protocolo_1
Embalaje B,36.74,75.21,76.17,48.46,Normal,Origen A,Ambiente,Protocolo_1
Embalaje C,98.48,66.46,22.24,29.94,Frágil,Origen B,Ambiente,Protocolo_2
Embalaje B,39.35,98.14,7.47,42.65,Normal,Origen C,Ambiente,Protocolo_1
Embalaje B,46.09,76.36,19.29,77.73,Normal,Origen B,Ambiente,Protocolo_1
Embalaje B,87.16,61.23,56.05,52.66,Normal,Origen A,Refrigerado,Protocolo_1
Embalaje A,19.21,30.16,77.15,84.38,Normal,Origen C,Ambiente,Protocolo_2
Embalaje C,27.28,81.45,86.02,56.01,Frágil,Origen C,Ambiente,Protocolo_2
Embalaje C,35.94,5.28,66.54,71.52,Normal,Origen C,Ambiente,Protocolo_1
Embalaje A,23.94,40.87,61.46,43.61,Normal,Origen C,Ambiente,Protocolo_1
Embalaje A,96.12,24.75,87.77,16.18,Frágil,Origen C,Ambiente,Protocolo_2
Embalaje C,89.26,57.36,14.59,92.53,Normal,Origen A,Ambiente,Protocolo_2
Embalaje C,19.6,56.38,90.38,9.73,Normal,Origen B,Ambiente,Protocolo_1
Embalaje B,91.88,28.16,76.4,63.25,Normal,Origen D,Ambiente,Protocolo_1
Embalaje B,18.2,45.28,22.21,92.51,Normal,Origen C,Ambiente,Protocolo_2
Embalaje C,57.86,78.45,61.24,17.39,Normal,Origen A,Refrigerado,Protocolo_1
Embalaje B,39.58,61.48,25.16,32.45,Frágil,Origen D,Ambiente,Protocolo_2
Embalaje B,38.76,13.69,50.56,98.95,Normal,Origen B,Ambiente,Protocolo_2
Embalaje A,35.86,80.7,28.78,99.39,Normal,Origen A,Ambiente,Protocolo_2
Embalaje C,49.36,23.66,41.2,28.79,Normal,Origen D,Ambiente,Protocolo_1
Embalaje C,89.18,84.44,66.32,24.05,Normal,Origen D,Ambiente,Protocolo_1
Embalaje B,10.89,51.98,85.45,45.44,Frágil,Origen D,Ambiente,Protocolo_2
Embalaje C,57.13,85.05,27.67,62.44,Normal,Origen C,Ambiente,Protocolo_1
Embalaje B,75.75,62.47,56.67,95.7,Normal,Origen C,Ambiente,Protocolo_2
Embalaje A,89.28,64.8,93.68,68.33,Normal,Origen B,Ambiente,Protocolo_1
Embalaje B,21.57,26.87,66.12,35.78,Normal,Origen A,Ambiente,Protocolo_1
Embalaje B,77.74,21.63,61.11,7.99,Normal,Origen B,Ambiente,Protocolo_1
Embalaje B,74.56,8.01,98.61,79.48,Normal,Origen B,Ambiente,Protocolo_1
Embalaje C,96.97,52.95,90.28,84.05,Normal,Origen D,Ambiente,Protocolo_2
Embalaje C,86.42,43.36,22.27,6.82,Normal,Origen B,Ambiente,Protocolo_1
Embalaje A,57.07,42.16,90.46,86.35,Normal,Origen D,Ambiente,Protocolo_2
Embalaje B,88.81,88.95,90.47,1.74,Normal,Origen C,Ambiente,Protocolo_1
Embalaje A,10.92,85.33,12.81,49.5,Frágil,Origen A,Ambiente,Protocolo_2
Embalaje A,62.3,50.77,47.15,16.13,Normal,Origen C,Ambiente,Protocolo_1
Embalaje A,76.95,77.5,82.58,56.64,Normal,Origen C,Refrigerado,Protocolo_1
Embalaje A,23.39,59.75,30.08,78.05,Normal,Origen D,Ambiente,Protocolo_1
Embalaje A,49.94,11.53,24.55,82.02,Normal,Origen D,Ambiente,Protocolo_2
Embalaje B,25.32,26.81,39.61,10.05,Normal,Origen A,Ambiente,Protocolo_1
Embalaje A,95.22,12.19,46.03,47.32,Normal,Origen C,Refrigerado,Protocolo_1
Embalaje C,31.4,28.38,92.02,54.88,Normal,Origen B,Ambiente,Protocolo_1
Embalaje A,40.16,11.1,29.25,5.63,Frágil,Origen D,Ambiente,Protocolo_2
Embalaje C,63.64,20.49,12.09,99.96,Normal,Origen A,Ambiente,Protocolo_2
Embalaje B,76.26,26.09,75.91,34.39,Normal,Origen D,Ambiente,Protocolo_1
Embalaje C,64.67,89.86,39.94,84.68,Normal,Origen B,Ambiente,Protocolo_2
Embalaje B,66.55,48.79,7.81,87.32,Frágil,Origen A,Ambiente,Protocolo_2
Embalaje A,16.3,78.64,18.82,24.27,Frágil,Origen D,Ambiente,Protocolo_2
Embalaje C,68.91,42.67,51.16,74.44,Frágil,Origen C,Ambiente,Protocolo_2
Embalaje B,97.79,43.96,90.15,42.97,Normal,Origen C,Ambiente,Protocolo_1
Embalaje C,59.56,6.22,70.41,86.24,Normal,Origen A,Ambiente,Protocolo_2
Embalaje A,15.71,26.38,47.07,30.74,Normal,Origen C,Ambiente,Protocolo_1
Embalaje B,71.93,98.65,59.28,8.67,Frágil,Origen D,Ambiente,Protocolo_2
Embalaje B,42.5,36.88,27.96,15.21,Frágil,Origen B,Refrigerado,Protocolo_2
Embalaje A,52.11,9.59,66.91,51.32,Frágil,Origen D,Ambiente,Protocolo_2
Embalaje B,57.28,39.0,90.8,39.34,Normal,Origen A,Ambiente,Protocolo_1
Embalaje B,36.88,34.86,42.42,74.65,Normal,Origen C,Ambiente,Protocolo_1
Embalaje C,67.05,39.21,17.49,92.93,Normal,Origen B,Refrigerado,Protocolo_2
Embalaje C,85.14,80.27,40.31,49.93,Normal,Origen C,Ambiente,Protocolo_1
Embalaje C,54.14,29.94,85.78,86.65,Normal,Origen B,Ambiente,Protocolo_2
Embalaje A,7.03,97.89,15.79,39.0,Normal,Origen C,Ambiente,Protocolo_1
Embalaje C,18.56,52.0,75.63,92.86,Normal,Origen D,Ambiente,Protocolo_2
Embalaje B,98.86,35.89,29.43,46.74,Normal,Origen C,Ambiente,Protocolo_1
Embalaje A,43.54,6.18,94.39,74.65,Normal,Origen D,Ambiente,Protocolo_1
Embalaje A,28.69,34.21,9.54,59.63,Normal,Origen D,Ambiente,Protocolo_1
Embalaje B,82.1,27.98,17.45,19.98,Normal,Origen A,Ambiente,Protocolo_1
Embalaje B,30.36,22.0,69.71,66.7,Normal,Origen A,Ambiente,Protocolo_1
Embalaje B,86.38,60.19,39.4,44.13,Normal,Origen A,Ambiente,Protocolo_1
Embalaje A,6.94,59.16,83.99,70.22,Frágil,Origen B,Ambiente,Protocolo_2
Embalaje A,17.02,49.97,27.25,53.63,Normal,Origen B,Ambiente,Protocolo_1
Embalaje C,79.7,18.08,36.58,33.77,Normal,Origen D,Ambiente,Protocolo_1
Embalaje A,99.54,39.56,45.31,61.05,Normal,Origen C,Ambiente,Protocolo_1
Embalaje B,29.92,56.97,73.87,4.17,Frágil,Origen A,Ambiente,Protocolo_2
Embalaje A,37.55,69.55,10.99,39.38,Normal,Origen D,Ambiente,Protocolo_1
Embalaje C,18.43,96.08,74.29,77.32,Normal,Origen C,Ambiente,Protocolo_1
Embalaje A,64.67,54.9,59.21,34.81,Normal,Origen B,Ambiente,Protocolo_1
Embalaje C,6.86,47.08,63.77,6.5,Normal,Origen D,Ambiente,Protocolo_1
Embalaje C,86.79,47.13,16.23,79.95,Normal,Origen C,Ambiente,Protocolo_1
Embalaje A,70.87,55.66,82.87,50.1,Normal,Origen B,Ambiente,Protocolo_1
Embalaje B,56.87,84.21,93.27,51.64,Normal,Origen D,Refrigerado,Protocolo_1
Embalaje C,77.13,95.85,92.28,62.65,Normal,Origen A,Ambiente,Protocolo_1
Embalaje B,22.61,62.14,72.74,47.11,Normal,Origen D,Ambiente,Protocolo_1
Embalaje B,42.77,91.84,26.04,26.2,Normal,Origen C,Ambiente,Protocolo_1
Embalaje B,29.6,34.54,17.71,9.07,Frágil,Origen A,Ambiente,Protocolo_2
Embalaje C,40.04,81.33,84.57,5.54,Normal,Origen B,Ambiente,Protocolo_1
Embalaje B,30.71,74.42,47.51,11.15,Normal,Origen A,Ambiente,Protocolo_1
Embalaje A,82.42,20.72,18.31,95.98,Normal,Origen D,Ambiente,Protocolo_2
Embalaje C,45.9,15.67,5.99,1.53,Frágil,Origen A,Ambiente,Protocolo_2
Embalaje C,20.64,54.56,92.39,85.84,Normal,Origen D,Ambiente,Protocolo_2
Embalaje C,17.12,8.97,13.23,99.47,Normal,Origen D,Ambiente,Protocolo_2
Embalaje C,31.57,50.53,10.14,68.65,Normal,Origen A,Ambiente,Protocolo_1
Embalaje C,47.14,85.74,56.28,40.68,Normal,Origen C,Ambiente,Protocolo_1
Embalaje A,20.92,41.39,57.27,87.23,Normal,Origen A,Ambiente,Protocolo_2
Embalaje C,53.02,77.06,96.07,48.15,Normal,Origen D,Ambiente,Protocolo_1
Embalaje A,58.35,87.59,30.98,29.64,Normal,Origen A,Ambiente,Protocolo_1
Embalaje C,70.93,57.22,50.99,38.29,Normal,Origen A,Ambiente,Protocolo_1
Embalaje C,36.5,22.52,30.81,51.2,Normal,Origen A,Ambiente,Protocolo_1
Embalaje A,56.42,48.01,49.56,1.96,Normal,Origen B,Ambiente,Protocolo_1
Embalaje C,28.25,71.6,72.02,97.06,Frágil,Origen D,Ambiente,Protocolo_2
Embalaje A,38.13,33.78,74.89,86.29,Normal,Origen A,Ambiente,Protocolo_2
Embalaje A,79.7,92.99,39.69,17.62,Normal,Origen A,Ambiente,Protocolo_1
Embalaje B,59.9,19.65,69.51,47.75,Normal,Origen C,Ambiente,Protocolo_1
Embalaje A,90.49,10.59,82.4,68.71,Frágil,Origen C,Ambiente,Protocolo_2
Embalaje B,23.46,21.07,87.08,56.58,Normal,Origen C,Ambiente,Protocolo_1
Embalaje B,41.25,83.81,40.3,32.08,Normal,Origen D,Ambiente,Protocolo_1
Embalaje C,85.84,23.49,5.85,29.95,Normal,Origen B,Ambiente,Protocolo_1
Embalaje C,33.28,12.82,99.65,17.83,Normal,Origen B,Ambiente,Protocolo_1
Embalaje B,46.39,31.71,6.38,31.23,Normal,Origen D,Ambiente,Protocolo_1
Embalaje A,55.3,86.19,52.18,12.74,Normal,Origen C,Refrigerado,Protocolo_1
Embalaje B,33.75,44.61,91.11,10.87,Normal,Origen C,Ambiente,Protocolo_1
Embalaje B,57.82,66.1,44.02,92.15,Normal,Origen A,Ambiente,Protocolo_2
Embalaje B,38.37,11.71,78.11,94.98,Normal,Origen A,Ambiente,Protocolo_2
Embalaje C,5.89,53.47,77.81,32.89,Normal,Origen C,Ambiente,Protocolo_1
Embalaje C,73.53,22.11,22.17,92.97,Normal,Origen D,Ambiente,Protocolo_2
Embalaje A,14.69,78.74,15.04,63.82,Normal,Origen B,Refrigerado,Protocolo_1
Embalaje C,32.78,23.79,93.77,97.22,Normal,Origen C,Ambiente,Protocolo_2
Embalaje C,68.1,94.1,6.78,71.2,Normal,Origen A,Ambiente,Protocolo_1
Embalaje A,72.94,22.5,85.14,59.97,Frágil,Origen D,Refrigerado,Protocolo_2
Embalaje B,31.33,46.83,25.4,4.81,Normal,Origen C,Ambiente,Protocolo_1
Embalaje B,26.47,50.27,36.24,61.11,Frágil,Origen C,Refrigerado,Protocolo_2
Embalaje C,43.91,76.34,93.34,90.68,Normal,Origen B,Ambiente,Protocolo_2
Embalaje C,41.63,83.03,85.43,82.93,Normal,Origen D,Ambiente,Protocolo_2
Embalaje A,68.61,46.03,25.55,94.37,Frágil,Origen C,Ambiente,Protocolo_2
Embalaje B,95.1,54.12,57.02,41.19,Normal,Origen C,Ambiente,Protocolo_1
Embalaje B,97.71,17.71,31.68,47.38,Normal,Origen D,Ambiente,Protocolo_1
Embalaje C,78.11,35.48,50.07,68.26,Normal,Origen D,Ambiente,Protocolo_1
Embalaje A,45.38,54.86,63.49,85.49,Normal,Origen A,Ambiente,Protocolo_2
Embalaje C,54.01,48.53,90.14,80.38,Normal,Origen D,Ambiente,Protocolo_2
Embalaje B,73.68,22.31,95.4,94.46,Normal,Origen C,Ambiente,Protocolo_2
Embalaje A,70.16,63.55,25.02,69.74,Normal,Origen C,Ambiente,Protocolo_1
Embalaje A,52.71,9.19,90.36,89.86,Normal,Origen A,Ambiente,Protocolo_2
Embalaje C,30.54,41.02,61.31,70.28,Normal,Origen B,Ambiente,Protocolo_1
Embalaje C,31.1,30.48,65.74,33.18,Frágil,Origen D,Ambiente,Protocolo_2
Embalaje A,61.05,47.71,22.71,33.95,Frágil,Origen C,Ambiente,Protocolo_2
Embalaje A,10.12,42.8,87.28,65.73,Normal,Origen B,Refrigerado,Protocolo_1
Embalaje C,16.69,97.43,23.56,21.8,Normal,Origen A,Ambiente,Protocolo_1
Embalaje A,67.15,27.23,41.45,92.04,Normal,Origen A,Ambiente,Protocolo_2
Embalaje A,36.04,33.09,61.0,73.25,Normal,Origen D,Refrigerado,Protocolo_1
Embalaje A,62.64,70.88,15.29,58.03,Normal,Origen A,Ambiente,Protocolo_1
Embalaje C,88.71,43.78,86.57,98.52,Normal,Origen B,Refrigerado,Protocolo_2
Embalaje A,50.26,45.98,35.93,43.48,Normal,Origen C,Refrigerado,Protocolo_1
Embalaje A,66.05,94.14,66.63,92.48,Normal,Origen C,Ambiente,Protocolo_2
Embalaje C,5.11,34.67,34.57,59.03,Normal,Origen B,Ambiente,Protocolo_1
Embalaje B,27.11,40.55,96.18,5.37,Normal,Origen D,Ambiente,Protocolo_1
Embalaje A,86.98,37.35,16.93,8.05,Frágil,Origen A,Ambiente,Protocolo_2
Embalaje C,21.26,37.54,90.38,24.42,Normal,Origen A,Ambiente,Protocolo_1
Embalaje C,21.55,91.05,22.02,92.81,Frágil,Origen B,Ambiente,Protocolo_2
Embalaje C,97.87,71.33,76.56,35.18,Normal,Origen A,Ambiente,Protocolo_1
Embalaje C,38.54,5.77,51.06,99.05,Frágil,Origen D,Ambiente,Protocolo_2
Embalaje B,19.08,32.49,47.62,18.75,Normal,Origen A,Ambiente,Protocolo_1
Embalaje A,31.56,71.85,33.83,34.91,Normal,Origen C,Ambiente,Protocolo_1
Embalaje B,91.95,74.56,40.67,42.43,Frágil,Origen D,Ambiente,Protocolo_2
Embalaje B,66.18,87.82,18.26,51.97,Normal,Origen D,Ambiente,Protocolo_1
Embalaje C,22.39,20.94,87.87,49.57,Normal,Origen B,Refrigerado,Protocolo_1
Embalaje A,30.5,41.61,76.86,93.26,Normal,Origen D,Ambiente,Protocolo_2
Embalaje B,49.97,59.04,39.06,47.9,Normal,Origen C,Ambiente,Protocolo_1
Embalaje C,30.32,14.78,72.78,85.96,Normal,Origen B,Ambiente,Protocolo_2
Embalaje C,41.41,31.8,89.87,25.83,Normal,Origen B,Ambiente,Protocolo_1
Embalaje A,11.23,6.47,62.61,7.57,Normal,Origen A,Ambiente,Protocolo_1
Embalaje B,57.56,64.26,77.75,18.86,Frágil,Origen D,Ambiente,Protocolo_2
Embalaje C,61.43,31.53,22.36,86.77,Frágil,Origen B,Ambiente,Protocolo_2
Embalaje B,89.56,39.97,84.19,65.22,Frágil,Origen A,Ambiente,Protocolo_2
Embalaje C,83.4,14.37,35.28,17.61,Normal,Origen D,Ambiente,Protocolo_1
Embalaje B,92.71,72.64,41.5,3.45,Normal,Origen A,Refrigerado,Protocolo_1
Embalaje B,24.52,27.38,8.6,9.6,Frágil,Origen A,Ambiente,Protocolo_2
Embalaje B,17.3,86.88,99.66,70.92,Normal,Origen A,Ambiente,Protocolo_1
Embalaje C,21.24,58.43,63.07,95.19,Normal,Origen D,Ambiente,Protocolo_2
Embalaje C,25.34,15.07,15.88,57.74,Normal,Origen A,Refrigerado,Protocolo_1
Embalaje A,42.28,25.02,60.01,27.63,Normal,Origen A,Ambiente,Protocolo_1
Embalaje A,37.5,78.34,38.06,86.89,Normal,Origen A,Ambiente,Protocolo_2
Embalaje A,78.1,67.81,56.58,36.46,Normal,Origen B,Ambiente,Protocolo_1
Embalaje C,65.77,86.66,12.07,9.49,Frágil,Origen D,Ambiente,Protocolo_2
Embalaje C,10.43,74.35,98.86,75.33,Normal,Origen C,Ambiente,Protocolo_1
Embalaje C,71.2,71.49,38.27,90.28,Normal,Origen A,Refrigerado,Protocolo_2
Embalaje B,48.49,73.92,78.17,50.16,Normal,Origen B,Ambiente,Protocolo_1
Embalaje B,56.26,80.92,62.55,63.69,Normal,Origen C,Ambiente,Protocolo_1
Embalaje C,94.02,89.82,36.71,25.01,Normal,Origen D,Ambiente,Protocolo_1
Embalaje B,10.6,20.79,81.03,73.71,Normal,Origen C,Ambiente,Protocolo_1
Embalaje B,38.31,40.03,36.58,19.02,Normal,Origen D,Ambiente,Protocolo_1
Embalaje B,58.32,49.21,30.54,72.15,Frágil,Origen D,Ambiente,Protocolo_2
Embalaje A,8.35,36.18,47.92,38.07,Normal,Origen D,Ambiente,Protocolo_1
Embalaje B,94.73,73.72,93.79,98.19,Normal,Origen C,Ambiente,Protocolo_2
Embalaje C,55.78,9.56,49.53,40.25,Normal,Origen C,Ambiente,Protocolo_1
Embalaje C,78.98,50.73,11.07,65.93,Normal,Origen A,Ambiente,Protocolo_1
Embalaje B,57.34,52.88,95.24,88.92,Normal,Origen C,Ambiente,Protocolo_2
Embalaje C,40.38,82.47,96.42,9.02,Normal,Origen B,Refrigerado,Protocolo_1
Embalaje A,29.44,24.79,47.7,63.35,Normal,Origen B,Ambiente,Protocolo_1
Embalaje B,84.98,68.21,89.74,10.8,Frágil,Origen A,Ambiente,Protocolo_2
Embalaje C,21.5,43.02,77.77,25.8,Frágil,Origen B,Refrigerado,Protocolo_2
Embalaje A,58.43,45.68,18.41,20.38,Normal,Origen B,Ambiente,Protocolo_1
Embalaje A,67.64,21.23,44.8,9.94,Normal,Origen D,Ambiente,Protocolo_1
Embalaje C,91.95,40.12,29.98,17.56,Normal,Origen B,Ambiente,Protocolo_1
Embalaje B,86.74,53.23,59.2,16.43,Normal,Origen D,Ambiente,Protocolo_1
Embalaje C,41.96,64.58,13.8,92.01,Normal,Origen C,Ambiente,Protocolo_2
Embalaje B,31.72,76.54,36.36,39.68,Normal,Origen A,Ambiente,Protocolo_1
Embalaje C,62.79,77.64,74.39,38.61,Normal,Origen A,Ambiente,Protocolo_1
Embalaje B,68.34,49.01,66.74,46.16,Normal,Origen B,Ambiente,Protocolo_1
Embalaje C,71.98,31.42,37.32,42.06,Normal,Origen B,Ambiente,Protocolo_1
Embalaje A,79.36,40.38,41.77,35.47,Frágil,Origen C,Ambiente,Protocolo_2
Embalaje C,56.16,6.58,47.74,64.46,Normal,Origen A,Ambiente,Protocolo_1
Embalaje A,19.72,20.26,51.1,90.83,Normal,Origen D,Ambiente,Protocolo_2
Embalaje C,31.83,38.74,97.92,84.8,Frágil,Origen A,Ambiente,Protocolo_2
Embalaje C,86.69,26.4,44.88,79.32,Normal,Origen A,Ambiente,Protocolo_1
Embalaje B,56.91,47.24,82.56,39.91,Normal,Origen A,Ambiente,Protocolo_1
Embalaje A,61.85,13.88,23.44,6.23,Normal,Origen B,Ambiente,Protocolo_1
Embalaje A,13.07,54.59,8.6,6.31,Frágil,Origen D,Ambiente,Protocolo_2
Embalaje B,46.11,17.57,69.89,87.03,Frágil,Origen B,Refrigerado,Protocolo_2
Embalaje A,57.07,70.6,39.14,29.0,Normal,Origen B,Refrigerado,Protocolo_1
Embalaje C,32.28,81.78,22.88,50.23,Normal,Origen D,Refrigerado,Protocolo_1
Embalaje A,16.46,72.86,64.66,23.34,Normal,Origen D,Ambiente,Protocolo_1
Embalaje A,13.81,25.27,88.11,99.02,Normal,Origen B,Ambiente,Protocolo_2
Embalaje C,48.04,76.88,97.85,29.43,Normal,Origen C,Ambiente,Protocolo_1
Embalaje A,62.37,18.79,67.95,16.95,Normal,Origen B,Refrigerado,Protocolo_1
Embalaje B,26.67,53.19,28.87,86.61,Normal,Origen A,Ambiente,Protocolo_2
Embalaje A,38.41,77.84,63.68,61.99,Normal,Origen C,Ambiente,Protocolo_1
Embalaje A,30.62,71.36,34.7,80.98,Normal,Origen D,Ambiente,Protocolo_2
Embalaje B,70.35,16.73,68.55,41.87,Normal,Origen B,Ambiente,Protocolo_1
Embalaje A,77.57,40.8,27.27,99.32,Normal,Origen A,Ambiente,Protocolo_2
Embalaje A,43.96,99.3,84.02,68.97,Normal,Origen C,Ambiente,Protocolo_1
Embalaje A,54.54,40.35,94.6,97.6,Normal,Origen D,Ambiente,Protocolo_2
Embalaje A,34.35,62.14,44.24,55.59,Frágil,Origen D,Ambiente,Protocolo_2
Embalaje A,49.75,75.16,85.96,1.59,Normal,Origen C,Ambiente,Protocolo_1
Embalaje B,90.59,7.75,77.57,82.65,Frágil,Origen C,Ambiente,Protocolo_2
Embalaje C,68.43,57.04,22.94,17.4,Normal,Origen B,Ambiente,Protocolo_1
Embalaje B,15.41,87.37,7.43,54.79,Normal,Origen D,Ambiente,Protocolo_1
Embalaje A,98.36,13.75,67.82,52.32,Normal,Origen D,Ambiente,Protocolo_1
Embalaje B,54.09,93.79,29.91,28.97,Normal,Origen D,Ambiente,Protocolo_1
Embalaje A,79.26,7.14,96.6,2.29,Normal,Origen A,Refrigerado,Protocolo_1
Embalaje B,66.28,19.66,83.85,48.87,Normal,Origen B,Ambiente,Protocolo_1
Embalaje B,96.51,66.94,83.01,83.33,Normal,Origen C,Ambiente,Protocolo_2
Embalaje A,42.67,74.03,5.54,90.39,Normal,Origen B,Ambiente,Protocolo_2
Embalaje A,94.01,63.8,73.0,6.23,Normal,Origen A,Ambiente,Protocolo_1
Embalaje A,32.36,89.7,87.21,41.93,Normal,Origen B,Ambiente,Protocolo_1
Embalaje B,47.54,91.86,16.17,17.67,Normal,Origen C,Ambiente,Protocolo_1
Embalaje C,97.21,29.66,29.39,67.85,Normal,Origen C,Ambiente,Protocolo_1
Embalaje B,57.3,78.39,31.9,63.35,Frágil,Origen A,Refrigerado,Protocolo_2
Embalaje A,9.84,10.21,78.62,43.14,Frágil,Origen C,Ambiente,Protocolo_2
Embalaje C,85.0,62.79,61.47,78.27,Normal,Origen D,Ambiente,Protocolo_1
Embalaje C,74.27,10.09,92.21,9.85,Normal,Origen B,Ambiente,Protocolo_1
Embalaje B,26.44,82.2,60.95,40.59,Normal,Origen A,Ambiente,Protocolo_1
Embalaje C,29.31,59.42,55.46,88.46,Normal,Origen D,Ambiente,Protocolo_2
Embalaje B,79.48,47.78,46.16,36.29,Normal,Origen D,Ambiente,Protocolo_1
Embalaje B,97.67,28.39,95.69,23.86,Normal,Origen C,Ambiente,Protocolo_1
Embalaje A,52.32,67.39,30.03,7.9,Normal,Origen D,Ambiente,Protocolo_1
Embalaje B,66.54,36.78,40.18,61.23,Normal,Origen A,Ambiente,Protocolo_1
Embalaje C,32.51,29.31,5.78,25.34,Frágil,Origen B,Ambiente,Protocolo_2
Embalaje C,65.48,53.27,67.02,51.28,Frágil,Origen A,Ambiente,Protocolo_2
Embalaje A,7.0,45.62,45.0,78.15,Normal,Origen A,Ambiente,Protocolo_1
Embalaje A,66.01,44.91,90.67,92.77,Normal,Origen B,Ambiente,Protocolo_2
Embalaje B,42.95,37.68,24.33,16.45,Normal,Origen B,Ambiente,Protocolo_1
Embalaje B,16.25,33.26,18.01,6.84,Frágil,Origen D,Ambiente,Protocolo_2
Embalaje C,37.64,11.52,38.49,85.51,Normal,Origen B,Ambiente,Protocolo_2
Embalaje B,18.49,6.57,36.61,91.65,Normal,Origen B,Ambiente,Protocolo_2
Embalaje A,90.54,45.05,12.88,37.33,Normal,Origen C,Ambiente,Protocolo_1
Embalaje C,5.31,75.43,38.35,40.38,Normal,Origen C,Ambiente,Protocolo_1
Embalaje B,44.87,28.05,69.53,52.91,Normal,Origen B,Ambiente,Protocolo_1
Embalaje A,82.26,17.88,98.01,32.49,Normal,Origen A,Ambiente,Protocolo_1
Embalaje A,9.22,36.37,12.88,80.95,Normal,Origen A,Ambiente,Protocolo_2
Embalaje C,41.2,28.15,17.19,8.11,Normal,Origen A,Ambiente,Protocolo_1
Embalaje B,12.67,99.13,66.74,60.81,Normal,Origen A,Ambiente,Protocolo_1
Embalaje B,63.35,27.49,5.2,89.13,Frágil,Origen A,Ambiente,Protocolo_2
Embalaje A,18.0,15.89,15.02,47.31,Normal,Origen B,Ambiente,Protocolo_1
Embalaje B,46.27,9.09,15.44,79.62,Normal,Origen D,Ambiente,Protocolo_1
Embalaje A,66.09,96.82,9.05,13.09,Normal,Origen C,Refrigerado,Protocolo_1
Embalaje B,81.12,31.32,96.16,16.3,Normal,Origen B,Ambiente,Protocolo_1
Embalaje C,37.97,45.53,16.37,18.99,Frágil,Origen D,Ambiente,Protocolo_2
Embalaje A,37.77,71.74,42.78,81.68,Frágil,Origen D,Ambiente,Protocolo_2
Embalaje B,35.33,87.95,28.14,67.18,Normal,Origen A,Ambiente,Protocolo_1
Embalaje A,37.91,30.12,58.71,15.27,Frágil,Origen A,Ambiente,Protocolo_2
Embalaje C,22.32,83.61,51.73,75.72,Normal,Origen D,Ambiente,Protocolo_1
Embalaje B,74.6,72.16,45.95,72.48,Normal,Origen D,Ambiente,Protocolo_1
Embalaje B,87.15,76.16,51.1,85.11,Normal,Origen B,Refrigerado,Protocolo_2
Embalaje B,70.16,68.21,50.07,19.72,Normal,Origen D,Ambiente,Protocolo_1
Embalaje B,43.15,71.16,14.19,42.66,Frágil,Origen C,Ambiente,Protocolo_2
Embalaje B,13.04,67.22,53.91,30.51,Normal,Origen D,Ambiente,Protocolo_1
Embalaje A,8.46,25.79,19.15,94.47,Normal,Origen A,Ambiente,Protocolo_2
Embalaje C,22.27,32.11,75.55,9.04,Normal,Origen C,Ambiente,Protocolo_1
Embalaje A,81.66,69.96,75.56,52.11,Normal,Origen A,Ambiente,Protocolo_1
Embalaje C,30.68,49.64,89.82,40.02,Normal,Origen B,Ambiente,Protocolo_1
Embalaje C,92.4,20.4,79.8,72.26,Frágil,Origen B,Ambiente,Protocolo_2
Embalaje A,74.92,92.7,6.31,33.09,Normal,Origen A,Ambiente,Protocolo_1
Embalaje C,32.64,87.66,90.36,89.58,Normal,Origen A,Refrigerado,Protocolo_2
Embalaje C,6.79,12.04,66.37,64.69,Normal,Origen B,Ambiente,Protocolo_1
Embalaje A,79.47,81.65,82.13,85.26,Normal,Origen C,Ambiente,Protocolo_2
Embalaje C,50.74,41.93,60.39,49.81,Normal,Origen A,Ambiente,Protocolo_1
Embalaje C,48.2,25.72,21.55,83.34,Normal,Origen A,Ambiente,Protocolo_2
Embalaje A,7.86,80.49,11.99,76.42,Frágil,Origen B,Refrigerado,Protocolo_2
Embalaje C,43.46,29.26,5.48,70.06,Normal,Origen A,Ambiente,Protocolo_1
Embalaje C,48.86,75.14,90.86,85.02,Normal,Origen C,Ambiente,Protocolo_2
Embalaje C,36.95,95.91,21.42,75.02,Normal,Origen C,Ambiente,Protocolo_1
Embalaje A,16.68,5.83,44.29,18.13,Normal,Origen D,Ambiente,Protocolo_1
Embalaje C,85.01,47.24,18.1,20.47,Normal,Origen A,Ambiente,Protocolo_1
Embalaje A,27.53,31.45,74.28,25.44,Normal,Origen B,Ambiente,Protocolo_1
Embalaje C,81.99,14.06,18.92,69.59,Frágil,Origen B,Ambiente,Protocolo_2
Embalaje A,97.43,6.44,31.08,44.08,Normal,Origen D,Refrigerado,Protocolo_1
Embalaje A,73.65,53.68,49.98,37.13,Normal,Origen D,Ambiente,Protocolo_1
Embalaje B,86.67,92.33,24.06,14.37,Normal,Origen C,Ambiente,Protocolo_1
Embalaje A,29.29,49.22,50.61,14.48,Normal,Origen A,Refrigerado,Protocolo_1
Embalaje B,17.86,56.68,61.91,53.01,Normal,Origen D,Ambiente,Protocolo_1
Embalaje B,19.31,20.4,50.32,74.71,Normal,Origen A,Ambiente,Protocolo_1
Embalaje A,28.34,94.58,33.79,82.97,Normal,Origen C,Ambiente,Protocolo_2
Embalaje A,43.6,26.52,80.12,25.78,Normal,Origen C,Ambiente,Protocolo_1
Embalaje B,76.03,78.87,78.72,29.08,Normal,Origen B,Ambiente,Protocolo_1
Embalaje A,73.61,51.78,86.4,5.68,Normal,Origen C,Ambiente,Protocolo_1
Embalaje C,94.38,93.19,36.7,33.38,Frágil,Origen B,Ambiente,Protocolo_2
Embalaje C,46.67,62.32,16.83,78.27,Normal,Origen D,Ambiente,Protocolo_1
Embalaje B,27.23,24.13,70.04,87.84,Normal,Origen B,Ambiente,Protocolo_2
Embalaje C,8.81,70.84,90.73,81.0,Normal,Origen C,Ambiente,Protocolo_2
Embalaje B,22.94,55.07,76.56,70.98,Frágil,Origen C,Ambiente,Protocolo_2
Embalaje C,95.64,33.26,26.27,59.99,Frágil,Origen C,Ambiente,Protocolo_2
Embalaje A,83.48,91.17,40.51,11.19,Normal,Origen B,Refrigerado,Protocolo_1
Embalaje A,6.97,75.08,58.08,96.15,Normal,Origen B,Ambiente,Protocolo_2
Embalaje C,7.07,76.95,87.73,16.68,Normal,Origen C,Ambiente,Protocolo_1
Embalaje B,69.74,81.93,55.55,74.05,Normal,Origen B,Ambiente,Protocolo_1
Embalaje B,31.71,84.07,88.43,15.1,Normal,Origen D,Ambiente,Protocolo_1
Embalaje B,91.59,51.83,23.66,91.7,Normal,Origen D,Ambiente,Protocolo_2
Embalaje B,46.06,31.13,64.97,19.43,Normal,Origen D,Ambiente,Protocolo_1
Embalaje A,10.39,19.04,40.67,3.21,Frágil,Origen C,Ambiente,Protocolo_2
Embalaje C,13.45,15.88,95.43,47.46,Normal,Origen A,Ambiente,Protocolo_1
Embalaje B,39.82,16.93,27.45,92.59,Normal,Origen B,Ambiente,Protocolo_2
Embalaje B,49.31,9.44,52.45,1.69,Normal,Origen C,Ambiente,Protocolo_1
Embalaje B,28.17,35.71,18.13,91.14,Normal,Origen A,Ambiente,Protocolo_2
Embalaje C,29.55,53.93,98.43,84.08,Normal,Origen D,Ambiente,Protocolo_2
Embalaje C,5.7,64.63,20.13,21.63,Normal,Origen C,Ambiente,Protocolo_1
Embalaje C,65.86,64.53,27.2,30.23,Normal,Origen A,Ambiente,Protocolo_1
Embalaje C,60.45,94.35,57.26,40.54,Frágil,Origen C,Ambiente,Protocolo_2
Embalaje A,95.2,71.09,28.91,20.13,Frágil,Origen A,Refrigerado,Protocolo_2
Embalaje C,75.19,67.77,76.74,45.7,Normal,Origen D,Ambiente,Protocolo_1
Embalaje C,91.86,66.46,90.86,27.13,Normal,Origen C,Ambiente,Protocolo_1
Embalaje B,18.82,27.87,23.98,47.2,Normal,Origen B,Ambiente,Protocolo_1
Embalaje B,74.05,82.93,99.73,85.18,Frágil,Origen C,Ambiente,Protocolo_2
Embalaje B,83.92,76.67,42.56,93.88,Normal,Origen A,Ambiente,Protocolo_2
Embalaje A,88.22,19.96,25.16,81.2,Normal,Origen C,Ambiente,Protocolo_2
Embalaje C,88.94,53.52,28.3,93.26,Normal,Origen C,Ambiente,Protocolo_2
Embalaje A,75.85,98.58,9.33,91.43,Normal,Origen C,Ambiente,Protocolo_2
Embalaje B,14.81,18.46,15.53,50.52,Normal,Origen D,Ambiente,Protocolo_1
Embalaje B,43.9,17.34,76.41,44.75,Frágil,Origen A,Ambiente,Protocolo_2
Embalaje B,90.64,67.43,62.93,78.79,Normal,Origen C,Ambiente,Protocolo_1
Embalaje B,43.61,54.17,80.48,9.27,Frágil,Origen C,Ambiente,Protocolo_2
Embalaje B,27.0,68.1,69.35,75.57,Normal,Origen A,Ambiente,Protocolo_1
Embalaje B,6.63,60.89,53.08,38.52,Normal,Origen B,Refrigerado,Protocolo_1
Embalaje C,74.79,78.1,47.68,29.93,Frágil,Origen B,Ambiente,Protocolo_2
Embalaje A,95.77,38.51,24.59,16.37,Normal,Origen D,Ambiente,Protocolo_1
Embalaje A,49.56,10.89,45.59,68.6,Frágil,Origen C,Ambiente,Protocolo_2
Embalaje B,36.12,83.84,18.11,34.0,Normal,Origen C,Ambiente,Protocolo_1
Embalaje C,67.96,95.21,59.54,87.99,Normal,Origen B,Refrigerado,Protocolo_2
Embalaje B,33.36,90.15,59.56,53.3,Normal,Origen A,Ambiente,Protocolo_1
Embalaje A,95.81,48.1,62.47,78.93,Normal,Origen B,Ambiente,Protocolo_1
Embalaje B,90.1,8.73,57.7,79.91,Normal,Origen D,Ambiente,Protocolo_1
Embalaje A,8.93,29.35,45.36,20.98,Normal,Origen C,Ambiente,Protocolo_1
Embalaje C,50.06,91.99,95.99,35.28,Normal,Origen B,Ambiente,Protocolo_1
Embalaje A,37.28,67.39,37.11,75.82,Normal,Origen D,Ambiente,Protocolo_1
Embalaje B,48.37,22.43,79.94,17.7,Normal,Origen D,Ambiente,Protocolo_1
Embalaje A,13.48,58.3,69.7,67.77,Normal,Origen A,Ambiente,Protocolo_1
Embalaje A,66.19,93.38,27.98,34.26,Normal,Origen D,Ambiente,Protocolo_1
Embalaje B,31.86,29.44,8.22,7.26,Normal,Origen B,Ambiente,Protocolo_1
Embalaje B,99.98,68.53,55.25,99.86,Normal,Origen C,Ambiente,Protocolo_2
Embalaje B,32.7,61.6,25.12,67.4,Normal,Origen C,Ambiente,Protocolo_1
Embalaje A,74.47,37.72,32.88,55.56,Normal,Origen A,Ambiente,Protocolo_1
Embalaje B,14.01,12.51,93.9,16.61,Normal,Origen A,Ambiente,Protocolo_1
Embalaje B,96.42,93.27,26.98,20.72,Normal,Origen D,Ambiente,Protocolo_1
Embalaje B,34.34,33.51,73.11,14.06,Normal,Origen D,Ambiente,Protocolo_1
Embalaje C,53.92,43.45,48.66,54.3,Normal,Origen B,Ambiente,Protocolo_1
Embalaje A,12.91,32.94,85.98,92.13,Normal,Origen D,Refrigerado,Protocolo_2
Embalaje A,31.89,93.9,53.59,66.94,Normal,Origen C,Ambiente,Protocolo_1
Embalaje B,53.84,37.79,96.37,85.69,Normal,Origen C,Ambiente,Protocolo_2
Embalaje A,55.18,51.95,84.71,65.41,Normal,Origen C,Refrigerado,Protocolo_1
Embalaje B,62.34,26.75,93.46,59.29,Normal,Origen B,Ambiente,Protocolo_1
Embalaje B,17.4,45.1,30.58,1.4,Normal,Origen C,Ambiente,Protocolo_1
Embalaje B,26.87,13.07,90.45,89.88,Normal,Origen C,Ambiente,Protocolo_2
Embalaje C,51.88,82.91,99.46,87.65,Normal,Origen B,Ambiente,Protocolo_2
Embalaje C,62.66,7.26,11.9,93.5,Normal,Origen B,Ambiente,Protocolo_2
Embalaje A,55.32,78.04,84.75,57.02,Normal,Origen C,Ambiente,Protocolo_1
Embalaje B,7.03,36.11,50.22,82.7,Normal,Origen C,Ambiente,Protocolo_2
Embalaje C,36.84,32.34,49.02,50.63,Normal,Origen C,Ambiente,Protocolo_1
Embalaje A,81.99,20.49,13.49,71.31,Normal,Origen A,Ambiente,Protocolo_1
Embalaje C,53.22,76.89,49.79,81.32,Normal,Origen D,Ambiente,Protocolo_2
Embalaje C,18.86,41.92,97.72,94.81,Normal,Origen A,Ambiente,Protocolo_2
Embalaje A,73.66,67.07,46.45,40.74,Normal,Origen D,Ambiente,Protocolo_1
Embalaje B,47.72,37.06,33.24,29.06,Normal,Origen C,Refrigerado,Protocolo_1
Embalaje C,94.31,68.27,12.25,84.53,Normal,Origen D,Ambiente,Protocolo_2
Embalaje A,32.19,49.94,94.88,94.62,Normal,Origen B,Ambiente,Protocolo_2
Embalaje C,66.85,95.88,70.29,14.67,Normal,Origen A,Refrigerado,Protocolo_1
Embalaje C,51.49,22.95,70.76,46.14,Normal,Origen D,Ambiente,Protocolo_1
Embalaje C,36.0,19.53,43.91,1.53,Normal,Origen B,Refrigerado,Protocolo_1
Embalaje A,82.75,62.46,60.05,65.11,Normal,Origen D,Ambiente,Protocolo_1
Embalaje A,93.04,62.07,67.87,47.89,Normal,Origen B,Ambiente,Protocolo_1
Embalaje A,68.9,53.35,74.42,78.5,Normal,Origen C,Ambiente,Protocolo_1
Embalaje B,75.25,6.6,40.86,80.7,Normal,Origen D,Ambiente,Protocolo_2
Embalaje A,31.86,13.08,69.77,99.97,Frágil,Origen C,Ambiente,Protocolo_2
Embalaje B,55.77,68.0,84.04,83.81,Frágil,Origen B,Ambiente,Protocolo_2
Embalaje C,48.12,92.05,75.75,21.08,Frágil,Origen C,Ambiente,Protocolo_2
Embalaje C,99.18,87.53,78.86,19.51,Normal,Origen A,Ambiente,Protocolo_1
Embalaje A,8.75,38.09,55.91,37.63,Normal,Origen C,Ambiente,Protocolo_1
Embalaje B,42.86,66.17,28.01,44.35,Frágil,Origen C,Ambiente,Protocolo_2
Embalaje C,49.6,27.21,41.21,32.21,Frágil,Origen D,Ambiente,Protocolo_2
Embalaje A,35.94,31.37,94.73,21.84,Normal,Origen C,Ambiente,Protocolo_1
Embalaje A,5.46,78.73,49.9,33.72,Frágil,Origen D,Ambiente,Protocolo_2
Embalaje C,20.22,55.03,13.46,9.84,Normal,Origen B,Ambiente,Protocolo_1
Embalaje C,10.73,91.1,57.02,29.26,Normal,Origen B,Refrigerado,Protocolo_1
Embalaje C,83.88,30.56,19.51,37.94,Normal,Origen A,Ambiente,Protocolo_1
Embalaje A,93.92,69.25,29.95,25.22,Frágil,Origen B,Ambiente,Protocolo_2
Embalaje B,67.15,26.4,96.14,6.9,Normal,Origen B,Ambiente,Protocolo_1
Embalaje B,63.86,83.3,29.65,23.08,Normal,Origen B,Ambiente,Protocolo_1
Embalaje A,99.32,80.56,39.48,96.95,Normal,Origen B,Ambiente,Protocolo_2
Embalaje A,57.5,47.68,35.45,96.08,Normal,Origen B,Ambiente,Protocolo_2
Embalaje A,65.17,50.7,75.75,3.19,Normal,Origen B,Ambiente,Protocolo_1
Embalaje C,46.53,8.42,77.18,98.12,Normal,Origen D,Ambiente,Protocolo_2
Embalaje B,80.9,66.97,74.51,11.71,Frágil,Origen A,Ambiente,Protocolo_2
Embalaje C,12.29,82.0,25.06,49.14,Frágil,Origen B,Ambiente,Protocolo_2
Embalaje A,90.11,62.42,37.07,82.66,Normal,Origen A,Ambiente,Protocolo_2
Embalaje A,43.95,57.6,41.17,30.88,Normal,Origen A,Ambiente,Protocolo_1
Embalaje C,68.17,20.82,56.46,47.0,Normal,Origen A,Ambiente,Protocolo_1
Embalaje A,62.99,72.15,47.65,53.71,Frágil,Origen B,Refrigerado,Protocolo_2
Embalaje A,49.74,78.88,76.76,64.75,Normal,Origen D,Ambiente,Protocolo_1
Embalaje B,15.54,94.98,61.77,25.18,Normal,Origen B,Ambiente,Protocolo_1
Embalaje C,49.54,49.82,99.59,6.96,Frágil,Origen D,Ambiente,Protocolo_2
Embalaje A,44.09,21.26,33.1,55.66,Normal,Origen A,Ambiente,Protocolo_1
Embalaje C,74.72,41.21,51.89,19.62,Normal,Origen B,Ambiente,Protocolo_1
Embalaje C,46.57,10.82,29.4,1.41,Normal,Origen D,Ambiente,Protocolo_1
Embalaje C,18.94,13.47,20.8,98.36,Normal,Origen C,Ambiente,Protocolo_2
Embalaje A,32.59,31.21,84.84,16.54,Normal,Origen B,Ambiente,Protocolo_1
Embalaje A,41.0,89.62,11.56,50.62,Normal,Origen D,Ambiente,Protocolo_1
Embalaje A,29.1,67.86,89.0,4.23,Normal,Origen A,Refrigerado,Protocolo_1
Embalaje C,99.49,28.97,20.14,36.66,Frágil,Origen C,Ambiente,Protocolo_2
Embalaje B,81.41,15.3,42.82,96.39,Normal,Origen A,Ambiente,Protocolo_2
Embalaje A,30.39,95.05,72.62,41.21,Normal,Origen D,Refrigerado,Protocolo_1
Embalaje B,10.17,50.67,74.88,38.98,Normal,Origen B,Ambiente,Protocolo_1
Embalaje B,23.16,31.31,7.84,62.69,Normal,Origen A,Ambiente,Protocolo_1
Embalaje C,50.45,41.82,55.65,16.53,Normal,Origen A,Ambiente,Protocolo_1
Embalaje A,31.76,47.03,34.95,25.38,Normal,Origen C,Ambiente,Protocolo_1
Embalaje B,6.47,43.65,89.91,81.74,Normal,Origen C,Ambiente,Protocolo_2
Embalaje B,60.58,38.27,49.24,20.52,Normal,Origen B,Ambiente,Protocolo_1
Embalaje A,92.19,37.61,13.2,99.34,Normal,Origen A,Ambiente,Protocolo_2
Embalaje B,90.81,71.31,69.33,92.0,Normal,Origen B,Ambiente,Protocolo_2
Embalaje A,75.01,61.67,59.1,55.75,Frágil,Origen B,Ambiente,Protocolo_2
Embalaje B,31.96,23.89,73.37,89.06,Normal,Origen B,Ambiente,Protocolo_2
Embalaje C,21.98,56.83,67.38,57.65,Normal,Origen D,Refrigerado,Protocolo_1
Embalaje B,65.66,48.96,63.09,63.76,Normal,Origen B,Ambiente,Protocolo_1
Embalaje A,60.97,90.99,80.52,33.64,Frágil,Origen D,Ambiente,Protocolo_2
Embalaje A,98.79,35.19,26.17,66.1,Normal,Origen B,Ambiente,Protocolo_1
Embalaje C,72.24,68.51,76.55,7.89,Normal,Origen C,Ambiente,Protocolo_1
Embalaje B,97.16,85.41,54.05,34.7,Normal,Origen D,Ambiente,Protocolo_1
Embalaje A,91.73,88.33,34.2,29.34,Normal,Origen A,Ambiente,Protocolo_1
Embalaje A,24.71,92.72,67.52,38.1,Frágil,Origen B,Ambiente,Protocolo_2
Embalaje C,21.36,37.34,22.19,36.77,Normal,Origen D,Ambiente,Protocolo_1
Embalaje A,87.56,64.89,66.9,48.58,Normal,Origen B,Ambiente,Protocolo_1
Embalaje C,34.98,49.04,21.15,88.87,Normal,Origen C,Ambiente,Protocolo_2
Embalaje B,66.9,83.04,64.7,59.61,Normal,Origen B,Ambiente,Protocolo_1
Embalaje C,54.65,86.7,27.75,18.02,Frágil,Origen C,Ambiente,Protocolo_2
Embalaje B,44.4,23.11,45.05,92.02,Normal,Origen A,Ambiente,Protocolo_2
Embalaje C,98.61,78.27,37.3,41.25,Normal,Origen C,Ambiente,Protocolo_1
Embalaje A,31.54,81.51,87.73,77.94,Normal,Origen B,Ambiente,Protocolo_1
Embalaje C,71.68,24.9,21.52,27.0,Normal,Origen D,Refrigerado,Protocolo_1
Embalaje B,61.5,20.75,31.66,50.86,Normal,Origen B,Ambiente,Protocolo_1
Embalaje B,98.96,77.84,41.86,78.55,Normal,Origen D,Ambiente,Protocolo_1
Embalaje C,23.58,63.8,6.41,39.99,Normal,Origen A,Ambiente,Protocolo_1
Embalaje C,71.07,77.75,82.75,50.18,Normal,Origen D,Ambiente,Protocolo_1
Embalaje C,47.57,38.82,63.55,65.86,Normal,Origen C,Ambiente,Protocolo_1
Embalaje C,81.18,96.78,38.16,32.96,Frágil,Origen A,Ambiente,Protocolo_2
Embalaje B,43.09,84.15,47.71,5.78,Normal,Origen C,Ambiente,Protocolo_1
Embalaje B,49.08,19.14,83.62,77.63,Frágil,Origen C,Ambiente,Protocolo_2
Embalaje A,19.05,97.76,71.18,34.45,Normal,Origen B,Ambiente,Protocolo_1
Embalaje A,54.84,71.17,10.14,98.14,Normal,Origen B,Ambiente,Protocolo_2
Embalaje A,24.77,64.5,59.5,93.47,Normal,Origen C,Ambiente,Protocolo_2
Embalaje B,77.0,7.17,73.23,63.23,Normal,Origen C,Ambiente,Protocolo_1
Embalaje C,77.59,97.21,87.26,12.97,Normal,Origen C,Ambiente,Protocolo_1
Embalaje B,32.41,63.98,63.07,1.63,Normal,Origen D,Ambiente,Protocolo_1
Embalaje C,33.24,65.35,14.99,43.84,Normal,Origen C,Ambiente,Protocolo_1
Embalaje B,96.17,79.12,23.04,64.49,Normal,Origen D,Ambiente,Protocolo_1
Embalaje B,24.2,48.39,71.43,68.89,Normal,Origen B,Ambiente,Protocolo_1
Embalaje A,41.91,17.32,67.78,78.0,Normal,Origen B,Ambiente,Protocolo_1
Embalaje A,99.8,32.93,30.1,26.17,Frágil,Origen C,Ambiente,Protocolo_2
Embalaje C,33.7,82.93,66.63,93.6,Frágil,Origen A,Refrigerado,Protocolo_2
Embalaje C,66.54,66.44,82.03,28.38,Normal,Origen A,Ambiente,Protocolo_1
Embalaje B,46.32,47.44,49.39,35.33,Normal,Origen D,Ambiente,Protocolo_1
Embalaje C,79.53,45.07,89.42,37.27,Frágil,Origen A,Ambiente,Protocolo_2
Embalaje C,28.53,24.98,31.49,3.76,Normal,Origen B,Ambiente,Protocolo_1
Embalaje A,76.29,82.62,66.98,85.75,Normal,Origen D,Ambiente,Protocolo_2
Embalaje A,55.52,36.62,64.57,42.02,Normal,Origen D,Ambiente,Protocolo_1
Embalaje C,54.14,30.42,87.68,46.07,Frágil,Origen A,Ambiente,Protocolo_2
Embalaje A,32.5,33.53,73.76,70.03,Normal,Origen C,Ambiente,Protocolo_1
Embalaje A,57.86,27.21,63.5,3.49,Normal,Origen C,Ambiente,Protocolo_1
Embalaje A,47.99,45.15,85.09,19.87,Normal,Origen D,Ambiente,Protocolo_1
Embalaje A,73.34,85.94,8.8,76.41,Frágil,Origen C,Ambiente,Protocolo_2
Embalaje B,73.98,55.71,62.84,52.17,Normal,Origen D,Ambiente,Protocolo_1
Embalaje A,66.54,40.94,37.28,93.55,Normal,Origen C,Refrigerado,Protocolo_2
Embalaje C,23.85,10.39,37.22,56.5,Normal,Origen B,Ambiente,Protocolo_1
Embalaje C,65.71,85.58,6.8,49.3,Normal,Origen C,Refrigerado,Protocolo_1
Embalaje B,17.6,16.84,79.86,40.9,Normal,Origen B,Ambiente,Protocolo_1
Embalaje A,27.54,16.32,26.58,45.88,Frágil,Origen D,Ambiente,Protocolo_2
Embalaje A,98.07,7.63,29.92,72.74,Normal,Origen A,Ambiente,Protocolo_1
Embalaje C,79.85,54.18,89.99,57.66,Normal,Origen B,Ambiente,Protocolo_1
Embalaje A,42.02,59.58,93.19,32.2,Normal,Origen D,Ambiente,Protocolo_1
Embalaje C,83.34,20.5,78.93,47.58,Normal,Origen A,Ambiente,Protocolo_1
Embalaje A,36.23,14.09,27.4,22.64,Normal,Origen B,Ambiente,Protocolo_1
Embalaje C,18.67,21.37,68.08,18.37,Frágil,Origen C,Ambiente,Protocolo_2
Embalaje C,63.0,86.48,53.83,48.45,Normal,Origen B,Ambiente,Protocolo_1
Embalaje A,81.82,53.91,63.55,50.57,Normal,Origen A,Ambiente,Protocolo_1
Embalaje C,34.58,80.93,84.33,51.92,Normal,Origen C,Ambiente,Protocolo_1
Embalaje C,63.68,98.03,52.77,4.3,Normal,Origen D,Refrigerado,Protocolo_1
Embalaje A,29.74,23.26,90.28,59.23,Normal,Origen B,Ambiente,Protocolo_1
Embalaje A,57.8,82.29,34.13,71.71,Normal,Origen C,Ambiente,Protocolo_1
Embalaje A,7.63,68.19,76.57,44.94,Frágil,Origen C,Ambiente,Protocolo_2
Embalaje B,27.48,43.55,59.53,30.96,Normal,Origen D,Ambiente,Protocolo_1
Embalaje B,50.28,62.22,90.5,44.56,Normal,Origen D,Ambiente,Protocolo_1
Embalaje A,65.28,9.77,93.55,97.19,Frágil,Origen D,Ambiente,Protocolo_2
Embalaje B,48.73,52.52,90.57,17.75,Normal,Origen B,Ambiente,Protocolo_1
Embalaje A,50.35,89.04,84.08,23.56,Normal,Origen C,Ambiente,Protocolo_1
Embalaje A,43.77,72.69,87.66,55.93,Frágil,Origen D,Refrigerado,Protocolo_2
Embalaje B,18.41,79.82,49.82,32.2,Normal,Origen B,Ambiente,Protocolo_1
Embalaje B,21.66,9.59,28.93,45.43,Normal,Origen C,Ambiente,Protocolo_1
Embalaje B,83.6,25.79,96.18,87.77,Frágil,Origen B,Ambiente,Protocolo_2
Embalaje C,21.03,43.53,8.95,38.6,Frágil,Origen D,Ambiente,Protocolo_2
Embalaje C,8.38,45.53,71.31,17.87,Normal,Origen A,Ambiente,Protocolo_1
Embalaje A,84.44,99.6,75.75,27.68,Normal,Origen A,Ambiente,Protocolo_1
Embalaje A,45.92,59.84,47.48,8.44,Normal,Origen D,Ambiente,Protocolo_1
Embalaje B,70.07,19.91,28.38,68.03,Normal,Origen D,Ambiente,Protocolo_1
Embalaje B,86.14,33.53,88.97,4.85,Frágil,Origen B,Ambiente,Protocolo_2
Embalaje C,73.32,49.1,76.37,17.3,Frágil,Origen D,Ambiente,Protocolo_2
Embalaje C,45.43,13.73,42.73,17.67,Normal,Origen B,Ambiente,Protocolo_1
Embalaje A,61.89,75.11,5.96,99.84,Normal,Origen B,Ambiente,Protocolo_2
Embalaje C,45.77,7.96,78.72,85.7,Frágil,Origen C,Refrigerado,Protocolo_2
Embalaje B,90.37,80.51,15.43,76.23,Normal,Origen A,Ambiente,Protocolo_1
Embalaje B,65.57,22.92,40.83,11.77,Frágil,Origen D,Ambiente,Protocolo_2
Embalaje B,81.57,92.66,97.48,35.77,Normal,Origen B,Ambiente,Protocolo_1
Embalaje A,43.48,98.06,37.07,33.67,Normal,Origen C,Ambiente,Protocolo_1
Embalaje B,82.34,56.76,80.26,40.21,Normal,Origen B,Ambiente,Protocolo_1
Embalaje A,53.61,33.33,84.27,31.23,Normal,Origen B,Ambiente,Protocolo_1
Embalaje C,13.46,64.65,9.07,56.14,Normal,Origen A,Ambiente,Protocolo_1
Embalaje B,11.82,38.82,24.4,90.28,Normal,Origen B,Ambiente,Protocolo_2
Embalaje B,40.75,72.14,84.84,10.31,Frágil,Origen B,Refrigerado,Protocolo_2
Embalaje B,46.23,22.88,84.61,42.3,Normal,Origen B,Ambiente,Protocolo_1
Embalaje B,50.04,51.33,64.76,11.35,Normal,Origen C,Ambiente,Protocolo_1
Embalaje B,45.46,97.82,91.33,76.04,Normal,Origen D,Ambiente,Protocolo_1
Embalaje B,81.57,11.54,82.72,85.99,Frágil,Origen C,Ambiente,Protocolo_2
Embalaje C,53.64,91.31,16.14,52.52,Frágil,Origen A,Ambiente,Protocolo_2
Embalaje C,62.8,57.6,19.73,65.89,Normal,Origen B,Ambiente,Protocolo_1
Embalaje C,28.62,25.24,6.32,49.61,Normal,Origen B,Ambiente,Protocolo_1
Embalaje B,13.4,7.07,28.68,22.17,Normal,Origen A,Ambiente,Protocolo_1
Embalaje C,85.55,12.48,26.16,49.86,Normal,Origen C,Ambiente,Protocolo_1
Embalaje B,85.79,35.12,65.1,3.94,Normal,Origen A,Ambiente,Protocolo_1
Embalaje C,15.65,73.71,74.84,15.3,Normal,Origen A,Refrigerado,Protocolo_1
Embalaje B,9.94,5.54,77.71,50.17,Normal,Origen D,Refrigerado,Protocolo_1
Embalaje B,53.85,75.81,83.62,51.37,Normal,Origen C,Ambiente,Protocolo_1
Embalaje A,51.22,86.57,28.12,88.33,Normal,Origen C,Ambiente,Protocolo_2
Embalaje B,37.65,67.63,24.03,3.57,Normal,Origen A,Ambiente,Protocolo_1
Embalaje A,89.65,39.1,95.4,32.54,Normal,Origen B,Ambiente,Protocolo_1
Embalaje C,22.03,14.4,63.79,52.22,Normal,Origen A,Ambiente,Protocolo_1
Embalaje A,97.34,42.34,64.69,58.36,Normal,Origen C,Ambiente,Protocolo_1
Embalaje A,94.37,73.08,93.51,6.45,Normal,Origen C,Ambiente,Protocolo_1
Embalaje C,94.75,88.24,46.87,95.43,Frágil,Origen A,Ambiente,Protocolo_2
Embalaje C,99.09,41.15,76.95,69.25,Normal,Origen D,Ambiente,Protocolo_1
Embalaje B,78.67,76.73,62.26,85.79,Normal,Origen A,Ambiente,Protocolo_2
Embalaje C,96.43,99.06,98.04,72.48,Normal,Origen B,Refrigerado,Protocolo_1
Embalaje A,24.15,56.53,33.98,94.55,Frágil,Origen B,Ambiente,Protocolo_2
Embalaje A,75.99,29.05,17.22,38.64,Frágil,Origen B,Ambiente,Protocolo_2
Embalaje A,53.91,78.75,5.69,82.5,Normal,Origen D,Ambiente,Protocolo_2
Embalaje A,70.77,34.74,36.11,52.91,Normal,Origen B,Ambiente,Protocolo_1
Embalaje C,72.17,27.59,83.76,64.26,Normal,Origen C,Ambiente,Protocolo_1
Embalaje B,93.39,9.87,76.3,14.29,Normal,Origen B,Ambiente,Protocolo_1
Embalaje B,96.4,28.1,81.22,14.62,Normal,Origen B,Ambiente,Protocolo_1
Embalaje C,41.18,83.21,20.84,16.74,Normal,Origen D,Ambiente,Protocolo_1
Embalaje B,33.94,61.23,72.24,51.67,Normal,Origen A,Ambiente,Protocolo_1
Embalaje A,6.35,71.1,37.03,63.24,Normal,Origen A,Ambiente,Protocolo_1
Embalaje C,71.27,80.29,75.49,92.34,Frágil,Origen A,Refrigerado,Protocolo_2
Embalaje A,95.73,58.59,93.55,61.82,Normal,Origen C,Ambiente,Protocolo_1
Embalaje C,84.54,87.13,29.49,42.39,Normal,Origen D,Ambiente,Protocolo_1
Embalaje A,64.08,49.72,48.65,55.77,Normal,Origen C,Ambiente,Protocolo_1
Embalaje C,38.11,34.18,9.22,57.45,Normal,Origen D,Ambiente,Protocolo_1
Embalaje B,69.55,65.23,14.79,42.97,Frágil,Origen B,Ambiente,Protocolo_2
Embalaje A,14.09,59.25,68.74,53.54,Normal,Origen C,Ambiente,Protocolo_1
Embalaje C,52.98,76.83,29.88,20.75,Normal,Origen A,Ambiente,Protocolo_1
Embalaje B,61.22,95.68,24.23,44.78,Normal,Origen B,Ambiente,Protocolo_1
Embalaje B,64.08,96.32,60.56,70.34,Normal,Origen D,Ambiente,Protocolo_1
Embalaje C,66.84,18.56,84.65,87.25,Normal,Origen D,Ambiente,Protocolo_2
Embalaje C,47.74,87.01,7.0,95.42,Normal,Origen C,Refrigerado,Protocolo_2
Embalaje A,78.16,86.85,55.06,21.22,Frágil,Origen B,Ambiente,Protocolo_2
Embalaje C,53.65,98.48,78.21,93.95,Normal,Origen C,Ambiente,Protocolo_2
Embalaje A,17.21,51.9,37.05,8.11,Normal,Origen D,Ambiente,Protocolo_1
Embalaje A,56.77,47.58,12.71,99.03,Normal,Origen C,Ambiente,Protocolo_2
Embalaje B,56.2,48.08,65.36,12.08,Frágil,Origen A,Ambiente,Protocolo_2
Embalaje A,18.8,50.66,7.21,24.53,Normal,Origen B,Ambiente,Protocolo_1
Embalaje B,59.99,41.52,7.72,64.95,Normal,Origen B,Ambiente,Protocolo_1
Embalaje A,65.82,54.04,52.17,46.36,Normal,Origen A,Ambiente,Protocolo_1
Embalaje C,25.87,36.3,84.39,16.03,Normal,Origen D,Refrigerado,Protocolo_1
Embalaje A,73.67,27.03,70.92,50.0,Normal,Origen B,Ambiente,Protocolo_1
Embalaje B,61.28,28.93,36.05,51.47,Frágil,Origen C,Ambiente,Protocolo_2
Embalaje B,42.28,75.17,9.19,35.14,Normal,Origen B,Ambiente,Protocolo_1
Embalaje B,67.73,43.03,84.34,65.67,Normal,Origen A,Ambiente,Protocolo_1
Embalaje A,81.03,80.93,82.33,34.71,Normal,Origen B,Ambiente,Protocolo_1
Embalaje B,26.7,82.16,24.7,5.77,Frágil,Origen C,Ambiente,Protocolo_2
Embalaje B,96.01,50.33,78.37,49.52,Normal,Origen B,Refrigerado,Protocolo_1
Embalaje B,71.11,18.39,89.79,99.99,Normal,Origen A,Ambiente,Protocolo_2
Embalaje A,89.89,95.07,86.62,60.21,Normal,Origen B,Refrigerado,Protocolo_1
Embalaje C,55.7,6.26,28.85,59.44,Normal,Origen A,Ambiente,Protocolo_1
Embalaje C,7.96,75.34,6.23,42.83,Normal,Origen D,Ambiente,Protocolo_1
Embalaje A,96.91,19.57,99.73,15.18,Normal,Origen B,Ambiente,Protocolo_1
Embalaje B,43.59,17.04,63.11,82.61,Normal,Origen B,Ambiente,Protocolo_2
Embalaje A,52.24,27.27,55.86,70.75,Frágil,Origen A,Ambiente,Protocolo_2
Embalaje A,80.91,19.55,20.19,15.64,Frágil,Origen D,Ambiente,Protocolo_2
Embalaje C,52.99,29.12,49.08,28.46,Normal,Origen C,Ambiente,Protocolo_1
Embalaje C,74.84,14.89,78.77,15.51,Normal,Origen B,Ambiente,Protocolo_1
Embalaje A,21.65,11.52,29.68,19.48,Normal,Origen D,Ambiente,Protocolo_1
Embalaje B,35.7,90.38,46.18,72.18,Normal,Origen B,Ambiente,Protocolo_1
Embalaje C,80.49,32.24,75.48,88.73,Normal,Origen B,Ambiente,Protocolo_2
Embalaje A,91.4,53.91,49.08,37.82,Normal,Origen B,Ambiente,Protocolo_1
Embalaje B,50.13,22.79,65.41,14.75,Frágil,Origen C,Ambiente,Protocolo_2
Embalaje C,8.74,17.56,22.25,79.97,Normal,Origen A,Ambiente,Protocolo_1
Embalaje C,75.89,53.44,74.73,64.68,Normal,Origen A,Refrigerado,Protocolo_1
Embalaje C,40.78,82.16,86.13,60.32,Normal,Origen C,Ambiente,Protocolo_1
Embalaje B,37.57,41.94,40.8,48.84,Normal,Origen D,Ambiente,Protocolo_1
Embalaje A,97.04,12.41,66.42,15.43,Normal,Origen A,Refrigerado,Protocolo_1
Embalaje C,83.53,23.43,42.32,18.56,Frágil,Origen D,Refrigerado,Protocolo_2
Embalaje C,61.59,20.95,29.41,49.34,Normal,Origen B,Ambiente,Protocolo_1
Embalaje B,85.43,52.92,70.22,49.56,Frágil,Origen A,Ambiente,Protocolo_2
Embalaje B,80.23,99.65,59.51,24.08,Normal,Origen B,Ambiente,Protocolo_1
Embalaje B,37.9,79.23,94.94,21.97,Normal,Origen D,Ambiente,Protocolo_1
Embalaje A,51.11,24.93,34.78,56.3,Normal,Origen C,Ambiente,Protocolo_1
Embalaje C,50.0,20.37,91.42,73.48,Normal,Origen D,Ambiente,Protocolo_1
Embalaje B,60.08,90.99,63.57,79.23,Frágil,Origen A,Ambiente,Protocolo_2
Embalaje C,27.5,64.22,55.03,28.02,Normal,Origen B,Ambiente,Protocolo_1
Embalaje B,52.5,89.23,64.69,79.35,Normal,Origen B,Ambiente,Protocolo_1
Embalaje B,43.34,52.39,88.03,16.96,Normal,Origen B,Ambiente,Protocolo_1
Embalaje A,94.29,13.86,44.16,81.68,Normal,Origen C,Ambiente,Protocolo_2
Embalaje B,94.16,81.47,24.68,50.25,Normal,Origen A,Refrigerado,Protocolo_1
Embalaje C,63.85,86.21,26.38,11.26,Normal,Origen D,Ambiente,Protocolo_1
Embalaje C,90.57,50.08,98.64,71.56,Frágil,Origen B,Refrigerado,Protocolo_2
Embalaje C,96.96,26.06,92.03,43.79,Normal,Origen B,Ambiente,Protocolo_1
Embalaje C,43.23,77.08,53.02,84.65,Normal,Origen D,Refrigerado,Protocolo_2
Embalaje B,15.01,32.61,39.59,72.29,Frágil,Origen B,Ambiente,Protocolo_2
Embalaje C,17.85,26.18,86.7,14.49,Normal,Origen D,Ambiente,Protocolo_1
Embalaje B,17.69,42.4,18.34,5.35,Normal,Origen B,Ambiente,Protocolo_1
Embalaje C,53.59,49.43,29.13,19.75,Normal,Origen C,Ambiente,Protocolo_1
Embalaje A,42.53,44.81,59.88,45.48,Normal,Origen D,Ambiente,Protocolo_1
Embalaje C,19.63,39.15,62.76,77.95,Normal,Origen D,Ambiente,Protocolo_1
Embalaje A,19.09,43.1,7.7,10.58,Frágil,Origen B,Refrigerado,Protocolo_2
Embalaje B,64.27,8.97,96.45,6.41,Normal,Origen D,Ambiente,Protocolo_1
Embalaje C,93.67,95.8,55.67,59.69,Normal,Origen C,Ambiente,Protocolo_1
Embalaje A,60.13,77.8,61.29,68.67,Normal,Origen D,Ambiente,Protocolo_1
Embalaje A,74.09,89.69,34.18,4.36,Normal,Origen A,Ambiente,Protocolo_1
Embalaje B,18.17,66.27,25.51,18.62,Normal,Origen D,Ambiente,Protocolo_1
Embalaje C,26.03,78.74,25.25,70.29,Normal,Origen A,Ambiente,Protocolo_1
Embalaje B,51.92,18.85,90.39,95.08,Normal,Origen B,Ambiente,Protocolo_2
Embalaje B,35.78,66.83,30.08,61.94,Frágil,Origen C,Ambiente,Protocolo_2
Embalaje C,8.39,21.16,63.41,72.42,Normal,Origen A,Ambiente,Protocolo_1
Embalaje B,73.36,70.78,33.5,30.66,Frágil,Origen D,Ambiente,Protocolo_2
Embalaje C,10.86,47.47,67.96,87.31,Frágil,Origen C,Ambiente,Protocolo_2
Embalaje A,25.31,75.75,45.68,26.4,Normal,Origen B,Ambiente,Protocolo_1
Embalaje A,96.64,50.66,88.35,14.95,Normal,Origen A,Ambiente,Protocolo_1
Embalaje C,60.07,77.6,62.32,49.14,Normal,Origen A,Refrigerado,Protocolo_1
Embalaje B,46.49,60.72,60.85,65.27,Normal,Origen C,Ambiente,Protocolo_1
Embalaje A,21.77,31.56,87.62,28.94,Normal,Origen B,Ambiente,Protocolo_1
Embalaje C,48.12,20.99,44.7,6.08,Normal,Origen D,Ambiente,Protocolo_1
Embalaje C,53.82,42.82,22.83,42.74,Normal,Origen D,Ambiente,Protocolo_1
Embalaje C,22.86,90.98,76.17,7.1,Frágil,Origen C,Ambiente,Protocolo_2
Embalaje A,26.45,89.12,9.42,81.21,Normal,Origen D,Ambiente,Protocolo_2
Embalaje A,65.87,96.31,76.12,91.14,Normal,Origen C,Ambiente,Protocolo_2
Embalaje A,28.25,98.6,12.31,70.35,Normal,Origen B,Ambiente,Protocolo_1
Embalaje B,69.51,24.28,60.46,45.17,Normal,Origen A,Ambiente,Protocolo_1
Embalaje B,89.55,85.38,8.3,51.26,Normal,Origen C,Refrigerado,Protocolo_1
Embalaje A,83.54,90.08,32.98,82.71,Normal,Origen D,Ambiente,Protocolo_2
Embalaje A,32.64,87.25,74.07,30.28,Frágil,Origen C,Ambiente,Protocolo_2
Embalaje C,78.95,67.37,38.45,92.21,Normal,Origen C,Ambiente,Protocolo_2
Embalaje A,13.07,78.72,38.04,31.43,Normal,Origen D,Ambiente,Protocolo_1
Embalaje C,21.66,25.44,54.75,70.76,Normal,Origen A,Ambiente,Protocolo_1
Embalaje A,63.58,55.56,5.99,51.02,Normal,Origen A,Ambiente,Protocolo_1
Embalaje B,35.77,65.79,88.22,67.59,Normal,Origen C,Ambiente,Protocolo_1
Embalaje B,51.18,9.95,56.46,62.49,Normal,Origen B,Ambiente,Protocolo_1
Embalaje A,23.69,66.57,82.96,82.91,Normal,Origen C,Ambiente,Protocolo_2
Embalaje B,25.0,67.7,79.5,12.59,Normal,Origen C,Ambiente,Protocolo_1
Embalaje C,92.75,47.59,48.36,67.31,Normal,Origen D,Ambiente,Protocolo_1
Embalaje A,45.61,72.86,36.58,47.02,Normal,Origen A,Ambiente,Protocolo_1
Embalaje A,32.09,35.26,46.47,51.8,Normal,Origen C,Ambiente,Protocolo_1
Embalaje A,32.92,53.51,98.05,26.33,Normal,Origen C,Ambiente,Protocolo_1
Embalaje A,28.71,51.22,75.91,9.35,Normal,Origen B,Ambiente,Protocolo_1
Embalaje C,13.79,27.74,52.03,1.12,Frágil,Origen D,Ambiente,Protocolo_2
Embalaje C,28.81,76.11,38.52,76.95,Normal,Origen B,Ambiente,Protocolo_1
Embalaje B,30.96,67.92,93.28,10.35,Normal,Origen B,Ambiente,Protocolo_1
Embalaje B,33.52,19.69,84.44,75.78,Normal,Origen D,Refrigerado,Protocolo_1
Embalaje A,79.71,85.73,17.12,91.44,Normal,Origen A,Ambiente,Protocolo_2
Embalaje A,57.79,72.74,15.59,70.41,Normal,Origen B,Ambiente,Protocolo_1
Embalaje A,18.97,89.58,44.71,65.9,Normal,Origen B,Ambiente,Protocolo_1
Embalaje C,13.89,67.11,64.72,17.34,Normal,Origen B,Ambiente,Protocolo_1
Embalaje C,31.79,37.75,72.52,20.7,Normal,Origen A,Ambiente,Protocolo_1
Embalaje A,39.35,74.11,24.42,39.35,Frágil,Origen D,Ambiente,Protocolo_2
Embalaje C,59.74,71.15,39.99,23.48,Normal,Origen A,Ambiente,Protocolo_1
Embalaje A,84.31,45.57,81.23,38.23,Normal,Origen C,Ambiente,Protocolo_1
Embalaje B,30.8,51.46,91.41,13.41,Normal,Origen A,Ambiente,Protocolo_1
Embalaje A,88.86,71.89,72.17,85.37,Normal,Origen C,Ambiente,Protocolo_2
Embalaje A,13.99,46.54,94.06,89.98,Normal,Origen C,Ambiente,Protocolo_2
Embalaje B,56.1,33.46,44.44,72.22,Frágil,Origen B,Ambiente,Protocolo_2
Embalaje C,53.14,87.82,19.58,51.29,Normal,Origen C,Ambiente,Protocolo_1
Embalaje B,99.36,98.62,28.07,33.26,Normal,Origen D,Ambiente,Protocolo_1
Embalaje C,44.89,70.19,72.81,86.63,Normal,Origen B,Ambiente,Protocolo_2
Embalaje B,88.75,59.31,36.04,70.51,Normal,Origen B,Ambiente,Protocolo_1
Embalaje A,97.22,72.84,41.22,20.9,Frágil,Origen C,Ambiente,Protocolo_2
Embalaje A,15.52,97.22,68.74,1.14,Normal,Origen D,Ambiente,Protocolo_1
Embalaje C,68.35,86.98,11.76,91.98,Normal,Origen C,Ambiente,Protocolo_2
Embalaje A,55.12,8.27,47.86,29.34,Frágil,Origen C,Ambiente,Protocolo_2
Embalaje B,57.59,79.26,28.4,14.54,Normal,Origen D,Ambiente,Protocolo_1
Embalaje C,68.44,11.65,38.8,83.92,Normal,Origen C,Ambiente,Protocolo_2
Embalaje A,80.5,78.36,28.9,62.79,Normal,Origen C,Ambiente,Protocolo_1
Embalaje B,6.69,88.53,22.72,90.16,Normal,Origen D,Ambiente,Protocolo_2
Embalaje A,10.68,47.58,10.57,53.3,Normal,Origen A,Ambiente,Protocolo_1
Embalaje C,59.09,93.29,86.92,47.51,Normal,Origen A,Ambiente,Protocolo_1
Embalaje A,78.65,96.36,39.79,28.88,Frágil,Origen B,Ambiente,Protocolo_2
Embalaje A,77.23,42.28,16.37,42.18,Normal,Origen B,Refrigerado,Protocolo_1
Embalaje B,66.52,83.64,43.52,99.21,Normal,Origen B,Ambiente,Protocolo_2
Embalaje B,17.31,7.49,10.88,94.31,Normal,Origen B,Ambiente,Protocolo_2
Embalaje B,11.64,52.27,87.34,62.73,Normal,Origen B,Ambiente,Protocolo_1
Embalaje C,93.59,32.56,10.55,43.1,Normal,Origen D,Ambiente,Protocolo_1
Embalaje C,86.86,81.91,52.84,49.61,Normal,Origen D,Ambiente,Protocolo_1
Embalaje A,56.26,64.81,41.86,20.75,Normal,Origen B,Ambiente,Protocolo_1
Embalaje B,43.78,34.47,29.7,55.75,Normal,Origen C,Ambiente,Protocolo_1
Embalaje C,18.89,15.52,76.89,41.06,Normal,Origen B,Refrigerado,Protocolo_1
Embalaje C,80.66,92.03,90.9,78.05,Normal,Origen D,Ambiente,Protocolo_1
Embalaje B,78.44,43.06,38.22,66.25,Frágil,Origen C,Ambiente,Protocolo_2
Embalaje B,86.94,57.33,51.95,22.54,Normal,Origen C,Ambiente,Protocolo_1
Embalaje B,92.28,45.73,41.51,37.97,Normal,Origen B,Ambiente,Protocolo_1
Embalaje C,35.54,9.62,49.26,39.14,Normal,Origen D,Ambiente,Protocolo_1
Embalaje A,88.96,13.45,57.26,9.75,Frágil,Origen C,Ambiente,Protocolo_2
Embalaje A,45.44,59.11,94.19,85.12,Normal,Origen C,Refrigerado,Protocolo_2
Embalaje A,94.55,27.56,18.31,49.9,Normal,Origen C,Ambiente,Protocolo_1
Embalaje B,61.25,57.34,22.71,76.05,Normal,Origen C,Ambiente,Protocolo_1
Embalaje B,83.55,63.24,85.21,6.43,Normal,Origen A,Ambiente,Protocolo_1
Embalaje B,24.42,61.16,89.99,82.32,Normal,Origen B,Ambiente,Protocolo_2
Embalaje B,89.9,26.6,67.4,18.51,Normal,Origen A,Ambiente,Protocolo_1
Embalaje A,35.77,25.69,83.76,6.04,Normal,Origen D,Ambiente,Protocolo_1
Embalaje A,39.75,62.92,40.71,75.74,Normal,Origen D,Ambiente,Protocolo_1
Embalaje B,98.42,40.79,50.38,96.66,Normal,Origen D,Ambiente,Protocolo_2
Embalaje B,41.94,86.48,24.62,32.91,Normal,Origen A,Ambiente,Protocolo_1
Embalaje A,88.62,60.05,38.23,36.48,Normal,Origen B,Ambiente,Protocolo_1
Embalaje B,54.95,86.75,82.46,53.99,Normal,Origen B,Ambiente,Protocolo_1
Embalaje A,47.89,93.53,93.84,60.32,Normal,Origen A,Ambiente,Protocolo_1
Embalaje A,35.86,49.2,39.71,44.43,Normal,Origen D,Refrigerado,Protocolo_1
Embalaje A,88.0,49.32,5.21,62.56,Normal,Origen C,Ambiente,Protocolo_1
Embalaje B,9.78,98.78,38.83,73.07,Normal,Origen C,Ambiente,Protocolo_1
Embalaje B,29.76,34.95,7.94,56.47,Normal,Origen B,Ambiente,Protocolo_1
Embalaje B,6.29,70.2,87.86,28.39,Normal,Origen A,Ambiente,Protocolo_1
Embalaje B,25.01,15.0,89.31,71.95,Normal,Origen A,Ambiente,Protocolo_1
Embalaje C,36.28,50.97,26.3,7.83,Normal,Origen B,Refrigerado,Protocolo_1
Embalaje C,15.24,24.34,86.42,21.85,Normal,Origen D,Ambiente,Protocolo_1
Embalaje A,9.49,68.9,83.96,34.64,Frágil,Origen A,Ambiente,Protocolo_2
Embalaje A,11.06,26.48,73.99,54.21,Frágil,Origen D,Ambiente,Protocolo_2
Embalaje C,6.91,27.55,97.26,88.14,Normal,Origen A,Ambiente,Protocolo_2
Embalaje B,25.22,65.7,57.19,56.63,Normal,Origen B,Ambiente,Protocolo_1
Embalaje A,93.05,70.78,81.01,42.04,Normal,Origen A,Ambiente,Protocolo_1
Embalaje A,70.62,58.92,96.86,11.17,Frágil,Origen B,Ambiente,Protocolo_2
Embalaje B,11.66,62.62,60.62,20.19,Normal,Origen D,Ambiente,Protocolo_1
Embalaje C,12.89,38.32,98.48,18.3,Normal,Origen A,Ambiente,Protocolo_1
Embalaje C,68.9,23.14,48.29,84.64,Normal,Origen C,Ambiente,Protocolo_2
Embalaje B,47.8,65.78,26.21,29.7,Normal,Origen D,Ambiente,Protocolo_1
Embalaje A,93.25,51.36,43.43,13.96,Normal,Origen A,Ambiente,Protocolo_1
Embalaje B,61.23,83.16,74.34,50.23,Normal,Origen C,Ambiente,Protocolo_1
Embalaje C,78.8,72.22,51.13,29.38,Normal,Origen B,Ambiente,Protocolo_1
Embalaje B,92.2,91.52,87.81,35.75,Normal,Origen A,Refrigerado,Protocolo_1
Embalaje B,88.83,13.87,17.72,49.71,Normal,Origen B,Ambiente,Protocolo_1
Embalaje A,97.55,39.48,59.35,58.03,Frágil,Origen D,Ambiente,Protocolo_2
Embalaje A,26.99,88.3,28.66,48.7,Frágil,Origen D,Ambiente,Protocolo_2
Embalaje A,9.58,23.28,31.26,7.04,Normal,Origen D,Ambiente,Protocolo_1
Embalaje A,70.68,74.31,56.37,41.26,Normal,Origen C,Ambiente,Protocolo_1
Embalaje C,62.99,7.63,37.57,60.63,Normal,Origen B,Ambiente,Protocolo_1
Embalaje C,41.51,58.55,63.68,84.01,Frágil,Origen C,Ambiente,Protocolo_2
Embalaje A,96.85,59.37,72.04,11.59,Normal,Origen D,Ambiente,Protocolo_1
Embalaje A,9.33,31.46,76.31,7.59,Normal,Origen C,Ambiente,Protocolo_1
Embalaje A,32.0,20.04,19.0,86.57,Frágil,Origen C,Ambiente,Protocolo_2
Embalaje A,29.36,47.13,12.94,87.78,Normal,Origen A,Ambiente,Protocolo_2
Embalaje C,6.62,48.63,36.79,66.24,Normal,Origen C,Refrigerado,Protocolo_1
Embalaje A,15.87,24.18,93.01,8.75,Normal,Origen D,Ambiente,Protocolo_1
Embalaje A,54.54,71.01,68.78,4.53,Normal,Origen D,Ambiente,Protocolo_1
Embalaje C,70.83,78.51,48.63,8.02,Frágil,Origen A,Ambiente,Protocolo_2
Embalaje B,61.06,58.58,7.7,16.2,Normal,Origen D,Ambiente,Protocolo_1
Embalaje A,37.36,17.11,88.24,61.94,Normal,Origen A,Refrigerado,Protocolo_1
Embalaje C,28.04,93.96,25.06,93.87,Frágil,Origen A,Refrigerado,Protocolo_2
Embalaje B,94.34,66.39,42.13,50.69,Normal,Origen D,Ambiente,Protocolo_1
Embalaje C,49.67,68.82,20.13,98.4,Normal,Origen B,Ambiente,Protocolo_2
Embalaje C,76.71,6.58,17.97,13.51,Normal,Origen C,Ambiente,Protocolo_1
Embalaje A,50.41,99.72,37.99,92.8,Normal,Origen A,Refrigerado,Protocolo_2
Embalaje A,15.69,71.95,58.04,8.64,Frágil,Origen A,Ambiente,Protocolo_2
Embalaje C,35.6,17.48,82.66,40.88,Frágil,Origen C,Refrigerado,Protocolo_2
Embalaje B,58.84,43.04,42.12,95.17,Normal,Origen A,Refrigerado,Protocolo_2
Embalaje C,80.11,59.94,90.93,89.55,Normal,Origen A,Refrigerado,Protocolo_2
Embalaje B,50.43,51.32,16.32,53.94,Normal,Origen C,Ambiente,Protocolo_1
Embalaje A,93.06,69.96,74.6,60.23,Normal,Origen A,Ambiente,Protocolo_1
Embalaje A,42.6,92.76,7.78,52.83,Normal,Origen B,Ambiente,Protocolo_1
Embalaje C,76.03,27.11,93.08,27.66,Normal,Origen D,Ambiente,Protocolo_1
Embalaje A,81.27,56.99,38.21,62.15,Normal,Origen B,Ambiente,Protocolo_1
Embalaje C,17.7,86.94,39.65,52.73,Normal,Origen B,Ambiente,Protocolo_1
Embalaje A,90.7,41.25,22.6,92.63,Normal,Origen D,Ambiente,Protocolo_2
Embalaje A,48.96,55.49,84.4,74.02,Normal,Origen D,Ambiente,Protocolo_1
Embalaje A,87.17,56.84,51.9,52.46,Frágil,Origen A,Ambiente,Protocolo_2
Embalaje C,48.91,56.36,93.91,64.91,Frágil,Origen B,Refrigerado,Protocolo_2
Embalaje C,17.94,90.77,52.51,20.42,Normal,Origen D,Refrigerado,Protocolo_1
Embalaje B,61.05,11.88,79.88,70.08,Normal,Origen D,Ambiente,Protocolo_1
Embalaje B,70.41,44.67,42.85,48.61,Normal,Origen C,Ambiente,Protocolo_1
Embalaje B,56.92,53.57,28.95,49.67,Normal,Origen A,Ambiente,Protocolo_1
Embalaje B,67.58,28.38,48.16,3.66,Normal,Origen B,Ambiente,Protocolo_1
Embalaje A,51.55,80.61,34.56,77.01,Normal,Origen D,Ambiente,Protocolo_1
Embalaje B,50.01,74.41,44.05,66.92,Frágil,Origen A,Refrigerado,Protocolo_2
Embalaje C,28.17,20.93,11.97,32.28,Normal,Origen A,Ambiente,Protocolo_1
Embalaje A,5.66,82.83,9.88,64.66,Normal,Origen D,Ambiente,Protocolo_1
Embalaje A,39.04,26.76,37.54,52.43,Normal,Origen A,Ambiente,Protocolo_1
Embalaje A,95.65,47.17,38.22,96.04,Normal,Origen D,Ambiente,Protocolo_2
Embalaje B,97.69,99.67,58.03,85.18,Normal,Origen D,Ambiente,Protocolo_2
Embalaje A,9.84,15.21,88.0,29.7,Normal,Origen B,Refrigerado,Protocolo_1
Embalaje C,82.95,49.37,22.03,99.81,Normal,Origen B,Ambiente,Protocolo_2
Embalaje C,20.78,36.72,8.76,18.47,Normal,Origen A,Ambiente,Protocolo_1
Embalaje A,42.39,82.46,70.05,92.13,Frágil,Origen A,Ambiente,Protocolo_2
Embalaje A,20.39,69.13,10.09,70.55,Frágil,Origen C,Refrigerado,Protocolo_2
Embalaje A,14.6,89.22,41.34,1.09,Frágil,Origen B,Ambiente,Protocolo_2
Embalaje B,40.21,86.84,99.01,54.45,Normal,Origen C,Refrigerado,Protocolo_1
Embalaje C,31.98,85.7,21.06,77.48,Normal,Origen B,Ambiente,Protocolo_1
Embalaje B,29.5,59.54,36.21,66.97,Frágil,Origen C,Ambiente,Protocolo_2
Embalaje C,70.05,86.37,42.22,83.07,Normal,Origen A,Ambiente,Protocolo_2
Embalaje A,94.47,84.42,79.56,63.76,Normal,Origen A,Ambiente,Protocolo_1
Embalaje C,35.53,73.5,11.09,90.54,Normal,Origen A,Ambiente,Protocolo_2
Embalaje C,51.51,78.3,17.69,70.02,Normal,Origen A,Ambiente,Protocolo_1
Embalaje A,14.73,24.34,27.26,39.27,Normal,Origen A,Ambiente,Protocolo_1
Embalaje B,25.04,63.3,7.1,62.3,Frágil,Origen B,Ambiente,Protocolo_2
Embalaje B,44.35,92.08,22.9,34.01,Normal,Origen B,Ambiente,Protocolo_1
Embalaje C,98.94,36.76,76.43,60.83,Normal,Origen B,Refrigerado,Protocolo_1
Embalaje C,99.78,69.46,76.37,97.48,Normal,Origen C,Ambiente,Protocolo_2
Embalaje B,67.55,62.74,74.08,96.23,Normal,Origen D,Ambiente,Protocolo_2
Embalaje C,83.23,36.75,43.67,72.42,Normal,Origen C,Ambiente,Protocolo_1
Embalaje A,82.28,27.71,73.23,26.29,Normal,Origen D,Ambiente,Protocolo_1
Embalaje C,46.26,18.47,67.9,98.44,Frágil,Origen D,Ambiente,Protocolo_2
Embalaje B,42.92,9.93,70.25,44.35,Normal,Origen A,Ambiente,Protocolo_1
Embalaje A,15.81,31.12,46.42,25.86,Normal,Origen B,Refrigerado,Protocolo_1
Embalaje C,96.41,35.07,54.82,58.44,Normal,Origen B,Ambiente,Protocolo_1
Embalaje B,58.19,62.23,75.91,17.4,Normal,Origen C,Ambiente,Protocolo_1
Embalaje B,19.0,51.64,81.13,96.07,Frágil,Origen D,Ambiente,Protocolo_2
Embalaje B,64.07,99.38,72.64,8.17,Normal,Origen C,Ambiente,Protocolo_1
Embalaje B,24.99,22.99,25.28,76.1,Normal,Origen C,Ambiente,Protocolo_1
Embalaje A,79.79,26.08,78.98,71.45,Normal,Origen A,Ambiente,Protocolo_1
Embalaje A,15.38,16.71,68.29,81.31,Normal,Origen D,Ambiente,Protocolo_2
Embalaje B,65.93,50.37,26.03,18.1,Frágil,Origen D,Ambiente,Protocolo_2
Embalaje B,73.73,72.62,32.27,85.52,Frágil,Origen B,Ambiente,Protocolo_2
Embalaje C,78.66,24.64,28.02,35.75,Normal,Origen B,Ambiente,Protocolo_1
Embalaje C,13.09,96.14,19.74,88.11,Normal,Origen D,Ambiente,Protocolo_2
Embalaje C,60.97,35.0,30.05,75.79,Normal,Origen C,Ambiente,Protocolo_1
Embalaje C,59.36,35.84,75.78,14.73,Normal,Origen C,Ambiente,Protocolo_1
Embalaje C,72.6,13.5,27.62,3.97,Normal,Origen B,Ambiente,Protocolo_1
Embalaje C,55.16,73.79,78.38,30.27,Normal,Origen B,Refrigerado,Protocolo_1
Embalaje B,87.19,23.75,39.72,15.54,Normal,Origen A,Ambiente,Protocolo_1
Embalaje A,84.58,14.14,24.32,69.53,Normal,Origen A,Refrigerado,Protocolo_1
Embalaje A,86.29,35.92,82.91,78.61,Normal,Origen A,Ambiente,Protocolo_1
Embalaje A,55.59,97.36,95.66,79.42,Normal,Origen C,Ambiente,Protocolo_1
Embalaje C,26.01,26.56,36.38,65.06,Normal,Origen D,Ambiente,Protocolo_1
Embalaje C,63.67,87.97,41.12,83.87,Frágil,Origen A,Ambiente,Protocolo_2
Embalaje B,77.03,71.87,13.81,60.87,Normal,Origen B,Ambiente,Protocolo_1
Embalaje A,34.12,18.97,32.0,69.77,Frágil,Origen B,Ambiente,Protocolo_2
Embalaje C,80.58,7.3,87.41,96.23,Normal,Origen B,Ambiente,Protocolo_2
Embalaje C,13.81,37.24,28.47,50.38,Frágil,Origen A,Ambiente,Protocolo_2
Embalaje C,18.27,32.78,83.58,34.49,Normal,Origen C,Ambiente,Protocolo_1
Embalaje A,15.0,10.68,94.52,74.95,Normal,Origen C,Ambiente,Protocolo_1
Embalaje A,88.2,91.96,37.74,9.48,Normal,Origen B,Ambiente,Protocolo_1
Embalaje C,47.85,76.76,71.8,34.14,Frágil,Origen B,Ambiente,Protocolo_2
Embalaje C,92.16,59.55,26.03,78.78,Normal,Origen B,Ambiente,Protocolo_1
Embalaje B,92.49,45.03,34.08,27.3,Frágil,Origen D,Ambiente,Protocolo_2
Embalaje C,39.0,9.84,44.69,37.8,Normal,Origen D,Ambiente,Protocolo_1
Embalaje C,46.11,71.24,82.87,22.47,Normal,Origen C,Ambiente,Protocolo_1
Embalaje A,90.01,61.08,25.25,75.7,Frágil,Origen D,Ambiente,Protocolo_2
Embalaje A,96.69,64.79,89.39,71.35,Normal,Origen B,Ambiente,Protocolo_1
Embalaje B,38.34,86.42,93.13,25.4,Normal,Origen D,Ambiente,Protocolo_1
Embalaje C,15.42,78.11,61.96,51.8,Normal,Origen D,Ambiente,Protocolo_1
Embalaje B,76.68,29.4,77.38,99.85,Normal,Origen C,Refrigerado,Protocolo_2
Embalaje C,62.75,17.52,98.22,34.95,Normal,Origen A,Ambiente,Protocolo_1
Embalaje B,21.25,98.66,96.15,58.1,Normal,Origen B,Ambiente,Protocolo_1
Embalaje A,42.26,68.84,8.14,70.77,Normal,Origen A,Ambiente,Protocolo_1
Embalaje A,87.34,78.45,82.28,1.07,Normal,Origen B,Ambiente,Protocolo_1
Embalaje B,71.02,41.06,35.11,19.09,Normal,Origen C,Ambiente,Protocolo_1
Embalaje A,41.48,44.68,7.33,75.04,Normal,Origen D,Ambiente,Protocolo_1
Embalaje A,77.61,47.8,8.65,85.64,Normal,Origen D,Ambiente,Protocolo_2
Embalaje C,72.77,9.1,72.68,21.3,Normal,Origen B,Refrigerado,Protocolo_1
Embalaje B,5.44,17.98,72.97,39.15,Normal,Origen A,Ambiente,Protocolo_1
Embalaje A,37.73,62.97,82.22,77.98,Normal,Origen B,Ambiente,Protocolo_1
Embalaje C,41.88,79.1,39.83,84.08,Normal,Origen A,Refrigerado,Protocolo_2
Embalaje C,46.3,77.21,25.19,36.42,Normal,Origen A,Ambiente,Protocolo_1
Embalaje B,79.44,61.67,6.83,50.75,Normal,Origen A,Ambiente,Protocolo_1
Embalaje B,45.05,19.48,50.81,97.7,Frágil,Origen C,Ambiente,Protocolo_2
Embalaje B,26.51,37.89,13.84,89.74,Normal,Origen D,Ambiente,Protocolo_2
Embalaje C,97.94,96.31,33.88,65.29,Normal,Origen B,Ambiente,Protocolo_1
Embalaje B,66.08,13.8,61.84,5.15,Normal,Origen D,Ambiente,Protocolo_1
Embalaje B,94.61,49.03,85.26,39.43,Frágil,Origen A,Ambiente,Protocolo_2
Embalaje C,66.23,10.0,42.48,24.11,Frágil,Origen B,Ambiente,Protocolo_2
Embalaje C,8.53,57.64,55.04,56.41,Normal,Origen D,Ambiente,Protocolo_1
Embalaje C,91.48,16.31,78.49,12.36,Normal,Origen C,Ambiente,Protocolo_1
Embalaje A,24.91,42.41,21.39,80.72,Frágil,Origen B,Ambiente,Protocolo_2
Embalaje C,36.13,21.69,11.02,15.95,Frágil,Origen B,Ambiente,Protocolo_2
Embalaje B,61.06,16.68,97.38,66.12,Normal,Origen B,Ambiente,Protocolo_1
Embalaje A,24.52,38.98,73.44,64.17,Normal,Origen A,Ambiente,Protocolo_1
Embalaje A,59.14,7.68,43.28,2.94,Frágil,Origen A,Ambiente,Protocolo_2
Embalaje C,15.27,33.55,36.59,70.95,Frágil,Origen C,Refrigerado,Protocolo_2
Embalaje C,67.99,18.4,9.32,63.99,Normal,Origen D,Refrigerado,Protocolo_1
Embalaje A,30.26,96.42,26.48,60.84,Normal,Origen B,Ambiente,Protocolo_1
Embalaje C,38.26,55.0,32.2,20.85,Normal,Origen D,Ambiente,Protocolo_1
Embalaje A,14.07,99.54,73.59,5.88,Normal,Origen B,Ambiente,Protocolo_1
Embalaje A,41.43,40.93,23.33,77.71,Frágil,Origen D,Refrigerado,Protocolo_2
Embalaje A,63.4,65.34,40.19,48.59,Frágil,Origen B,Ambiente,Protocolo_2
Embalaje B,81.53,60.78,67.08,41.16,Normal,Origen C,Ambiente,Protocolo_1
Embalaje C,35.73,96.35,73.53,98.45,Normal,Origen B,Ambiente,Protocolo_2
Embalaje C,55.73,72.63,13.32,76.53,Normal,Origen D,Ambiente,Protocolo_1
Embalaje B,33.9,89.26,58.73,80.06,Normal,Origen C,Ambiente,Protocolo_2
Embalaje C,84.39,14.73,57.39,33.62,Normal,Origen A,Ambiente,Protocolo_1
Embalaje A,30.69,51.96,42.31,97.86,Normal,Origen B,Ambiente,Protocolo_2
Embalaje B,39.03,16.65,53.18,69.95,Frágil,Origen B,Ambiente,Protocolo_2
Embalaje C,79.65,94.59,46.1,39.08,Normal,Origen D,Ambiente,Protocolo_1
Embalaje A,36.18,83.11,49.26,83.78,Normal,Origen C,Ambiente,Protocolo_2
Embalaje C,13.83,64.27,60.74,94.34,Normal,Origen C,Ambiente,Protocolo_2
Embalaje C,12.98,13.61,20.49,92.82,Normal,Origen D,Ambiente,Protocolo_2
Embalaje A,76.15,17.68,24.73,69.21,Frágil,Origen D,Ambiente,Protocolo_2
Embalaje A,74.95,40.12,56.3,15.53,Normal,Origen C,Ambiente,Protocolo_1
Embalaje B,68.67,89.35,36.55,1.74,Normal,Origen D,Ambiente,Protocolo_1
Embalaje A,13.75,49.48,27.17,98.03,Normal,Origen B,Ambiente,Protocolo_2
Embalaje B,71.59,53.31,57.76,83.66,Normal,Origen C,Ambiente,Protocolo_2
Embalaje C,91.02,72.52,62.49,60.35,Normal,Origen B,Ambiente,Protocolo_1
Embalaje B,91.61,21.05,20.16,25.75,Normal,Origen D,Ambiente,Protocolo_1
Embalaje A,89.0,33.54,98.87,99.0,Frágil,Origen D,Ambiente,Protocolo_2
Embalaje B,24.71,64.49,78.24,42.96,Normal,Origen C,Ambiente,Protocolo_1
Embalaje C,30.65,39.03,38.2,85.84,Normal,Origen C,Ambiente,Protocolo_2
Embalaje B,47.28,38.4,32.97,27.75,Normal,Origen D,Refrigerado,Protocolo_1
Embalaje B,63.7,24.69,8.81,14.21,Frágil,Origen A,Ambiente,Protocolo_2
Embalaje B,11.61,83.1,83.58,69.19,Frágil,Origen A,Ambiente,Protocolo_2
Embalaje B,75.01,93.92,80.52,94.87,Normal,Origen C,Ambiente,Protocolo_2
Embalaje C,31.97,68.88,47.58,56.86,Normal,Origen C,Ambiente,Protocolo_1
Embalaje B,66.88,67.45,25.39,41.02,Normal,Origen B,Ambiente,Protocolo_1
Embalaje B,16.09,44.43,14.01,73.69,Normal,Origen B,Ambiente,Protocolo_1
Embalaje A,76.09,94.82,53.62,9.12,Normal,Origen B,Ambiente,Protocolo_1
Embalaje C,67.5,10.93,37.13,79.1,Normal,Origen A,Ambiente,Protocolo_1
Embalaje C,72.68,24.87,79.73,69.48,Normal,Origen D,Ambiente,Protocolo_1
Embalaje A,44.86,7.34,14.75,88.31,Normal,Origen C,Refrigerado,Protocolo_2
Embalaje A,65.62,83.57,36.22,50.92,Normal,Origen A,Refrigerado,Protocolo_1
Embalaje A,89.09,88.54,68.15,47.32,Normal,Origen A,Refrigerado,Protocolo_1
Embalaje A,98.77,9.95,44.4,87.59,Normal,Origen C,Ambiente,Protocolo_2
Embalaje A,44.46,90.07,5.76,91.94,Normal,Origen D,Ambiente,Protocolo_2
Embalaje C,20.87,57.1,70.97,26.23,Frágil,Origen D,Ambiente,Protocolo_2
Embalaje C,8.29,27.73,81.07,64.56,Normal,Origen D,Ambiente,Protocolo_1
Embalaje C,65.8,53.77,52.18,53.79,Frágil,Origen D,Ambiente,Protocolo_2
Embalaje A,95.5,45.05,55.57,5.65,Normal,Origen D,Refrigerado,Protocolo_1
Embalaje A,9.61,54.53,74.98,90.17,Frágil,Origen A,Ambiente,Protocolo_2
Embalaje A,9.01,66.91,35.84,75.29,Normal,Origen A,Ambiente,Protocolo_1
Embalaje A,17.66,82.02,10.1,71.2,Normal,Origen C,Ambiente,Protocolo_1
Embalaje B,42.3,40.55,99.8,26.64,Normal,Origen D,Ambiente,Protocolo_1
Embalaje C,17.1,13.25,29.75,92.53,Normal,Origen D,Ambiente,Protocolo_2
Embalaje A,32.58,62.01,93.53,67.24,Normal,Origen D,Ambiente,Protocolo_1
Embalaje C,31.59,30.67,96.98,26.84,Normal,Origen D,Ambiente,Protocolo_1
Embalaje C,20.51,21.39,65.58,54.21,Normal,Origen B,Ambiente,Protocolo_1
Embalaje C,14.17,31.67,25.71,31.3,Normal,Origen A,Ambiente,Protocolo_1
Embalaje B,29.67,43.59,41.83,7.17,Normal,Origen A,Ambiente,Protocolo_1
Embalaje A,46.75,10.56,54.87,12.52,Normal,Origen C,Ambiente,Protocolo_1
Embalaje B,20.62,65.73,37.67,92.23,Normal,Origen C,Ambiente,Protocolo_2
Embalaje B,22.36,54.01,19.21,50.15,Normal,Origen B,Ambiente,Protocolo_1
Embalaje B,6.03,93.48,80.75,30.86,Normal,Origen C,Ambiente,Protocolo_1
Embalaje A,94.34,89.52,56.2,70.29,Normal,Origen A,Ambiente,Protocolo_1
Embalaje B,22.53,77.91,35.36,38.26,Normal,Origen C,Ambiente,Protocolo_1
Embalaje B,57.83,7.32,25.75,23.73,Normal,Origen B,Ambiente,Protocolo_1
Embalaje A,98.35,38.71,9.19,74.95,Normal,Origen A,Ambiente,Protocolo_1
Embalaje A,49.36,46.24,90.93,51.0,Normal,Origen C,Refrigerado,Protocolo_1
Embalaje A,49.5,99.3,70.81,27.82,Normal,Origen A,Ambiente,Protocolo_1
Embalaje A,19.25,82.7,25.45,8.23,Normal,Origen D,Ambiente,Protocolo_1
Embalaje B,27.62,93.22,72.25,80.33,Normal,Origen A,Ambiente,Protocolo_2
Embalaje C,23.5,82.58,76.85,37.73,Normal,Origen A,Ambiente,Protocolo_1
Embalaje B,19.14,11.02,80.3,9.99,Normal,Origen A,Ambiente,Protocolo_1
Embalaje B,14.74,31.28,12.2,70.56,Frágil,Origen D,Ambiente,Protocolo_2
Embalaje B,40.88,95.67,59.81,41.03,Normal,Origen C,Ambiente,Protocolo_1
Embalaje A,66.57,79.45,18.13,30.86,Normal,Origen C,Ambiente,Protocolo_1
Embalaje B,50.91,87.64,40.83,48.2,Normal,Origen A,Ambiente,Protocolo_1
Embalaje B,12.97,41.19,62.17,57.7,Normal,Origen B,Ambiente,Protocolo_1
Embalaje C,94.41,37.99,30.32,18.53,Normal,Origen D,Ambiente,Protocolo_1
Embalaje A,6.61,30.27,51.61,67.39,Normal,Origen C,Ambiente,Protocolo_1
Embalaje A,51.1,6.2,89.79,16.18,Frágil,Origen A,Ambiente,Protocolo_2
Embalaje B,22.82,55.76,20.71,26.73,Normal,Origen B,Ambiente,Protocolo_1
Embalaje B,61.81,14.18,83.68,84.19,Normal,Origen D,Ambiente,Protocolo_2
Embalaje C,99.0,51.23,84.19,18.32,Frágil,Origen B,Ambiente,Protocolo_2
Embalaje B,65.5,77.04,92.89,92.26,Normal,Origen D,Ambiente,Protocolo_2
Embalaje B,60.97,49.54,39.44,76.7,Normal,Origen C,Ambiente,Protocolo_1
Embalaje C,84.67,61.86,7.88,59.17,Normal,Origen D,Ambiente,Protocolo_1
Embalaje B,79.9,7.58,44.61,24.47,Normal,Origen A,Ambiente,Protocolo_1
Embalaje A,64.99,93.94,96.5,2.35,Normal,Origen A,Ambiente,Protocolo_1
Embalaje C,23.09,82.92,97.11,23.64,Normal,Origen D,Ambiente,Protocolo_1
Embalaje B,96.09,35.43,56.76,76.73,Normal,Origen B,Ambiente,Protocolo_1
Embalaje A,86.8,14.87,50.8,69.04,Normal,Origen B,Ambiente,Protocolo_1
Embalaje A,32.02,98.51,94.17,49.54,Normal,Origen B,Ambiente,Protocolo_1
Embalaje C,33.6,90.23,24.89,93.84,Normal,Origen B,Ambiente,Protocolo_2
Embalaje A,59.35,73.59,42.72,71.33,Normal,Origen D,Ambiente,Protocolo_1
Embalaje C,6.21,12.14,47.79,40.71,Frágil,Origen B,Ambiente,Protocolo_2
Embalaje B,99.11,98.52,73.06,68.35,Normal,Origen A,Ambiente,Protocolo_1
Embalaje C,30.84,98.77,94.54,38.92,Normal,Origen D,Ambiente,Protocolo_1
Embalaje C,24.88,51.65,27.22,29.54,Normal,Origen B,Ambiente,Protocolo_1
Embalaje A,60.59,91.88,87.55,74.28,Normal,Origen B,Ambiente,Protocolo_1
Embalaje C,51.22,5.97,9.36,85.65,Normal,Origen C,Ambiente,Protocolo_2
Embalaje A,99.38,46.17,26.53,89.44,Normal,Origen C,Ambiente,Protocolo_2
Embalaje A,28.69,59.44,35.85,96.05,Normal,Origen D,Ambiente,Protocolo_2
Embalaje C,20.05,93.36,66.93,66.28,Normal,Origen C,Ambiente,Protocolo_1
Embalaje A,37.05,69.55,41.61,21.84,Normal,Origen D,Ambiente,Protocolo_1
Embalaje A,92.69,45.75,38.85,25.54,Frágil,Origen B,Ambiente,Protocolo_2
Embalaje C,42.75,34.39,67.83,38.74,Normal,Origen C,Ambiente,Protocolo_1
Embalaje C,54.92,40.02,70.26,58.99,Normal,Origen B,Ambiente,Protocolo_1
Embalaje B,62.14,80.51,28.06,11.71,Normal,Origen B,Ambiente,Protocolo_1
Embalaje A,91.81,96.6,39.66,59.88,Normal,Origen A,Refrigerado,Protocolo_1
Embalaje A,87.35,87.62,54.24,32.8,Frágil,Origen D,Ambiente,Protocolo_2
Embalaje B,28.33,31.63,89.47,65.52,Normal,Origen C,Ambiente,Protocolo_1
Embalaje C,36.52,52.76,38.73,38.56,Normal,Origen C,Ambiente,Protocolo_1
Embalaje A,73.34,60.24,35.54,47.28,Normal,Origen B,Ambiente,Protocolo_1
Embalaje B,59.68,92.78,71.25,90.89,Normal,Origen B,Ambiente,Protocolo_2
Embalaje C,50.53,30.27,84.53,69.26,Normal,Origen C,Refrigerado,Protocolo_1
Embalaje B,84.45,56.41,17.37,94.39,Normal,Origen A,Ambiente,Protocolo_2
Embalaje C,73.23,71.95,38.3,96.08,Normal,Origen B,Ambiente,Protocolo_2
Embalaje A,52.6,83.55,65.07,2.27,Normal,Origen C,Ambiente,Protocolo_1
Embalaje C,5.56,95.0,23.84,63.92,Normal,Origen B,Ambiente,Protocolo_1
Embalaje C,50.03,63.23,60.55,16.73,Normal,Origen B,Ambiente,Protocolo_1
Embalaje C,21.81,21.87,32.78,24.95,Normal,Origen B,Ambiente,Protocolo_1
Embalaje C,87.91,41.03,7.47,41.21,Frágil,Origen B,Ambiente,Protocolo_2
Embalaje B,76.4,92.63,99.91,20.69,Normal,Origen D,Ambiente,Protocolo_1
Embalaje C,26.29,71.52,80.93,93.05,Normal,Origen C,Refrigerado,Protocolo_2
Embalaje C,57.71,29.81,26.25,33.23,Normal,Origen B,Ambiente,Protocolo_1
Embalaje C,79.3,27.28,93.46,93.04,Normal,Origen D,Ambiente,Protocolo_2
Embalaje C,17.49,8.12,12.52,96.92,Normal,Origen A,Ambiente,Protocolo_2
Embalaje B,23.77,94.03,81.78,35.28,Normal,Origen A,Ambiente,Protocolo_1
Embalaje A,59.13,23.5,73.86,38.25,Normal,Origen C,Ambiente,Protocolo_1
Embalaje C,54.62,10.47,55.08,61.48,Normal,Origen A,Ambiente,Protocolo_1
Embalaje A,34.35,5.24,9.89,33.78,Frágil,Origen D,Refrigerado,Protocolo_2
Embalaje B,20.23,51.88,78.84,60.82,Normal,Origen B,Ambiente,Protocolo_1
Embalaje B,66.29,29.22,71.57,59.19,Normal,Origen C,Ambiente,Protocolo_1
Embalaje C,10.16,78.59,84.38,31.14,Normal,Origen B,Ambiente,Protocolo_1
Embalaje A,19.23,98.67,88.03,29.34,Frágil,Origen B,Refrigerado,Protocolo_2
Embalaje C,19.45,23.79,91.54,88.38,Frágil,Origen B,Ambiente,Protocolo_2
Embalaje A,76.26,60.67,69.67,75.2,Normal,Origen C,Ambiente,Protocolo_1
Embalaje A,97.92,58.37,55.06,26.05,Normal,Origen A,Ambiente,Protocolo_1
Embalaje A,10.66,16.32,41.02,23.39,Normal,Origen C,Ambiente,Protocolo_1
Embalaje B,36.52,73.0,44.41,27.66,Frágil,Origen D,Refrigerado,Protocolo_2
Embalaje B,97.56,47.58,80.32,22.65,Normal,Origen B,Ambiente,Protocolo_1
Embalaje B,97.41,30.37,71.0,48.57,Normal,Origen A,Ambiente,Protocolo_1
Embalaje A,7.1,21.16,75.27,13.3,Frágil,Origen B,Ambiente,Protocolo_2
Embalaje C,18.12,24.59,46.98,73.83,Normal,Origen B,Ambiente,Protocolo_1
Embalaje A,70.37,88.57,83.05,2.48,Normal,Origen B,Ambiente,Protocolo_1
Embalaje A,11.4,32.71,69.7,26.89,Normal,Origen C,Ambiente,Protocolo_1
Embalaje B,35.55,51.83,31.55,10.97,Frágil,Origen B,Ambiente,Protocolo_2
Embalaje A,46.92,88.26,92.28,57.14,Normal,Origen D,Ambiente,Protocolo_1
Embalaje C,21.19,66.74,35.8,63.96,Normal,Origen A,Ambiente,Protocolo_1
Embalaje B,74.47,6.17,67.49,25.87,Frágil,Origen B,Ambiente,Protocolo_2
Embalaje B,67.99,92.53,34.32,74.33,Normal,Origen A,Ambiente,Protocolo_1
Embalaje C,36.8,48.9,94.42,83.12,Normal,Origen D,Ambiente,Protocolo_2
Embalaje B,78.85,86.31,77.68,62.77,Normal,Origen C,Refrigerado,Protocolo_1
Embalaje B,54.12,34.87,11.27,44.35,Normal,Origen B,Ambiente,Protocolo_1
Embalaje A,19.48,28.03,26.12,35.39,Normal,Origen A,Ambiente,Protocolo_1
Embalaje C,54.27,65.8,97.85,88.59,Normal,Origen D,Ambiente,Protocolo_2
Embalaje C,17.56,43.02,95.6,2.58,Normal,Origen D,Ambiente,Protocolo_1
Embalaje C,31.61,99.46,96.71,15.88,Normal,Origen A,Ambiente,Protocolo_1
Embalaje B,79.13,9.75,36.79,88.01,Normal,Origen A,Ambiente,Protocolo_2
Embalaje A,70.53,80.73,54.69,30.22,Frágil,Origen A,Ambiente,Protocolo_2
Embalaje A,86.78,91.03,24.48,55.73,Frágil,Origen B,Ambiente,Protocolo_2
Embalaje A,91.1,36.39,90.72,90.46,Normal,Origen C,Ambiente,Protocolo_2
Embalaje B,99.77,39.74,90.21,3.37,Frágil,Origen B,Ambiente,Protocolo_2
Embalaje A,33.68,44.6,42.0,88.1,Normal,Origen A,Ambiente,Protocolo_2
Embalaje A,8.1,55.74,80.58,26.91,Normal,Origen A,Ambiente,Protocolo_1
Embalaje B,33.67,34.65,64.2,94.01,Frágil,Origen C,Ambiente,Protocolo_2
Embalaje A,67.43,59.49,96.41,23.3,Normal,Origen D,Ambiente,Protocolo_1
Embalaje A,19.4,78.19,54.48,23.43,Normal,Origen A,Ambiente,Protocolo_1
Embalaje B,43.26,42.56,19.13,80.86,Frágil,Origen C,Ambiente,Protocolo_2
Embalaje A,93.64,72.47,66.97,24.95,Normal,Origen A,Ambiente,Protocolo_1
Embalaje B,42.87,55.37,20.92,98.47,Normal,Origen B,Ambiente,Protocolo_2
Embalaje B,59.53,90.68,10.96,10.26,Normal,Origen C,Ambiente,Protocolo_1
Embalaje A,58.18,19.97,14.77,23.48,Normal,Origen D,Ambiente,Protocolo_1
Embalaje A,13.76,54.45,98.47,81.94,Normal,Origen A,Ambiente,Protocolo_2
Embalaje A,51.03,59.28,40.85,26.68,Frágil,Origen D,Refrigerado,Protocolo_2
Embalaje C,23.53,79.77,71.97,27.88,Normal,Origen B,Ambiente,Protocolo_1
Embalaje C,9.4,17.47,24.05,58.43,Normal,Origen D,Ambiente,Protocolo_1
Embalaje A,48.15,42.57,21.58,73.66,Frágil,Origen B,Ambiente,Protocolo_2
Embalaje A,47.46,62.82,74.02,43.35,Normal,Origen C,Ambiente,Protocolo_1
Embalaje A,5.92,86.94,45.01,3.3,Normal,Origen A,Ambiente,Protocolo_1
Embalaje A,63.0,10.07,11.48,57.67,Normal,Origen C,Ambiente,Protocolo_1
Embalaje C,72.54,26.09,27.87,54.97,Normal,Origen C,Ambiente,Protocolo_1
Embalaje B,10.12,46.03,88.19,47.63,Normal,Origen A,Ambiente,Protocolo_1
Embalaje B,38.72,55.56,66.06,91.76,Frágil,Origen A,Ambiente,Protocolo_2
Embalaje A,16.29,50.57,91.46,1.68,Normal,Origen C,Ambiente,Protocolo_1
Embalaje A,60.14,11.85,48.82,30.84,Normal,Origen C,Ambiente,Protocolo_1
Embalaje C,58.8,90.69,58.42,82.19,Frágil,Origen C,Ambiente,Protocolo_2
Embalaje C,95.05,75.33,99.94,24.32,Normal,Origen A,Ambiente,Protocolo_1
Embalaje A,14.76,99.31,87.61,32.4,Frágil,Origen B,Ambiente,Protocolo_2
Embalaje A,52.87,59.18,6.6,35.26,Normal,Origen B,Ambiente,Protocolo_1
Embalaje A,84.52,14.41,47.3,5.35,Normal,Origen A,Ambiente,Protocolo_1
Embalaje A,84.0,40.15,26.72,23.66,Normal,Origen A,Refrigerado,Protocolo_1
Embalaje B,86.11,96.45,12.61,74.58,Frágil,Origen B,Ambiente,Protocolo_2
Embalaje C,27.32,99.78,7.8,81.2,Normal,Origen D,Ambiente,Protocolo_2
Embalaje B,88.15,78.75,18.23,27.33,Normal,Origen B,Ambiente,Protocolo_1
Embalaje B,18.44,35.2,49.8,38.76,Frágil,Origen A,Ambiente,Protocolo_2
Embalaje C,7.99,65.56,82.04,89.74,Normal,Origen B,Ambiente,Protocolo_2
Embalaje B,28.78,8.43,48.77,95.65,Frágil,Origen D,Ambiente,Protocolo_2
Embalaje A,32.06,21.83,68.45,65.65,Normal,Origen C,Ambiente,Protocolo_1
Embalaje C,94.78,69.29,13.84,78.79,Normal,Origen D,Ambiente,Protocolo_1
Embalaje C,6.7,20.35,75.47,25.21,Frágil,Origen C,Ambiente,Protocolo_2
Embalaje C,55.13,53.21,79.68,36.3,Normal,Origen A,Ambiente,Protocolo_1
Embalaje A,80.35,99.39,19.36,49.09,Normal,Origen B,Ambiente,Protocolo_1
Embalaje A,83.45,17.84,38.05,66.3,Normal,Origen A,Ambiente,Protocolo_1
Embalaje C,17.4,30.95,81.82,89.85,Normal,Origen B,Refrigerado,Protocolo_2
Embalaje B,92.47,76.08,85.29,62.1,Normal,Origen C,Ambiente,Protocolo_1
Embalaje B,15.22,94.8,42.66,72.27,Frágil,Origen D,Ambiente,Protocolo_2
Embalaje B,49.31,10.84,83.34,29.51,Normal,Origen A,Ambiente,Protocolo_1
Embalaje C,70.23,80.64,73.82,68.42,Normal,Origen B,Ambiente,Protocolo_1
Embalaje B,49.09,50.43,43.57,59.53,Normal,Origen A,Ambiente,Protocolo_1
Embalaje C,73.07,64.02,97.68,23.55,Normal,Origen D,Ambiente,Protocolo_1
Embalaje A,95.15,8.04,62.47,63.83,Normal,Origen D,Ambiente,Protocolo_1
Embalaje C,88.42,63.6,37.37,73.83,Normal,Origen B,Ambiente,Protocolo_1
Embalaje A,82.21,54.93,69.75,31.06,Normal,Origen A,Ambiente,Protocolo_1
Embalaje B,81.56,25.89,27.85,78.88,Frágil,Origen D,Ambiente,Protocolo_2
Embalaje B,34.83,73.14,94.53,37.47,Normal,Origen A,Ambiente,Protocolo_1
Embalaje B,45.24,95.34,48.95,48.69,Normal,Origen A,Ambiente,Protocolo_1
Embalaje A,30.86,99.74,39.63,35.22,Normal,Origen C,Refrigerado,Protocolo_1
Embalaje C,47.26,35.93,9.24,31.15,Normal,Origen C,Ambiente,Protocolo_1
Embalaje A,88.18,81.1,34.9,57.19,Normal,Origen B,Ambiente,Protocolo_1
Embalaje B,32.33,76.67,47.98,14.84,Normal,Origen D,Ambiente,Protocolo_1
Embalaje A,13.64,77.41,42.82,93.31,Normal,Origen C,Ambiente,Protocolo_2
Embalaje C,92.11,93.12,69.75,69.09,Frágil,Origen A,Ambiente,Protocolo_2
Embalaje C,92.21,71.6,55.12,57.84,Normal,Origen B,Ambiente,Protocolo_1
Embalaje A,16.34,48.71,76.67,77.34,Normal,Origen D,Ambiente,Protocolo_1
Embalaje A,33.01,90.61,9.87,95.38,Frágil,Origen A,Ambiente,Protocolo_2
Embalaje C,37.9,43.48,99.66,46.01,Frágil,Origen B,Ambiente,Protocolo_2
Embalaje C,16.34,27.62,62.02,99.28,Normal,Origen C,Ambiente,Protocolo_2
Embalaje C,58.75,28.39,62.29,10.59,Normal,Origen D,Ambiente,Protocolo_1
Embalaje A,42.16,60.19,77.64,93.28,Normal,Origen C,Ambiente,Protocolo_2
Embalaje B,65.44,59.35,39.17,89.71,Normal,Origen A,Ambiente,Protocolo_2
Embalaje C,77.55,67.13,30.37,65.62,Normal,Origen D,Ambiente,Protocolo_1
Embalaje B,79.34,66.02,60.27,17.47,Normal,Origen D,Ambiente,Protocolo_1
Embalaje B,65.59,11.01,67.22,15.07,Normal,Origen B,Refrigerado,Protocolo_1
Embalaje C,94.96,57.64,81.06,60.77,Normal,Origen D,Refrigerado,Protocolo_1
Embalaje C,58.48,66.34,26.05,40.29,Normal,Origen D,Ambiente,Protocolo_1
Embalaje C,76.98,50.72,42.85,10.3,Normal,Origen A,Ambiente,Protocolo_1
Embalaje B,50.1,53.03,53.42,96.5,Normal,Origen B,Ambiente,Protocolo_2
Embalaje A,41.17,72.65,13.02,51.31,Normal,Origen D,Ambiente,Protocolo_1
Embalaje B,96.32,67.05,60.34,32.87,Normal,Origen B,Ambiente,Protocolo_1
Embalaje A,74.06,59.33,76.2,38.62,Normal,Origen D,Ambiente,Protocolo_1
Embalaje A,47.34,10.08,62.14,42.08,Normal,Origen A,Refrigerado,Protocolo_1
Embalaje C,49.95,96.68,71.36,36.56,Normal,Origen D,Ambiente,Protocolo_1
Embalaje A,65.5,6.77,42.84,23.9,Frágil,Origen C,Ambiente,Protocolo_2
Embalaje A,47.03,27.01,84.11,89.38,Frágil,Origen A,Ambiente,Protocolo_2
Embalaje B,74.66,48.42,86.32,72.81,Frágil,Origen A,Refrigerado,Protocolo_2
Embalaje A,46.76,75.19,99.08,52.68,Normal,Origen C,Ambiente,Protocolo_1
Embalaje B,99.83,7.41,86.57,66.38,Normal,Origen C,Ambiente,Protocolo_1
Embalaje B,92.13,28.47,17.8,36.74,Normal,Origen C,Ambiente,Protocolo_1
Embalaje C,40.8,72.38,72.06,66.18,Normal,Origen A,Ambiente,Protocolo_1
Embalaje B,90.32,71.18,15.9,44.68,Normal,Origen D,Ambiente,Protocolo_1
Embalaje B,33.48,70.08,48.0,25.46,Normal,Origen A,Ambiente,Protocolo_1
Embalaje A,77.9,44.23,65.54,54.62,Normal,Origen D,Refrigerado,Protocolo_1
Embalaje C,50.17,85.64,6.5,71.13,Normal,Origen A,Ambiente,Protocolo_1
Embalaje A,71.17,66.63,50.09,39.86,Normal,Origen C,Ambiente,Protocolo_1
Embalaje B,28.51,61.97,69.45,30.84,Normal,Origen B,Ambiente,Protocolo_1
Embalaje A,98.45,98.73,77.13,19.71,Normal,Origen B,Ambiente,Protocolo_1
Embalaje C,87.38,51.16,86.0,1.06,Normal,Origen A,Ambiente,Protocolo_1
Embalaje B,44.68,10.76,28.17,52.15,Normal,Origen B,Ambiente,Protocolo_1
Embalaje C,24.29,41.11,68.15,57.6,Frágil,Origen B,Ambiente,Protocolo_2
Embalaje A,52.87,11.13,23.86,7.27,Normal,Origen D,Ambiente,Protocolo_1
Embalaje B,44.2,82.36,84.31,47.28,Normal,Origen A,Ambiente,Protocolo_1
Embalaje B,85.75,49.5,61.12,67.85,Normal,Origen D,Ambiente,Protocolo_1
Embalaje C,82.12,27.15,9.5,96.5,Normal,Origen A,Ambiente,Protocolo_2
Embalaje A,59.67,44.39,42.02,91.38,Frágil,Origen D,Ambiente,Protocolo_2
Embalaje A,78.79,82.74,73.38,18.02,Normal,Origen B,Ambiente,Protocolo_1
Embalaje B,91.7,53.05,21.44,42.27,Normal,Origen C,Refrigerado,Protocolo_1
Embalaje B,37.14,85.89,90.18,17.78,Frágil,Origen B,Ambiente,Protocolo_2
Embalaje C,50.38,97.48,13.04,6.96,Normal,Origen D,Ambiente,Protocolo_1
Embalaje C,30.96,47.56,42.76,60.88,Normal,Origen B,Ambiente,Protocolo_1
Embalaje C,76.74,11.5,37.51,43.91,Normal,Origen D,Ambiente,Protocolo_1
Embalaje A,81.27,21.57,92.17,29.41,Normal,Origen A,Ambiente,Protocolo_1
Embalaje A,20.53,18.96,76.48,83.35,Normal,Origen B,Refrigerado,Protocolo_2
Embalaje A,95.57,95.67,24.04,32.28,Normal,Origen C,Ambiente,Protocolo_1
Embalaje C,77.48,12.84,45.56,81.83,Normal,Origen B,Ambiente,Protocolo_2
Embalaje B,95.72,47.72,91.63,38.93,Normal,Origen D,Ambiente,Protocolo_1
Embalaje B,40.58,44.91,55.43,57.91,Frágil,Origen D,Ambiente,Protocolo_2
Embalaje C,17.76,9.07,57.56,54.07,Normal,Origen B,Ambiente,Protocolo_1
Embalaje C,82.28,54.63,18.35,15.85,Normal,Origen D,Ambiente,Protocolo_1
Embalaje A,49.99,79.98,89.15,60.65,Normal,Origen A,Ambiente,Protocolo_1
Embalaje B,92.04,10.27,10.98,86.78,Normal,Origen A,Ambiente,Protocolo_2
Embalaje C,27.41,21.39,44.82,85.84,Frágil,Origen C,Ambiente,Protocolo_2
Embalaje A,46.46,37.77,93.59,62.03,Normal,Origen D,Ambiente,Protocolo_1
Embalaje A,40.58,39.96,28.94,75.62,Frágil,Origen D,Refrigerado,Protocolo_2
Embalaje A,5.41,9.22,30.91,97.67,Normal,Origen A,Ambiente,Protocolo_2
Embalaje B,62.76,80.66,11.58,97.05,Frágil,Origen B,Ambiente,Protocolo_2
Embalaje C,95.03,61.33,28.48,68.05,Normal,Origen C,Ambiente,Protocolo_1
Embalaje A,68.44,58.03,92.26,26.36,Normal,Origen C,Ambiente,Protocolo_1
Embalaje C,83.5,54.85,46.53,69.41,Normal,Origen D,Ambiente,Protocolo_1
Embalaje A,95.4,83.69,21.42,19.96,Normal,Origen A,Ambiente,Protocolo_1
Embalaje C,77.38,40.61,30.43,80.06,Normal,Origen A,Refrigerado,Protocolo_2
Embalaje B,67.68,94.36,15.65,19.17,Normal,Origen D,Ambiente,Protocolo_1
Embalaje B,40.19,27.33,96.42,37.98,Normal,Origen C,Ambiente,Protocolo_1
Embalaje C,18.29,52.71,6.08,7.36,Normal,Origen C,Ambiente,Protocolo_1
Embalaje A,48.75,81.52,73.46,49.3,Normal,Origen C,Ambiente,Protocolo_1
Embalaje B,35.48,72.75,42.51,11.09,Normal,Origen A,Ambiente,Protocolo_1
Embalaje B,10.11,92.58,47.35,49.28,Normal,Origen D,Ambiente,Protocolo_1
Embalaje C,75.04,32.41,14.3,91.63,Normal,Origen A,Ambiente,Protocolo_2
Embalaje A,82.59,45.42,65.33,32.67,Normal,Origen B,Ambiente,Protocolo_1
Embalaje B,71.14,82.93,16.96,5.44,Frágil,Origen A,Ambiente,Protocolo_2
Embalaje A,34.79,44.44,12.21,68.32,Frágil,Origen C,Ambiente,Protocolo_2
Embalaje C,55.18,76.93,31.76,12.99,Normal,Origen D,Ambiente,Protocolo_1
Embalaje C,99.79,73.41,60.33,85.76,Normal,Origen D,Ambiente,Protocolo_2
Embalaje A,89.28,63.8,33.4,93.5,Normal,Origen B,Ambiente,Protocolo_2
Embalaje B,77.34,48.15,76.82,42.16,Normal,Origen B,Ambiente,Protocolo_1
Embalaje C,81.54,42.44,44.64,92.54,Frágil,Origen B,Ambiente,Protocolo_2
Embalaje B,15.31,96.48,67.68,47.14,Normal,Origen C,Ambiente,Protocolo_1
Embalaje B,10.97,42.57,56.88,28.31,Normal,Origen C,Ambiente,Protocolo_1
Embalaje C,20.06,23.62,13.41,79.23,Normal,Origen A,Ambiente,Protocolo_1
Embalaje A,10.8,36.72,58.88,36.75,Normal,Origen A,Ambiente,Protocolo_1
Embalaje C,31.33,63.17,55.59,72.48,Frágil,Origen A,Ambiente,Protocolo_2
Embalaje B,21.44,74.71,25.49,36.63,Normal,Origen D,Ambiente,Protocolo_1
Embalaje A,24.51,40.67,26.72,12.59,Frágil,Origen A,Ambiente,Protocolo_2
Embalaje C,86.24,23.84,9.2,42.47,Normal,Origen B,Ambiente,Protocolo_1
Embalaje C,16.11,16.67,59.95,89.53,Normal,Origen D,Ambiente,Protocolo_2
Embalaje B,48.24,76.39,33.26,62.09,Normal,Origen A,Ambiente,Protocolo_1
Embalaje A,45.59,46.6,70.96,23.23,Normal,Origen D,Refrigerado,Protocolo_1
Embalaje B,88.17,85.14,10.73,60.51,Normal,Origen C,Ambiente,Protocolo_1
Embalaje A,96.96,5.81,91.5,51.6,Normal,Origen B,Ambiente,Protocolo_1
Embalaje B,97.8,53.5,56.04,57.55,Normal,Origen B,Ambiente,Protocolo_1
Embalaje B,98.59,64.46,75.18,4.71,Normal,Origen B,Ambiente,Protocolo_1
Embalaje B,44.16,77.13,43.36,82.43,Normal,Origen B,Refrigerado,Protocolo_2
Embalaje B,83.28,33.08,69.73,33.38,Normal,Origen A,Ambiente,Protocolo_1
Embalaje B,79.9,79.71,43.9,71.23,Normal,Origen D,Ambiente,Protocolo_1
Embalaje C,82.61,78.79,62.26,76.48,Normal,Origen A,Ambiente,Protocolo_1
Embalaje B,82.72,31.62,72.01,60.89,Normal,Origen A,Refrigerado,Protocolo_1
Embalaje B,77.96,74.6,82.33,34.82,Normal,Origen D,Ambiente,Protocolo_1
Embalaje B,58.74,41.53,59.35,84.56,Normal,Origen A,Ambiente,Protocolo_2
Embalaje C,30.73,17.26,17.14,83.21,Normal,Origen D,Ambiente,Protocolo_2
Embalaje C,14.35,60.84,82.77,98.65,Normal,Origen B,Ambiente,Protocolo_2
Embalaje C,89.29,43.98,65.0,70.01,Normal,Origen A,Ambiente,Protocolo_1
Embalaje B,67.1,50.89,82.68,16.83,Normal,Origen D,Ambiente,Protocolo_1
Embalaje C,19.08,88.11,68.7,5.16,Normal,Origen C,Ambiente,Protocolo_1
Embalaje C,98.76,78.12,64.37,53.78,Normal,Origen B,Ambiente,Protocolo_1
Embalaje C,61.34,47.14,40.4,28.06,Normal,Origen A,Ambiente,Protocolo_1
Embalaje B,56.7,62.27,9.99,22.62,Normal,Origen C,Ambiente,Protocolo_1
Embalaje C,64.97,76.7,19.59,98.35,Frágil,Origen B,Ambiente,Protocolo_2
Embalaje A,31.99,73.73,28.98,23.59,Normal,Origen C,Ambiente,Protocolo_1
Embalaje C,73.19,87.56,67.89,68.74,Normal,Origen B,Ambiente,Protocolo_1
Embalaje C,74.93,27.72,60.05,62.72,Normal,Origen B,Ambiente,Protocolo_1
Embalaje C,94.35,53.46,45.01,64.17,Frágil,Origen D,Ambiente,Protocolo_2
Embalaje A,20.82,41.27,88.01,74.81,Frágil,Origen D,Ambiente,Protocolo_2
Embalaje C,53.37,86.96,19.81,46.73,Normal,Origen C,Ambiente,Protocolo_1
Embalaje C,85.47,60.25,22.03,81.83,Normal,Origen D,Refrigerado,Protocolo_2
Embalaje A,43.42,35.19,23.51,41.02,Frágil,Origen C,Ambiente,Protocolo_2
Embalaje C,6.08,41.18,34.18,80.71,Frágil,Origen C,Ambiente,Protocolo_2
Embalaje B,96.86,76.7,71.46,38.56,Normal,Origen A,Refrigerado,Protocolo_1
Embalaje C,85.68,29.76,27.43,91.57,Frágil,Origen A,Ambiente,Protocolo_2
Embalaje C,60.06,54.95,64.5,42.99,Normal,Origen A,Ambiente,Protocolo_1
Embalaje A,45.93,62.42,96.97,34.99,Normal,Origen A,Ambiente,Protocolo_1
Embalaje C,12.46,97.56,75.61,3.09,Normal,Origen B,Ambiente,Protocolo_1
Embalaje B,57.52,18.04,85.15,14.96,Normal,Origen C,Ambiente,Protocolo_1
Embalaje A,77.08,43.48,16.9,16.02,Normal,Origen A,Ambiente,Protocolo_1
Embalaje B,97.86,44.73,21.44,60.71,Normal,Origen D,Ambiente,Protocolo_1
Embalaje C,40.97,45.61,35.42,8.16,Normal,Origen C,Ambiente,Protocolo_1
Embalaje A,7.6,63.32,49.44,29.72,Normal,Origen C,Ambiente,Protocolo_1
Embalaje C,26.29,38.99,48.76,70.66,Normal,Origen D,Ambiente,Protocolo_1
Embalaje B,79.81,8.41,18.88,48.22,Normal,Origen A,Refrigerado,Protocolo_1
Embalaje A,71.25,35.59,15.37,52.37,Normal,Origen B,Refrigerado,Protocolo_1
Embalaje C,38.93,89.87,14.99,65.73,Normal,Origen B,Ambiente,Protocolo_1
Embalaje C,56.1,31.21,40.87,30.67,Normal,Origen B,Ambiente,Protocolo_1
Embalaje A,15.27,24.34,68.07,85.01,Normal,Origen B,Ambiente,Protocolo_2
Embalaje B,11.98,83.85,36.13,15.13,Normal,Origen A,Ambiente,Protocolo_1
Embalaje C,34.6,19.55,89.86,67.99,Frágil,Origen C,Refrigerado,Protocolo_2
Embalaje B,60.65,21.95,14.26,83.54,Normal,Origen B,Ambiente,Protocolo_2
Embalaje B,89.24,15.13,18.48,3.05,Normal,Origen C,Ambiente,Protocolo_1
Embalaje C,40.64,39.52,41.76,77.23,Normal,Origen B,Ambiente,Protocolo_1
Embalaje B,91.97,76.95,39.64,71.21,Normal,Origen C,Ambiente,Protocolo_1
Embalaje A,46.39,10.71,83.87,74.34,Normal,Origen B,Ambiente,Protocolo_1
Embalaje C,48.97,8.98,45.66,57.7,Normal,Origen C,Ambiente,Protocolo_1
Embalaje B,97.5,87.38,35.5,74.14,Normal,Origen A,Ambiente,Protocolo_1
Embalaje A,71.51,14.4,62.11,15.24,Normal,Origen A,Ambiente,Protocolo_1
Embalaje C,15.71,7.47,22.88,47.16,Normal,Origen C,Ambiente,Protocolo_1
Embalaje C,36.05,74.15,95.25,14.59,Normal,Origen B,Refrigerado,Protocolo_1
Embalaje B,26.61,95.06,73.27,67.19,Normal,Origen C,Ambiente,Protocolo_1
Embalaje C,23.35,18.67,55.32,11.14,Normal,Origen A,Ambiente,Protocolo_1
Embalaje C,38.12,86.94,6.46,76.34,Normal,Origen B,Ambiente,Protocolo_1
Embalaje A,25.68,21.72,59.68,78.21,Normal,Origen D,Ambiente,Protocolo_1
Embalaje B,79.83,13.25,60.54,7.57,Frágil,Origen D,Ambiente,Protocolo_2
Embalaje A,65.16,5.64,66.01,41.29,Normal,Origen C,Ambiente,Protocolo_1
Embalaje A,18.19,7.67,13.92,45.35,Normal,Origen C,Ambiente,Protocolo_1
Embalaje B,98.79,54.06,89.55,53.55,Normal,Origen B,Ambiente,Protocolo_1
Embalaje A,10.11,44.59,47.6,67.64,Frágil,Origen C,Ambiente,Protocolo_2
Embalaje B,35.25,81.27,40.11,93.86,Frágil,Origen C,Ambiente,Protocolo_2
Embalaje A,67.3,72.93,83.57,54.19,Normal,Origen D,Ambiente,Protocolo_1
Embalaje A,68.45,58.19,73.53,61.41,Normal,Origen C,Ambiente,Protocolo_1
Embalaje B,60.59,92.97,77.08,90.26,Normal,Origen D,Ambiente,Protocolo_2
Embalaje C,69.29,75.46,65.1,14.34,Frágil,Origen C,Ambiente,Protocolo_2
Embalaje B,28.8,32.77,38.86,48.32,Normal,Origen D,Ambiente,Protocolo_1
Embalaje B,53.95,24.9,30.93,52.44,Normal,Origen A,Ambiente,Protocolo_1
Embalaje C,7.56,86.05,20.36,63.62,Normal,Origen C,Ambiente,Protocolo_1
Embalaje A,94.19,23.46,82.69,17.45,Normal,Origen D,Ambiente,Protocolo_1
Embalaje B,10.25,60.11,15.08,79.34,Normal,Origen B,Ambiente,Protocolo_1
Embalaje B,5.37,15.3,44.6,40.96,Normal,Origen A,Ambiente,Protocolo_1
Embalaje A,83.69,96.3,26.63,33.89,Normal,Origen A,Ambiente,Protocolo_1
Embalaje C,79.28,23.72,89.75,94.23,Normal,Origen C,Ambiente,Protocolo_2
Embalaje B,22.13,87.22,68.1,34.18,Normal,Origen D,Ambiente,Protocolo_1
Embalaje C,85.28,85.87,48.73,89.3,Normal,Origen D,Refrigerado,Protocolo_2
Embalaje C,76.65,53.92,75.88,5.25,Normal,Origen A,Ambiente,Protocolo_1
Embalaje C,73.41,5.67,53.72,2.43,Normal,Origen B,Ambiente,Protocolo_1
Embalaje C,51.6,45.81,40.6,44.9,Normal,Origen C,Ambiente,Protocolo_1
Embalaje A,85.93,50.93,73.8,54.01,Normal,Origen D,Ambiente,Protocolo_1
Embalaje A,5.88,84.83,87.88,9.16,Normal,Origen B,Ambiente,Protocolo_1
Embalaje C,74.23,5.19,32.65,57.11,Normal,Origen A,Ambiente,Protocolo_1
Embalaje A,17.21,42.14,97.66,35.82,Frágil,Origen D,Ambiente,Protocolo_2
Embalaje A,92.85,45.5,24.6,12.22,Normal,Origen B,Ambiente,Protocolo_1
Embalaje A,53.57,36.86,65.53,62.22,Frágil,Origen D,Ambiente,Protocolo_2
Embalaje B,9.32,37.62,66.21,38.53,Normal,Origen D,Ambiente,Protocolo_1
Embalaje A,31.47,38.45,28.56,55.16,Frágil,Origen D,Ambiente,Protocolo_2
Embalaje C,87.31,56.76,46.21,8.59,Normal,Origen B,Ambiente,Protocolo_1
Embalaje C,70.17,61.42,83.22,38.85,Frágil,Origen B,Ambiente,Protocolo_2
Embalaje B,88.9,38.22,94.15,42.91,Normal,Origen B,Ambiente,Protocolo_1
Embalaje A,99.27,59.84,74.13,44.21,Normal,Origen B,Ambiente,Protocolo_1
Embalaje A,43.9,22.13,51.81,72.98,Normal,Origen D,Ambiente,Protocolo_1
Embalaje C,16.72,77.33,50.28,37.67,Normal,Origen B,Refrigerado,Protocolo_1
Embalaje B,93.72,70.9,40.36,70.13,Normal,Origen A,Ambiente,Protocolo_1
Embalaje C,95.17,71.98,56.48,16.17,Frágil,Origen B,Ambiente,Protocolo_2
Embalaje C,58.14,29.99,95.67,45.31,Normal,Origen C,Ambiente,Protocolo_1
Embalaje A,94.91,55.12,98.19,34.6,Normal,Origen D,Ambiente,Protocolo_1
Embalaje A,83.78,62.54,38.45,78.17,Normal,Origen C,Ambiente,Protocolo_1
Embalaje B,65.41,34.8,18.16,40.39,Normal,Origen D,Refrigerado,Protocolo_1
Embalaje B,40.66,44.42,25.17,26.88,Frágil,Origen D,Ambiente,Protocolo_2
Embalaje A,85.3,10.88,61.56,27.23,Normal,Origen B,Ambiente,Protocolo_1
Embalaje C,7.91,65.75,87.27,82.63,Normal,Origen C,Ambiente,Protocolo_2
Embalaje A,30.99,79.92,38.58,27.75,Normal,Origen C,Ambiente,Protocolo_1
Embalaje B,93.68,20.93,99.91,41.26,Normal,Origen D,Ambiente,Protocolo_1
Embalaje B,94.89,33.8,50.69,42.95,Normal,Origen B,Ambiente,Protocolo_1
Embalaje A,43.67,74.72,56.19,70.65,Normal,Origen C,Ambiente,Protocolo_1
Embalaje B,25.73,83.33,72.27,15.34,Normal,Origen D,Ambiente,Protocolo_1
Embalaje B,52.61,39.26,39.52,82.0,Frágil,Origen C,Ambiente,Protocolo_2
Embalaje B,47.27,88.58,15.68,45.68,Normal,Origen C,Ambiente,Protocolo_1
Embalaje A,37.07,53.19,94.53,96.77,Normal,Origen A,Ambiente,Protocolo_2
Embalaje B,61.51,85.11,31.17,42.03,Frágil,Origen A,Ambiente,Protocolo_2
Embalaje A,70.96,82.96,19.74,29.5,Frágil,Origen D,Ambiente,Protocolo_2
Embalaje C,31.13,86.89,54.32,17.12,Normal,Origen C,Ambiente,Protocolo_1
Embalaje A,68.2,63.17,84.34,36.04,Normal,Origen D,Ambiente,Protocolo_1
Embalaje A,57.29,35.53,80.68,61.4,Normal,Origen D,Ambiente,Protocolo_1
Embalaje A,39.72,57.35,76.33,63.68,Normal,Origen D,Ambiente,Protocolo_1
Embalaje A,97.4,67.24,5.59,78.9,Normal,Origen B,Ambiente,Protocolo_1
Embalaje C,13.39,22.58,62.88,59.28,Normal,Origen B,Ambiente,Protocolo_1
Embalaje B,29.04,75.46,13.42,70.74,Normal,Origen D,Ambiente,Protocolo_1
Embalaje A,24.56,78.62,54.84,33.86,Normal,Origen A,Ambiente,Protocolo_1
Embalaje A,83.89,49.65,91.41,72.43,Normal,Origen B,Ambiente,Protocolo_1
Embalaje C,71.46,71.42,22.51,29.35,Normal,Origen A,Ambiente,Protocolo_1
Embalaje B,97.08,63.63,82.6,48.78,Normal,Origen B,Ambiente,Protocolo_1
Embalaje B,11.29,19.8,59.25,86.9,Normal,Origen D,Ambiente,Protocolo_2
Embalaje A,98.52,70.83,48.46,22.77,Normal,Origen A,Ambiente,Protocolo_1
Embalaje B,27.65,17.56,46.85,77.92,Normal,Origen C,Ambiente,Protocolo_1
Embalaje B,85.71,52.2,43.62,69.43,Frágil,Origen B,Refrigerado,Protocolo_2
Embalaje C,78.62,14.37,37.65,15.94,Frágil,Origen A,Ambiente,Protocolo_2
Embalaje B,19.51,84.1,74.26,35.1,Normal,Origen D,Refrigerado,Protocolo_1
Embalaje B,6.15,28.23,37.31,28.58,Normal,Origen C,Ambiente,Protocolo_1
Embalaje A,98.58,34.13,47.41,41.4,Frágil,Origen B,Refrigerado,Protocolo_2
Embalaje B,37.49,66.62,47.61,68.96,Normal,Origen A,Ambiente,Protocolo_1
Embalaje C,94.16,7.17,84.83,82.81,Normal,Origen D,Ambiente,Protocolo_2
Embalaje A,56.97,66.64,44.32,12.99,Frágil,Origen D,Ambiente,Protocolo_2
Embalaje A,98.73,67.4,47.35,17.23,Frágil,Origen A,Ambiente,Protocolo_2
Embalaje C,41.66,99.17,32.51,80.32,Normal,Origen C,Ambiente,Protocolo_2
Embalaje C,26.12,83.0,33.75,92.49,Frágil,Origen C,Ambiente,Protocolo_2
Embalaje B,30.76,63.93,16.04,45.09,Normal,Origen A,Ambiente,Protocolo_1
Embalaje B,73.74,76.12,57.9,12.35,Normal,Origen A,Ambiente,Protocolo_1
Embalaje A,17.05,24.23,60.65,49.24,Normal,Origen A,Ambiente,Protocolo_1
Embalaje A,18.66,90.79,61.36,36.98,Normal,Origen C,Ambiente,Protocolo_1
Embalaje B,82.8,50.03,86.58,21.43,Normal,Origen B,Ambiente,Protocolo_1
Embalaje C,13.02,39.28,50.52,44.22,Normal,Origen C,Ambiente,Protocolo_1
Embalaje B,51.75,77.63,56.38,25.27,Normal,Origen B,Ambiente,Protocolo_1
Embalaje B,14.52,27.02,57.06,49.4,Normal,Origen B,Ambiente,Protocolo_1
Embalaje A,28.59,9.13,83.6,94.07,Frágil,Origen A,Ambiente,Protocolo_2
Embalaje C,88.31,57.17,21.5,44.23,Normal,Origen B,Ambiente,Protocolo_1
Embalaje C,97.15,83.87,57.54,47.37,Normal,Origen A,Ambiente,Protocolo_1
Embalaje B,29.31,29.85,16.46,20.36,Normal,Origen C,Ambiente,Protocolo_1
Embalaje A,85.84,99.97,85.93,77.85,Normal,Origen B,Ambiente,Protocolo_1
Embalaje C,83.54,55.22,96.3,79.45,Normal,Origen A,Ambiente,Protocolo_1
Embalaje A,73.97,99.38,33.17,65.9,Normal,Origen A,Ambiente,Protocolo_1
Embalaje C,40.51,84.61,5.97,89.39,Normal,Origen C,Ambiente,Protocolo_2
Embalaje C,82.77,75.44,63.26,94.96,Normal,Origen A,Ambiente,Protocolo_2
Embalaje B,24.75,25.75,39.6,7.73,Normal,Origen C,Ambiente,Protocolo_1
Embalaje A,63.73,23.02,67.36,72.18,Normal,Origen B,Refrigerado,Protocolo_1
Embalaje A,6.66,35.82,83.07,44.42,Normal,Origen B,Ambiente,Protocolo_1
Embalaje B,98.88,53.34,73.57,49.15,Normal,Origen B,Ambiente,Protocolo_1
Embalaje A,29.37,60.6,59.85,4.01,Normal,Origen C,Ambiente,Protocolo_1
Embalaje B,21.78,18.9,12.14,83.0,Frágil,Origen B,Ambiente,Protocolo_2
Embalaje A,56.08,8.42,81.66,16.62,Normal,Origen D,Ambiente,Protocolo_1
Embalaje A,16.47,31.24,8.31,57.99,Normal,Origen A,Ambiente,Protocolo_1
Embalaje A,27.84,85.33,93.31,75.39,Normal,Origen D,Ambiente,Protocolo_1
Embalaje B,87.06,64.96,96.31,58.51,Frágil,Origen A,Ambiente,Protocolo_2
Embalaje A,94.71,65.56,58.73,57.89,Normal,Origen A,Ambiente,Protocolo_1
Embalaje A,83.58,29.48,49.24,41.16,Normal,Origen A,Ambiente,Protocolo_1
Embalaje C,33.66,46.48,66.71,91.42,Frágil,Origen D,Ambiente,Protocolo_2
Embalaje C,17.0,53.49,49.04,30.24,Frágil,Origen D,Ambiente,Protocolo_2
Embalaje B,98.67,73.19,5.72,81.09,Normal,Origen D,Ambiente,Protocolo_2
Embalaje C,98.96,47.74,26.08,37.09,Normal,Origen D,Ambiente,Protocolo_1
Embalaje B,74.15,25.69,82.51,95.66,Normal,Origen D,Ambiente,Protocolo_2
Embalaje A,39.42,72.25,80.82,3.04,Normal,Origen A,Ambiente,Protocolo_1
Embalaje B,38.01,50.53,34.89,93.52,Normal,Origen A,Refrigerado,Protocolo_2
Embalaje B,91.45,33.18,58.17,58.23,Normal,Origen D,Ambiente,Protocolo_1
Embalaje A,39.1,10.07,58.25,91.18,Normal,Origen C,Ambiente,Protocolo_2
Embalaje A,92.01,38.6,42.08,2.95,Normal,Origen A,Ambiente,Protocolo_1
Embalaje A,17.1,51.23,97.56,13.74,Normal,Origen C,Ambiente,Protocolo_1
Embalaje C,82.52,12.58,32.16,75.79,Normal,Origen D,Ambiente,Protocolo_1
Embalaje A,42.02,75.46,60.47,87.31,Frágil,Origen C,Ambiente,Protocolo_2
Embalaje A,93.84,49.93,79.26,86.59,Normal,Origen A,Ambiente,Protocolo_2
Embalaje C,32.86,55.7,64.01,54.0,Normal,Origen D,Ambiente,Protocolo_1
Embalaje A,44.75,93.84,60.49,55.55,Frágil,Origen D,Ambiente,Protocolo_2
Embalaje C,75.64,37.66,19.73,7.35,Frágil,Origen B,Ambiente,Protocolo_2
Embalaje A,11.12,42.72,48.42,15.4,Normal,Origen B,Ambiente,Protocolo_1
Embalaje B,45.41,80.83,79.64,82.4,Frágil,Origen A,Ambiente,Protocolo_2
Embalaje B,20.67,85.71,13.87,67.49,Frágil,Origen A,Ambiente,Protocolo_2
Embalaje A,68.42,70.8,13.07,15.23,Frágil,Origen A,Ambiente,Protocolo_2
Embalaje C,43.35,83.49,80.05,46.02,Normal,Origen B,Ambiente,Protocolo_1
Embalaje A,83.43,82.4,50.36,3.3,Normal,Origen D,Ambiente,Protocolo_1
Embalaje C,54.87,75.16,48.67,3.15,Normal,Origen A,Ambiente,Protocolo_1
Embalaje A,46.06,41.61,64.18,78.49,Normal,Origen C,Refrigerado,Protocolo_1
Embalaje A,93.84,70.26,89.48,86.29,Normal,Origen D,Ambiente,Protocolo_2
Embalaje B,48.4,83.87,81.46,34.54,Normal,Origen B,Ambiente,Protocolo_1
Embalaje B,8.54,63.1,75.96,7.74,Normal,Origen A,Ambiente,Protocolo_1
Embalaje B,26.84,41.9,35.3,84.85,Normal,Origen A,Ambiente,Protocolo_2
Embalaje C,64.2,69.07,40.31,69.98,Frágil,Origen A,Ambiente,Protocolo_2
Embalaje C,59.35,92.11,78.67,11.47,Normal,Origen B,Ambiente,Protocolo_1
Embalaje B,63.28,34.52,40.94,23.68,Frágil,Origen C,Ambiente,Protocolo_2
Embalaje C,65.4,89.8,15.64,87.61,Normal,Origen D,Ambiente,Protocolo_2
Embalaje B,56.73,8.71,39.46,28.65,Normal,Origen B,Refrigerado,Protocolo_1
Embalaje B,37.57,22.86,42.02,95.12,Normal,Origen B,Ambiente,Protocolo_2
Embalaje A,56.79,29.68,45.65,98.46,Normal,Origen B,Ambiente,Protocolo_2
Embalaje C,12.13,93.42,22.64,99.58,Normal,Origen C,Ambiente,Protocolo_2
Embalaje B,57.33,45.03,92.46,42.2,Normal,Origen A,Ambiente,Protocolo_1
Embalaje A,56.52,36.88,91.14,64.45,Normal,Origen D,Ambiente,Protocolo_1
Embalaje C,30.99,11.61,36.29,94.24,Frágil,Origen D,Ambiente,Protocolo_2
Embalaje C,77.98,47.41,89.32,71.22,Normal,Origen C,Ambiente,Protocolo_1
Embalaje A,62.53,69.74,11.61,38.46,Normal,Origen D,Ambiente,Protocolo_1
Embalaje C,72.91,26.01,79.4,98.36,Normal,Origen A,Refrigerado,Protocolo_2
Embalaje B,82.93,25.22,5.85,46.24,Normal,Origen D,Ambiente,Protocolo_1
Embalaje B,36.22,99.48,26.83,94.77,Normal,Origen C,Ambiente,Protocolo_2
Embalaje C,58.7,67.91,15.31,96.39,Frágil,Origen A,Ambiente,Protocolo_2
Embalaje C,5.84,21.23,46.26,15.04,Normal,Origen B,Ambiente,Protocolo_1
Embalaje C,30.12,42.38,72.22,53.43,Normal,Origen B,Ambiente,Protocolo_1
Embalaje C,66.74,52.63,25.19,83.78,Normal,Origen B,Ambiente,Protocolo_2
Embalaje A,47.58,38.08,25.39,68.05,Normal,Origen C,Ambiente,Protocolo_1
Embalaje A,93.13,24.82,77.08,66.54,Normal,Origen B,Ambiente,Protocolo_1
Embalaje A,93.54,27.69,9.41,2.62,Frágil,Origen A,Ambiente,Protocolo_2
Embalaje C,36.92,39.71,36.87,34.97,Normal,Origen C,Ambiente,Protocolo_1
Embalaje A,8.8,48.36,59.51,23.85,Normal,Origen D,Ambiente,Protocolo_1
Embalaje B,82.17,10.45,36.32,63.42,Normal,Origen A,Ambiente,Protocolo_1
Embalaje C,14.69,73.81,30.78,27.5,Frágil,Origen A,Ambiente,Protocolo_2
Embalaje B,30.71,18.48,99.48,62.03,Normal,Origen C,Ambiente,Protocolo_1
Embalaje A,19.21,26.18,92.55,40.82,Normal,Origen D,Ambiente,Protocolo_1
Embalaje B,91.54,89.79,57.99,42.52,Normal,Origen B,Ambiente,Protocolo_1
Embalaje C,9.91,72.32,63.72,99.73,Normal,Origen A,Ambiente,Protocolo_2
Embalaje C,45.53,82.4,22.96,16.8,Normal,Origen C,Ambiente,Protocolo_1
Embalaje A,61.51,66.33,71.07,48.98,Normal,Origen D,Ambiente,Protocolo_1
Embalaje B,86.29,79.62,44.92,85.74,Normal,Origen A,Ambiente,Protocolo_2
Embalaje B,93.02,49.71,45.98,9.67,Frágil,Origen C,Ambiente,Protocolo_2
Embalaje C,26.05,37.19,62.94,74.47,Normal,Origen D,Ambiente,Protocolo_1
Embalaje B,88.36,43.94,76.81,49.47,Normal,Origen C,Ambiente,Protocolo_1
Embalaje C,30.69,76.52,33.85,63.73,Normal,Origen B,Ambiente,Protocolo_1
Embalaje B,79.96,84.09,92.19,53.13,Frágil,Origen B,Ambiente,Protocolo_2
Embalaje C,49.96,25.91,23.4,28.82,Normal,Origen C,Ambiente,Protocolo_1
Embalaje A,91.81,14.96,30.17,16.3,Normal,Origen B,Ambiente,Protocolo_1
Embalaje A,50.45,36.11,84.8,37.59,Normal,Origen C,Ambiente,Protocolo_1
Embalaje C,55.58,67.93,54.74,23.97,Normal,Origen A,Ambiente,Protocolo_1
Embalaje B,47.05,51.57,13.21,11.86,Frágil,Origen D,Ambiente,Protocolo_2
Embalaje B,48.78,35.72,50.49,13.21,Normal,Origen D,Refrigerado,Protocolo_1
Embalaje C,63.03,6.61,45.8,8.57,Frágil,Origen D,Ambiente,Protocolo_2
Embalaje A,23.16,98.13,15.49,22.43,Normal,Origen C,Refrigerado,Protocolo_1
Embalaje B,48.51,72.62,61.33,93.68,Normal,Origen C,Ambiente,Protocolo_2
Embalaje A,36.02,6.02,92.48,29.75,Normal,Origen D,Ambiente,Protocolo_1
Embalaje A,77.73,88.66,50.64,96.15,Frágil,Origen D,Ambiente,Protocolo_2
Embalaje C,89.08,10.51,54.33,97.47,Normal,Origen D,Ambiente,Protocolo_2
Embalaje B,5.58,10.42,54.83,23.61,Frágil,Origen A,Ambiente,Protocolo_2
Embalaje C,92.46,50.89,11.56,17.34,Frágil,Origen D,Ambiente,Protocolo_2
Embalaje A,55.83,65.05,16.63,39.56,Frágil,Origen B,Ambiente,Protocolo_2
Embalaje C,80.65,91.24,32.39,2.44,Normal,Origen A,Ambiente,Protocolo_1
Embalaje C,14.22,68.2,14.57,96.79,Normal,Origen B,Ambiente,Protocolo_2
Embalaje A,50.25,42.74,14.77,19.4,Frágil,Origen A,Ambiente,Protocolo_2
Embalaje B,64.24,86.9,16.45,56.43,Normal,Origen A,Ambiente,Protocolo_1
Embalaje B,84.4,43.33,59.76,82.77,Normal,Origen A,Ambiente,Protocolo_2
Embalaje B,85.48,60.48,21.87,6.82,Normal,Origen B,Ambiente,Protocolo_1
Embalaje C,54.86,8.03,14.95,46.01,Normal,Origen B,Ambiente,Protocolo_1
Embalaje A,81.41,11.94,64.38,48.23,Normal,Origen D,Ambiente,Protocolo_1
Embalaje C,10.45,64.9,99.57,88.27,Frágil,Origen B,Refrigerado,Protocolo_2
Embalaje B,44.42,63.3,56.52,84.33,Frágil,Origen C,Refrigerado,Protocolo_2
Embalaje A,66.67,26.11,29.43,30.34,Frágil,Origen C,Ambiente,Protocolo_2
Embalaje A,77.75,59.0,51.19,22.57,Normal,Origen C,Ambiente,Protocolo_1
Embalaje A,78.49,56.49,84.48,11.74,Normal,Origen D,Refrigerado,Protocolo_1
Embalaje B,97.12,6.22,34.96,38.94,Frágil,Origen D,Ambiente,Protocolo_2
Embalaje B,73.9,17.29,22.52,63.34,Normal,Origen B,Ambiente,Protocolo_1
Embalaje A,78.83,40.8,84.06,37.07,Frágil,Origen B,Ambiente,Protocolo_2
Embalaje B,27.79,72.63,23.53,41.75,Normal,Origen D,Refrigerado,Protocolo_1
Embalaje B,45.53,25.92,8.67,13.13,Normal,Origen B,Refrigerado,Protocolo_1
Embalaje B,18.2,40.84,44.2,57.32,Normal,Origen C,Ambiente,Protocolo_1
Embalaje C,8.32,68.77,56.15,16.44,Normal,Origen C,Ambiente,Protocolo_1
Embalaje C,68.29,28.02,60.05,94.0,Normal,Origen A,Ambiente,Protocolo_2
Embalaje B,68.47,54.08,34.41,95.63,Normal,Origen C,Ambiente,Protocolo_2
Embalaje C,90.56,80.76,11.95,8.81,Normal,Origen D,Ambiente,Protocolo_1
Embalaje A,54.72,72.43,57.98,49.58,Normal,Origen D,Ambiente,Protocolo_1
Embalaje A,44.87,32.39,25.31,15.08,Normal,Origen B,Ambiente,Protocolo_1
Embalaje A,17.5,13.69,31.08,14.28,Normal,Origen B,Ambiente,Protocolo_1
Embalaje B,91.79,73.65,76.94,58.83,Normal,Origen C,Ambiente,Protocolo_1
Embalaje B,5.05,55.58,5.43,41.11,Normal,Origen A,Ambiente,Protocolo_1
Embalaje C,65.88,97.26,74.29,48.88,Frágil,Origen C,Ambiente,Protocolo_2
Embalaje C,20.19,14.89,33.62,11.46,Normal,Origen C,Ambiente,Protocolo_1
Embalaje A,76.06,84.43,89.32,17.06,Normal,Origen A,Ambiente,Protocolo_1
Embalaje A,44.23,73.59,96.74,97.11,Normal,Origen A,Ambiente,Protocolo_2
Embalaje C,56.0,56.61,18.26,13.32,Frágil,Origen C,Ambiente,Protocolo_2
Embalaje C,55.4,68.07,28.87,26.83,Normal,Origen D,Ambiente,Protocolo_1
Embalaje A,16.99,25.71,83.76,94.1,Normal,Origen C,Ambiente,Protocolo_2
Embalaje B,47.33,6.77,89.92,71.9,Normal,Origen D,Ambiente,Protocolo_1
Embalaje B,34.93,83.43,50.29,5.19,Normal,Origen B,Ambiente,Protocolo_1
Embalaje A,70.23,92.59,86.14,95.61,Normal,Origen D,Ambiente,Protocolo_2
Embalaje C,12.2,76.61,32.66,89.96,Normal,Origen A,Ambiente,Protocolo_2
Embalaje B,9.54,80.12,92.99,38.15,Normal,Origen D,Refrigerado,Protocolo_1
Embalaje B,16.84,15.21,31.49,39.53,Frágil,Origen D,Ambiente,Protocolo_2
Embalaje A,26.94,28.85,37.14,15.92,Normal,Origen C,Ambiente,Protocolo_1
Embalaje B,49.01,25.11,90.53,45.61,Frágil,Origen D,Ambiente,Protocolo_2
Embalaje B,85.28,8.61,15.27,80.54,Frágil,Origen B,Ambiente,Protocolo_2
Embalaje C,55.95,17.09,38.38,63.69,Normal,Origen C,Ambiente,Protocolo_1
Embalaje C,37.65,55.36,86.67,81.25,Normal,Origen D,Ambiente,Protocolo_2
Embalaje C,43.42,15.35,64.59,15.96,Normal,Origen C,Ambiente,Protocolo_1
Embalaje B,62.56,80.55,70.67,46.9,Normal,Origen A,Ambiente,Protocolo_1
Embalaje A,44.06,55.42,30.54,94.3,Normal,Origen C,Refrigerado,Protocolo_2
Embalaje A,50.82,78.57,66.76,52.05,Normal,Origen B,Refrigerado,Protocolo_1
Embalaje A,93.49,9.44,56.98,40.04,Frágil,Origen D,Refrigerado,Protocolo_2
Embalaje C,47.5,32.56,12.82,96.43,Normal,Origen A,Refrigerado,Protocolo_2
Embalaje B,93.43,94.43,94.21,84.46,Normal,Origen D,Ambiente,Protocolo_2
Embalaje B,82.95,64.83,22.49,85.14,Normal,Origen A,Ambiente,Protocolo_2
Embalaje A,99.43,85.07,72.38,98.86,Frágil,Origen C,Ambiente,Protocolo_2
Embalaje B,64.84,57.58,15.64,25.51,Normal,Origen A,Ambiente,Protocolo_1
Embalaje A,32.49,59.33,22.27,95.6,Frágil,Origen B,Ambiente,Protocolo_2
Embalaje C,12.7,9.53,62.22,46.07,Normal,Origen D,Ambiente,Protocolo_1
Embalaje B,89.94,5.88,97.66,58.46,Normal,Origen A,Ambiente,Protocolo_1
Embalaje A,92.49,71.19,15.35,4.01,Normal,Origen B,Ambiente,Protocolo_1
Embalaje C,39.82,31.61,47.89,74.51,Normal,Origen B,Ambiente,Protocolo_1
Embalaje B,82.57,72.98,14.96,81.08,Normal,Origen B,Ambiente,Protocolo_2
Embalaje C,51.33,87.43,9.32,78.83,Frágil,Origen D,Ambiente,Protocolo_2
Embalaje C,51.87,83.8,48.2,97.32,Normal,Origen B,Ambiente,Protocolo_2
Embalaje A,34.82,89.33,92.99,21.53,Normal,Origen C,Ambiente,Protocolo_1
Embalaje C,69.26,40.23,93.97,16.97,Normal,Origen B,Refrigerado,Protocolo_1
Embalaje C,89.21,55.0,33.51,7.57,Normal,Origen B,Ambiente,Protocolo_1
Embalaje A,36.25,80.14,29.55,82.27,Normal,Origen B,Ambiente,Protocolo_2
Embalaje B,12.12,82.14,74.24,42.07,Normal,Origen B,Ambiente,Protocolo_1
Embalaje B,18.64,91.8,31.53,99.18,Normal,Origen D,Ambiente,Protocolo_2
Embalaje B,85.62,76.2,25.14,47.51,Normal,Origen C,Refrigerado,Protocolo_1
Embalaje B,24.85,77.15,91.22,91.51,Normal,Origen A,Ambiente,Protocolo_2
Embalaje A,96.43,17.62,21.55,72.47,Frágil,Origen A,Ambiente,Protocolo_2
Embalaje A,97.89,99.06,26.76,25.38,Normal,Origen B,Ambiente,Protocolo_1
Embalaje A,75.91,84.56,64.98,98.69,Frágil,Origen C,Ambiente,Protocolo_2
Embalaje A,7.45,60.01,55.71,8.79,Normal,Origen A,Ambiente,Protocolo_1
Embalaje B,45.79,58.22,32.52,44.03,Normal,Origen A,Ambiente,Protocolo_1
Embalaje B,7.84,84.6,5.62,93.09,Normal,Origen A,Ambiente,Protocolo_2
Embalaje B,59.29,50.63,55.84,7.54,Frágil,Origen C,Ambiente,Protocolo_2
Embalaje B,38.2,15.38,88.22,55.14,Normal,Origen A,Ambiente,Protocolo_1
Embalaje B,66.2,12.55,23.24,49.85,Normal,Origen B,Ambiente,Protocolo_1
Embalaje C,36.86,88.16,86.43,98.21,Normal,Origen A,Ambiente,Protocolo_2
Embalaje B,92.17,96.1,40.02,92.22,Frágil,Origen D,Ambiente,Protocolo_2
Embalaje A,58.91,9.7,61.49,9.72,Normal,Origen B,Ambiente,Protocolo_1
Embalaje B,23.74,43.91,93.07,23.71,Normal,Origen A,Ambiente,Protocolo_1
Embalaje A,93.11,30.04,65.03,97.64,Normal,Origen A,Ambiente,Protocolo_2
Embalaje C,31.24,67.38,89.49,85.56,Normal,Origen A,Ambiente,Protocolo_2
Embalaje B,8.24,67.61,8.38,64.25,Frágil,Origen C,Ambiente,Protocolo_2
Embalaje C,47.93,29.4,13.17,42.76,Normal,Origen C,Ambiente,Protocolo_1
Embalaje C,51.8,94.1,89.14,97.84,Normal,Origen A,Ambiente,Protocolo_2
Embalaje C,13.19,40.97,81.16,44.24,Normal,Origen D,Ambiente,Protocolo_1
Embalaje C,67.07,62.67,54.36,39.12,Frágil,Origen A,Ambiente,Protocolo_2
Embalaje C,45.35,16.82,60.73,46.69,Normal,Origen A,Ambiente,Protocolo_1
Embalaje C,22.04,87.58,28.0,8.42,Normal,Origen B,Ambiente,Protocolo_1
Embalaje C,27.93,19.91,61.62,90.24,Normal,Origen A,Ambiente,Protocolo_2
Embalaje A,51.89,61.76,43.86,77.48,Frágil,Origen C,Ambiente,Protocolo_2
Embalaje B,72.95,27.85,90.02,37.79,Normal,Origen D,Ambiente,Protocolo_1
Embalaje A,63.0,73.94,25.32,10.47,Frágil,Origen B,Ambiente,Protocolo_2
Embalaje C,8.2,60.95,82.68,21.51,Normal,Origen A,Ambiente,Protocolo_1
Embalaje C,40.48,10.24,27.24,28.56,Frágil,Origen D,Ambiente,Protocolo_2
Embalaje B,11.86,15.15,91.55,20.55,Normal,Origen D,Ambiente,Protocolo_1
Embalaje B,36.58,36.04,47.25,21.8,Normal,Origen C,Ambiente,Protocolo_1
Embalaje C,62.5,10.17,74.23,98.19,Normal,Origen A,Refrigerado,Protocolo_2
Embalaje B,65.36,52.32,5.44,39.77,Normal,Origen B,Ambiente,Protocolo_1
Embalaje A,83.62,32.9,36.75,80.84,Frágil,Origen C,Refrigerado,Protocolo_2
Embalaje C,45.95,43.57,28.5,6.81,Normal,Origen D,Ambiente,Protocolo_1
Embalaje A,61.39,82.29,46.55,1.99,Normal,Origen B,Ambiente,Protocolo_1
Embalaje C,58.92,53.97,84.34,50.92,Frágil,Origen D,Ambiente,Protocolo_2
Embalaje A,96.46,5.18,53.28,31.11,Normal,Origen C,Ambiente,Protocolo_1
Embalaje C,98.46,36.03,10.36,45.28,Normal,Origen B,Refrigerado,Protocolo_1
Embalaje A,81.79,76.89,91.73,18.49,Normal,Origen C,Ambiente,Protocolo_1
Embalaje B,74.42,21.36,85.94,42.26,Normal,Origen C,Ambiente,Protocolo_1
Embalaje A,47.75,89.42,37.01,74.16,Frágil,Origen A,Ambiente,Protocolo_2
Embalaje C,69.15,51.66,14.85,10.31,Normal,Origen A,Ambiente,Protocolo_1
Embalaje A,29.19,14.21,42.91,31.9,Frágil,Origen C,Ambiente,Protocolo_2
Embalaje A,86.1,52.15,24.89,13.23,Normal,Origen C,Ambiente,Protocolo_1
Embalaje C,12.25,6.7,28.17,54.76,Normal,Origen A,Ambiente,Protocolo_1
Embalaje B,7.29,48.97,22.55,93.67,Normal,Origen D,Ambiente,Protocolo_2
Embalaje C,86.75,21.85,38.67,8.83,Frágil,Origen A,Ambiente,Protocolo_2
Embalaje A,37.04,95.91,18.95,45.9,Normal,Origen D,Refrigerado,Protocolo_1
Embalaje A,92.02,26.66,22.01,23.55,Normal,Origen C,Ambiente,Protocolo_1
Embalaje A,92.36,66.43,89.32,63.79,Normal,Origen D,Ambiente,Protocolo_1
Embalaje A,18.6,81.42,54.95,18.42,Frágil,Origen C,Ambiente,Protocolo_2
Embalaje C,22.36,43.49,64.23,65.15,Frágil,Origen B,Ambiente,Protocolo_2
Embalaje C,70.49,85.57,75.77,92.4,Normal,Origen D,Ambiente,Protocolo_2
Embalaje A,10.2,73.85,86.16,88.91,Normal,Origen A,Refrigerado,Protocolo_2
Embalaje B,25.11,80.71,6.49,30.34,Normal,Origen B,Ambiente,Protocolo_1
Embalaje B,84.13,14.48,25.53,87.72,Normal,Origen D,Ambiente,Protocolo_2
Embalaje A,74.15,42.22,63.58,69.32,Normal,Origen D,Ambiente,Protocolo_1
Embalaje B,17.98,71.86,57.9,33.05,Normal,Origen D,Ambiente,Protocolo_1
Embalaje A,41.04,30.53,16.98,92.1,Normal,Origen B,Ambiente,Protocolo_2
Embalaje A,93.4,80.17,8.34,11.04,Normal,Origen B,Refrigerado,Protocolo_1
Embalaje C,51.85,51.01,68.48,54.26,Normal,Origen A,Ambiente,Protocolo_1
Embalaje C,21.58,77.15,58.7,43.21,Frágil,Origen A,Ambiente,Protocolo_2
Embalaje A,25.5,51.13,18.15,40.53,Frágil,Origen A,Ambiente,Protocolo_2
Embalaje B,64.69,34.36,14.6,3.71,Normal,Origen B,Refrigerado,Protocolo_1
Embalaje B,58.32,17.77,67.47,6.35,Normal,Origen A,Ambiente,Protocolo_1
Embalaje A,47.22,64.55,39.17,95.36,Normal,Origen C,Ambiente,Protocolo_2
Embalaje A,58.84,99.57,73.42,67.8,Normal,Origen D,Ambiente,Protocolo_1
Embalaje A,70.59,12.82,48.76,31.99,Normal,Origen A,Ambiente,Protocolo_1
Embalaje A,23.46,32.35,96.27,46.68,Normal,Origen C,Ambiente,Protocolo_1
Embalaje B,94.76,70.73,30.65,34.25,Normal,Origen A,Ambiente,Protocolo_1
Embalaje A,7.71,86.42,87.48,90.34,Normal,Origen C,Ambiente,Protocolo_2
Embalaje C,49.13,66.01,78.81,79.73,Frágil,Origen A,Ambiente,Protocolo_2
Embalaje B,31.35,58.33,68.65,64.1,Frágil,Origen D,Ambiente,Protocolo_2
Embalaje B,8.06,31.73,30.44,36.02,Frágil,Origen A,Refrigerado,Protocolo_2
Embalaje B,59.02,48.85,61.5,76.21,Normal,Origen B,Ambiente,Protocolo_1
Embalaje A,38.5,82.64,20.5,12.53,Normal,Origen B,Ambiente,Protocolo_1
Embalaje C,25.56,23.5,35.99,30.41,Frágil,Origen A,Ambiente,Protocolo_2
Embalaje B,41.79,53.57,27.89,92.88,Normal,Origen B,Ambiente,Protocolo_2
Embalaje C,59.42,62.72,57.04,30.81,Normal,Origen D,Ambiente,Protocolo_1
Embalaje A,30.87,62.87,54.34,77.07,Normal,Origen C,Ambiente,Protocolo_1
Embalaje B,70.64,65.78,80.03,62.54,Normal,Origen B,Ambiente,Protocolo_1
Embalaje B,73.62,89.98,31.51,19.08,Normal,Origen D,Ambiente,Protocolo_1
Embalaje B,73.1,53.75,74.75,88.23,Normal,Origen B,Ambiente,Protocolo_2
Embalaje A,65.73,82.22,99.21,26.85,Normal,Origen D,Ambiente,Protocolo_1
Embalaje C,66.2,35.55,38.32,93.63,Frágil,Origen A,Ambiente,Protocolo_2
Embalaje B,57.87,62.73,79.82,29.62,Normal,Origen D,Ambiente,Protocolo_1
Embalaje A,41.56,19.59,25.86,12.47,Normal,Origen B,Ambiente,Protocolo_1
Embalaje C,57.22,62.72,21.06,57.2,Normal,Origen B,Ambiente,Protocolo_1
Embalaje B,58.26,20.02,18.38,94.21,Normal,Origen B,Ambiente,Protocolo_2
Embalaje C,13.27,10.96,46.72,45.57,Normal,Origen A,Refrigerado,Protocolo_1
Embalaje C,7.61,44.27,17.96,19.77,Frágil,Origen B,Refrigerado,Protocolo_2
Embalaje C,97.31,57.43,39.08,45.11,Frágil,Origen D,Ambiente,Protocolo_2
Embalaje C,88.19,13.57,41.67,86.09,Normal,Origen B,Ambiente,Protocolo_2
Embalaje B,18.39,67.57,18.4,92.81,Normal,Origen A,Ambiente,Protocolo_2
Embalaje C,5.25,70.68,78.03,99.51,Normal,Origen B,Ambiente,Protocolo_2
Embalaje C,39.57,67.47,49.26,76.67,Normal,Origen D,Ambiente,Protocolo_1
Embalaje C,28.18,96.04,5.86,51.87,Normal,Origen B,Ambiente,Protocolo_1
Embalaje C,58.98,34.84,96.7,43.4,Frágil,Origen D,Ambiente,Protocolo_2
Embalaje B,36.5,59.02,41.46,35.98,Frágil,Origen A,Refrigerado,Protocolo_2
Embalaje A,12.38,16.54,40.29,44.29,Normal,Origen B,Ambiente,Protocolo_1
Embalaje B,56.27,48.05,83.23,31.27,Frágil,Origen C,Ambiente,Protocolo_2
Embalaje B,90.9,25.47,79.27,24.54,Frágil,Origen D,Ambiente,Protocolo_2
Embalaje A,89.51,57.86,14.66,19.64,Normal,Origen D,Ambiente,Protocolo_1
Embalaje C,38.48,35.81,50.56,55.36,Frágil,Origen C,Ambiente,Protocolo_2
Embalaje C,88.13,23.61,97.21,88.26,Normal,Origen B,Ambiente,Protocolo_2
Embalaje A,82.41,15.64,34.9,70.21,Normal,Origen A,Refrigerado,Protocolo_1
Embalaje A,57.8,88.04,60.39,45.69,Normal,Origen A,Refrigerado,Protocolo_1
Embalaje C,69.54,35.09,31.51,10.3,Normal,Origen B,Ambiente,Protocolo_1
Embalaje C,62.48,61.49,56.95,99.27,Normal,Origen C,Ambiente,Protocolo_2
Embalaje B,63.14,25.2,17.1,30.07,Normal,Origen B,Ambiente,Protocolo_1
Embalaje A,96.53,62.5,89.01,9.16,Normal,Origen B,Ambiente,Protocolo_1
Embalaje B,28.31,21.17,25.27,87.7,Normal,Origen D,Ambiente,Protocolo_2
Embalaje B,83.47,58.43,10.95,9.88,Normal,Origen D,Ambiente,Protocolo_1
Embalaje A,38.36,65.27,70.78,43.21,Normal,Origen A,Ambiente,Protocolo_1
Embalaje A,45.18,98.32,77.09,82.3,Normal,Origen C,Ambiente,Protocolo_2
Embalaje B,30.34,94.16,77.08,8.5,Normal,Origen C,Ambiente,Protocolo_1
Embalaje C,52.33,58.14,68.75,11.04,Normal,Origen D,Ambiente,Protocolo_1
Embalaje C,21.83,72.67,20.65,47.68,Normal,Origen C,Ambiente,Protocolo_1
Embalaje C,15.84,40.23,68.33,68.25,Frágil,Origen A,Ambiente,Protocolo_2
Embalaje C,91.84,88.22,92.63,27.71,Normal,Origen D,Ambiente,Protocolo_1
Embalaje B,51.37,98.47,17.99,77.42,Normal,Origen A,Refrigerado,Protocolo_1
Embalaje C,46.28,46.35,11.78,43.1,Normal,Origen B,Ambiente,Protocolo_1
Embalaje C,9.91,7.69,76.31,94.35,Frágil,Origen C,Ambiente,Protocolo_2
Embalaje C,8.45,36.0,32.2,44.2,Frágil,Origen B,Ambiente,Protocolo_2
Embalaje C,43.39,5.51,32.35,27.49,Normal,Origen B,Ambiente,Protocolo_1
Embalaje A,20.48,91.3,53.19,81.0,Normal,Origen A,Ambiente,Protocolo_2
Embalaje B,84.6,55.96,59.79,67.25,Normal,Origen D,Ambiente,Protocolo_1
Embalaje A,75.98,89.99,53.13,96.53,Normal,Origen B,Ambiente,Protocolo_2
Embalaje C,7.64,76.27,20.98,45.21,Normal,Origen A,Ambiente,Protocolo_1
Embalaje C,83.6,66.81,81.06,66.43,Normal,Origen A,Ambiente,Protocolo_1
Embalaje C,80.29,58.82,36.57,71.17,Normal,Origen B,Ambiente,Protocolo_1
Embalaje A,32.6,45.8,95.17,61.82,Normal,Origen A,Ambiente,Protocolo_1
Embalaje A,45.8,43.4,15.79,59.36,Frágil,Origen A,Ambiente,Protocolo_2
Embalaje B,50.61,69.79,96.77,23.24,Normal,Origen A,Ambiente,Protocolo_1
Embalaje B,22.67,59.68,99.31,8.13,Normal,Origen D,Ambiente,Protocolo_1
Embalaje A,91.56,72.57,10.39,27.23,Normal,Origen B,Ambiente,Protocolo_1
Embalaje B,13.02,40.92,41.4,77.98,Normal,Origen D,Ambiente,Protocolo_1
Embalaje C,60.4,12.83,76.43,37.02,Normal,Origen A,Ambiente,Protocolo_1
Embalaje A,82.45,62.11,31.22,40.52,Normal,Origen A,Ambiente,Protocolo_1
Embalaje B,81.57,7.79,21.03,53.5,Normal,Origen A,Ambiente,Protocolo_1
Embalaje B,64.97,76.88,58.59,5.74,Frágil,Origen A,Ambiente,Protocolo_2
Embalaje A,61.24,29.78,78.45,14.24,Normal,Origen A,Ambiente,Protocolo_1
Embalaje A,17.75,72.95,24.98,51.87,Normal,Origen A,Ambiente,Protocolo_1
Embalaje C,37.54,59.08,87.2,6.21,Normal,Origen A,Ambiente,Protocolo_1
Embalaje A,65.87,78.53,35.21,8.31,Normal,Origen C,Ambiente,Protocolo_1
Embalaje C,62.26,10.88,57.17,81.51,Normal,Origen B,Ambiente,Protocolo_2
Embalaje B,39.18,51.35,66.53,9.04,Normal,Origen A,Ambiente,Protocolo_1
Embalaje A,43.62,55.19,61.47,48.14,Frágil,Origen D,Ambiente,Protocolo_2
Embalaje B,9.07,15.09,29.75,7.51,Normal,Origen C,Ambiente,Protocolo_1
Embalaje A,25.32,62.7,22.98,49.73,Normal,Origen D,Ambiente,Protocolo_1
Embalaje A,82.25,30.02,23.18,81.06,Normal,Origen D,Ambiente,Protocolo_2
Embalaje A,47.81,22.84,59.47,16.28,Normal,Origen C,Ambiente,Protocolo_1
Embalaje C,67.65,36.12,40.88,59.05,Normal,Origen B,Ambiente,Protocolo_1
Embalaje A,86.28,99.03,48.01,78.02,Normal,Origen D,Refrigerado,Protocolo_1
Embalaje B,7.69,47.15,50.79,32.27,Normal,Origen C,Ambiente,Protocolo_1
Embalaje C,46.98,24.01,71.52,37.01,Frágil,Origen B,Ambiente,Protocolo_2
Embalaje C,60.68,91.46,20.53,31.98,Normal,Origen A,Ambiente,Protocolo_1
Embalaje A,10.74,61.0,9.75,83.84,Normal,Origen D,Ambiente,Protocolo_2
Embalaje A,83.35,11.04,38.74,80.97,Normal,Origen D,Ambiente,Protocolo_2
Embalaje A,41.99,63.48,79.01,42.68,Normal,Origen C,Ambiente,Protocolo_1
Embalaje A,46.64,68.53,68.08,73.34,Frágil,Origen D,Ambiente,Protocolo_2
Embalaje B,32.64,50.22,20.25,85.53,Normal,Origen C,Ambiente,Protocolo_2
Embalaje C,27.74,70.17,16.51,93.46,Frágil,Origen A,Ambiente,Protocolo_2
Embalaje A,75.88,61.58,59.36,49.79,Normal,Origen D,Ambiente,Protocolo_1
Embalaje C,40.81,55.18,42.25,32.16,Frágil,Origen A,Refrigerado,Protocolo_2
Embalaje A,77.89,12.88,95.27,86.54,Normal,Origen D,Ambiente,Protocolo_2
Embalaje C,29.14,15.83,92.47,15.8,Normal,Origen B,Ambiente,Protocolo_1
Embalaje B,52.29,23.26,65.34,48.02,Frágil,Origen A,Ambiente,Protocolo_2
Embalaje C,30.67,39.3,26.44,69.72,Normal,Origen B,Ambiente,Protocolo_1
Embalaje A,91.7,32.75,94.58,49.68,Normal,Origen B,Ambiente,Protocolo_1
Embalaje B,31.66,98.49,50.24,85.94,Normal,Origen A,Ambiente,Protocolo_2
Embalaje A,98.94,99.54,52.85,93.77,Normal,Origen B,Ambiente,Protocolo_2
Embalaje B,44.09,10.55,98.48,35.85,Frágil,Origen D,Ambiente,Protocolo_2
Embalaje C,88.88,31.09,37.67,6.49,Normal,Origen A,Ambiente,Protocolo_1
Embalaje B,40.79,77.7,19.9,15.8,Normal,Origen B,Ambiente,Protocolo_1
Embalaje B,26.75,93.05,7.83,40.18,Frágil,Origen A,Ambiente,Protocolo_2
Embalaje B,19.85,84.44,95.02,97.38,Normal,Origen D,Ambiente,Protocolo_2
Embalaje C,51.78,88.81,67.88,40.69,Normal,Origen A,Ambiente,Protocolo_1
Embalaje A,27.18,35.76,20.12,75.49,Frágil,Origen C,Ambiente,Protocolo_2
Embalaje A,50.25,53.91,18.48,80.93,Normal,Origen A,Ambiente,Protocolo_2
Embalaje B,39.51,87.68,56.87,13.22,Normal,Origen C,Ambiente,Protocolo_1
Embalaje B,31.16,58.11,76.39,61.51,Normal,Origen B,Refrigerado,Protocolo_1
Embalaje C,71.97,54.7,29.38,1.45,Normal,Origen D,Ambiente,Protocolo_1
Embalaje C,45.78,24.3,75.88,7.5,Normal,Origen A,Ambiente,Protocolo_1
Embalaje C,33.47,16.33,9.47,57.9,Normal,Origen C,Ambiente,Protocolo_1
Embalaje C,35.84,5.96,96.89,27.23,Normal,Origen A,Ambiente,Protocolo_1
Embalaje B,58.95,80.77,38.48,43.0,Frágil,Origen B,Ambiente,Protocolo_2
Embalaje B,14.54,33.65,45.55,69.27,Normal,Origen B,Ambiente,Protocolo_1
Embalaje C,9.82,88.83,13.79,47.5,Normal,Origen D,Ambiente,Protocolo_1
Embalaje A,52.09,99.58,96.71,29.51,Normal,Origen A,Ambiente,Protocolo_1
Embalaje A,37.11,50.35,99.76,66.59,Normal,Origen D,Ambiente,Protocolo_1
Embalaje C,90.21,19.24,68.92,53.1,Normal,Origen B,Ambiente,Protocolo_1
Embalaje B,15.83,8.64,12.78,71.12,Normal,Origen B,Ambiente,Protocolo_1
Embalaje C,30.84,21.71,58.49,11.01,Normal,Origen A,Ambiente,Protocolo_1
Embalaje B,81.53,30.47,86.61,75.34,Normal,Origen C,Refrigerado,Protocolo_1
Embalaje B,16.79,87.27,28.71,64.57,Normal,Origen B,Ambiente,Protocolo_1
Embalaje C,23.71,31.52,15.39,98.64,Normal,Origen B,Refrigerado,Protocolo_2
Embalaje C,63.78,64.26,48.26,84.08,Normal,Origen D,Ambiente,Protocolo_2
Embalaje C,52.76,12.1,54.98,36.35,Normal,Origen C,Ambiente,Protocolo_1
Embalaje C,53.72,64.97,79.73,48.28,Normal,Origen A,Refrigerado,Protocolo_1
Embalaje B,55.48,23.73,37.64,38.86,Normal,Origen D,Ambiente,Protocolo_1
Embalaje C,85.12,37.09,51.61,70.56,Normal,Origen B,Ambiente,Protocolo_1
Embalaje C,29.58,31.74,25.13,72.52,Normal,Origen C,Ambiente,Protocolo_1
Embalaje B,29.8,10.54,76.77,77.63,Frágil,Origen B,Ambiente,Protocolo_2
Embalaje C,84.93,17.14,41.75,81.33,Normal,Origen C,Ambiente,Protocolo_2
Embalaje C,13.95,19.33,78.4,15.17,Normal,Origen A,Ambiente,Protocolo_1
Embalaje C,6.69,20.07,47.67,99.06,Frágil,Origen C,Ambiente,Protocolo_2
Embalaje C,47.53,20.76,29.51,53.91,Normal,Origen D,Ambiente,Protocolo_1
Embalaje A,91.45,93.02,31.06,41.54,Normal,Origen C,Ambiente,Protocolo_1
Embalaje B,19.41,72.73,72.85,82.91,Normal,Origen A,Ambiente,Protocolo_2
Embalaje B,24.56,31.02,60.46,55.17,Normal,Origen A,Ambiente,Protocolo_1
Embalaje B,34.06,47.07,24.0,8.74,Normal,Origen B,Ambiente,Protocolo_1
Embalaje B,81.29,42.01,73.06,39.72,Normal,Origen A,Ambiente,Protocolo_1
Embalaje C,86.69,49.84,98.68,93.16,Frágil,Origen A,Ambiente,Protocolo_2
Embalaje A,43.57,71.69,57.42,34.28,Normal,Origen D,Ambiente,Protocolo_1
Embalaje B,11.27,25.82,9.45,18.65,Normal,Origen C,Ambiente,Protocolo_1
Embalaje C,82.3,54.61,23.12,21.37,Normal,Origen D,Ambiente,Protocolo_1
Embalaje B,34.33,22.71,57.09,24.47,Frágil,Origen C,Ambiente,Protocolo_2
Embalaje C,29.59,38.24,28.23,31.95,Normal,Origen A,Ambiente,Protocolo_1
Embalaje C,60.63,77.18,79.68,9.24,Frágil,Origen A,Ambiente,Protocolo_2
Embalaje A,26.65,67.24,18.76,20.97,Normal,Origen D,Ambiente,Protocolo_1
Embalaje A,46.77,42.85,33.88,18.58,Frágil,Origen A,Ambiente,Protocolo_2
Embalaje A,51.94,45.74,77.12,46.27,Normal,Origen C,Ambiente,Protocolo_1
Embalaje C,40.64,56.94,22.78,14.27,Frágil,Origen D,Ambiente,Protocolo_2
Embalaje C,47.49,9.58,26.9,11.81,Normal,Origen A,Refrigerado,Protocolo_1
Embalaje A,51.49,79.07,21.14,54.55,Normal,Origen A,Ambiente,Protocolo_1
Embalaje C,88.41,64.79,18.15,42.09,Normal,Origen C,Ambiente,Protocolo_1
Embalaje C,76.8,32.57,62.78,58.47,Normal,Origen C,Ambiente,Protocolo_1
Embalaje A,97.35,58.22,91.06,48.24,Frágil,Origen D,Ambiente,Protocolo_2
Embalaje A,43.08,58.08,97.04,49.34,Normal,Origen A,Ambiente,Protocolo_1
Embalaje B,77.37,10.5,20.12,59.68,Normal,Origen D,Ambiente,Protocolo_1
Embalaje C,80.8,8.38,42.87,56.79,Normal,Origen B,Ambiente,Protocolo_1
Embalaje A,68.59,46.55,75.24,41.71,Frágil,Origen C,Ambiente,Protocolo_2
Embalaje B,77.67,29.6,36.5,86.57,Normal,Origen C,Ambiente,Protocolo_2
Embalaje B,83.19,42.55,60.16,86.04,Normal,Origen D,Ambiente,Protocolo_2
Embalaje A,8.03,56.08,98.57,34.95,Normal,Origen D,Ambiente,Protocolo_1
Embalaje C,17.63,82.98,18.53,99.2,Normal,Origen B,Ambiente,Protocolo_2
Embalaje A,15.0,23.29,53.58,28.65,Normal,Origen B,Ambiente,Protocolo_1
Embalaje A,66.13,76.74,98.96,44.46,Normal,Origen B,Ambiente,Protocolo_1
Embalaje B,94.11,84.45,83.95,58.1,Normal,Origen B,Ambiente,Protocolo_1
Embalaje B,70.61,67.39,64.88,58.03,Normal,Origen D,Ambiente,Protocolo_1
Embalaje C,94.11,57.91,84.79,22.39,Normal,Origen D,Ambiente,Protocolo_1
Embalaje A,73.46,93.57,14.64,27.55,Normal,Origen B,Ambiente,Protocolo_1
Embalaje A,45.72,20.17,48.01,59.84,Normal,Origen B,Ambiente,Protocolo_1
Embalaje C,25.56,60.95,53.03,77.48,Normal,Origen A,Ambiente,Protocolo_1
Embalaje C,24.48,60.08,35.05,44.82,Frágil,Origen C,Ambiente,Protocolo_2
Embalaje C,99.23,58.11,21.07,42.91,Frágil,Origen D,Ambiente,Protocolo_2
Embalaje A,89.85,37.4,54.71,50.22,Normal,Origen B,Ambiente,Protocolo_1
Embalaje A,60.77,95.94,53.17,68.75,Normal,Origen A,Ambiente,Protocolo_1
Embalaje B,8.87,39.28,81.73,66.88,Normal,Origen C,Ambiente,Protocolo_1
Embalaje C,12.4,7.66,18.37,4.31,Normal,Origen C,Ambiente,Protocolo_1
Embalaje A,89.19,40.3,26.74,55.69,Frágil,Origen A,Ambiente,Protocolo_2
Embalaje C,99.38,23.71,9.58,86.4,Normal,Origen B,Ambiente,Protocolo_2
Embalaje C,57.84,37.77,61.72,36.58,Normal,Origen C,Ambiente,Protocolo_1
Embalaje B,43.85,65.51,89.39,53.12,Normal,Origen A,Ambiente,Protocolo_1
Embalaje C,42.87,50.1,93.2,68.49,Normal,Origen A,Ambiente,Protocolo_1
Embalaje C,77.67,19.51,37.6,14.83,Normal,Origen C,Ambiente,Protocolo_1
Embalaje C,88.75,75.81,8.29,28.09,Normal,Origen C,Ambiente,Protocolo_1
Embalaje A,43.41,66.17,55.16,27.44,Normal,Origen C,Ambiente,Protocolo_1
Embalaje A,45.95,52.9,36.58,59.92,Normal,Origen D,Ambiente,Protocolo_1
Embalaje A,50.16,68.27,73.45,53.35,Normal,Origen B,Ambiente,Protocolo_1
Embalaje A,99.24,21.86,52.68,10.02,Normal,Origen B,Ambiente,Protocolo_1
Embalaje A,29.81,98.3,84.78,85.8,Normal,Origen B,Ambiente,Protocolo_2
Embalaje C,5.14,65.57,40.23,79.54,Normal,Origen C,Ambiente,Protocolo_1
Embalaje C,77.38,95.07,36.88,60.9,Frágil,Origen B,Ambiente,Protocolo_2
Embalaje C,95.16,24.74,47.0,45.08,Normal,Origen B,Ambiente,Protocolo_1
Embalaje C,84.27,99.61,76.23,33.67,Normal,Origen D,Ambiente,Protocolo_1
Embalaje C,12.21,88.16,26.39,22.6,Normal,Origen A,Refrigerado,Protocolo_1
Embalaje A,81.57,12.89,13.08,70.06,Normal,Origen B,Ambiente,Protocolo_1
Embalaje C,61.31,66.01,74.05,8.22,Normal,Origen C,Ambiente,Protocolo_1
Embalaje A,42.61,11.81,8.35,19.33,Normal,Origen B,Ambiente,Protocolo_1
Embalaje B,42.29,28.27,7.6,47.64,Normal,Origen C,Ambiente,Protocolo_1
Embalaje A,44.92,21.0,30.21,33.67,Normal,Origen C,Ambiente,Protocolo_1
Embalaje B,86.12,62.49,94.68,74.84,Normal,Origen D,Ambiente,Protocolo_1
Embalaje B,74.2,9.18,84.74,26.1,Frágil,Origen A,Ambiente,Protocolo_2
Embalaje C,61.95,64.07,86.1,39.07,Normal,Origen A,Ambiente,Protocolo_1
Embalaje B,8.07,90.12,69.74,97.91,Normal,Origen B,Ambiente,Protocolo_2
Embalaje C,50.93,51.52,5.17,94.4,Normal,Origen A,Ambiente,Protocolo_2
Embalaje B,7.45,21.6,71.24,64.53,Normal,Origen A,Ambiente,Protocolo_1
Embalaje A,45.08,71.58,66.58,46.7,Frágil,Origen C,Ambiente,Protocolo_2
Embalaje C,94.38,33.79,33.79,81.23,Normal,Origen D,Ambiente,Protocolo_2
Embalaje B,62.62,72.34,31.27,76.28,Frágil,Origen B,Ambiente,Protocolo_2
Embalaje A,67.37,33.06,31.61,49.48,Frágil,Origen D,Ambiente,Protocolo_2
Embalaje B,18.08,34.08,63.01,54.56,Normal,Origen D,Ambiente,Protocolo_1
Embalaje A,70.76,10.43,6.71,98.08,Normal,Origen C,Ambiente,Protocolo_2
Embalaje C,83.74,31.38,97.51,56.22,Normal,Origen D,Ambiente,Protocolo_1
Embalaje C,64.38,78.09,98.18,76.79,Normal,Origen C,Ambiente,Protocolo_1
Embalaje C,43.23,26.69,7.21,12.78,Normal,Origen D,Ambiente,Protocolo_1
Embalaje B,9.29,14.16,60.93,74.39,Normal,Origen A,Ambiente,Protocolo_1
Embalaje B,21.45,99.56,33.42,41.37,Normal,Origen B,Ambiente,Protocolo_1
Embalaje B,89.7,80.65,53.75,54.81,Normal,Origen C,Ambiente,Protocolo_1
Embalaje B,28.11,63.68,74.07,58.09,Normal,Origen D,Ambiente,Protocolo_1
Embalaje B,63.09,39.67,36.17,93.37,Normal,Origen B,Ambiente,Protocolo_2
Embalaje B,66.81,8.48,97.13,91.99,Normal,Origen B,Ambiente,Protocolo_2
Embalaje A,55.02,70.46,51.51,3.12,Frágil,Origen D,Ambiente,Protocolo_2
Embalaje A,92.69,23.65,78.01,18.24,Normal,Origen C,Refrigerado,Protocolo_1
Embalaje A,20.09,96.34,30.41,46.44,Normal,Origen C,Ambiente,Protocolo_1
Embalaje A,55.82,62.01,71.92,61.17,Normal,Origen B,Ambiente,Protocolo_1
Embalaje C,70.19,33.61,75.0,82.7,Normal,Origen B,Ambiente,Protocolo_2
Embalaje A,50.85,35.07,34.65,55.75,Normal,Origen C,Ambiente,Protocolo_1
Embalaje A,56.25,12.25,57.74,72.47,Normal,Origen B,Ambiente,Protocolo_1
Embalaje A,57.5,84.84,41.77,44.83,Frágil,Origen C,Ambiente,Protocolo_2
Embalaje A,40.08,20.5,83.97,42.06,Normal,Origen D,Ambiente,Protocolo_1
Embalaje A,60.96,69.58,72.95,31.1,Normal,Origen C,Ambiente,Protocolo_1
Embalaje B,70.11,95.66,34.36,27.84,Frágil,Origen D,Ambiente,Protocolo_2
Embalaje A,49.21,72.34,89.79,90.48,Frágil,Origen D,Ambiente,Protocolo_2
Embalaje B,69.02,63.37,50.01,10.97,Normal,Origen D,Ambiente,Protocolo_1
Embalaje B,11.6,32.57,42.73,87.76,Normal,Origen B,Ambiente,Protocolo_2
Embalaje A,22.86,37.29,20.52,42.1,Normal,Origen A,Ambiente,Protocolo_1
Embalaje B,61.36,33.12,53.4,93.29,Normal,Origen A,Ambiente,Protocolo_2
Embalaje B,87.3,31.17,22.03,16.25,Normal,Origen D,Refrigerado,Protocolo_1
Embalaje B,81.4,49.13,63.18,14.07,Normal,Origen D,Ambiente,Protocolo_1
Embalaje A,63.05,56.8,27.13,10.88,Frágil,Origen D,Ambiente,Protocolo_2
Embalaje C,94.15,76.04,63.99,22.16,Normal,Origen B,Ambiente,Protocolo_1
Embalaje C,73.82,35.58,69.02,5.33,Normal,Origen D,Ambiente,Protocolo_1
Embalaje C,55.62,9.71,8.01,23.87,Normal,Origen C,Ambiente,Protocolo_1
Embalaje A,26.3,72.4,8.64,29.94,Normal,Origen D,Refrigerado,Protocolo_1
Embalaje C,47.82,49.11,55.64,14.76,Normal,Origen A,Refrigerado,Protocolo_1
Embalaje A,10.97,10.53,93.37,1.98,Frágil,Origen B,Ambiente,Protocolo_2
Embalaje A,30.69,97.0,21.89,78.78,Frágil,Origen D,Ambiente,Protocolo_2
Embalaje C,56.21,60.3,70.65,14.69,Normal,Origen D,Refrigerado,Protocolo_1
Embalaje A,98.16,23.51,17.12,25.09,Frágil,Origen A,Ambiente,Protocolo_2
Embalaje C,92.82,41.69,64.73,77.66,Normal,Origen C,Ambiente,Protocolo_1
Embalaje B,80.75,13.8,67.91,88.89,Normal,Origen C,Ambiente,Protocolo_2
Embalaje A,54.59,90.45,85.66,92.64,Normal,Origen A,Ambiente,Protocolo_2
Embalaje C,36.4,45.63,36.84,6.26,Normal,Origen B,Ambiente,Protocolo_1
Embalaje B,31.28,24.87,91.47,53.62,Normal,Origen A,Ambiente,Protocolo_1
Embalaje A,81.18,21.32,30.13,1.64,Normal,Origen C,Ambiente,Protocolo_1
Embalaje C,25.78,40.73,20.03,15.57,Normal,Origen C,Ambiente,Protocolo_1
Embalaje B,37.4,36.66,66.58,78.09,Normal,Origen B,Ambiente,Protocolo_1
Embalaje A,78.49,24.29,51.06,95.62,Normal,Origen B,Ambiente,Protocolo_2
Embalaje B,11.59,20.87,30.16,41.28,Normal,Origen D,Ambiente,Protocolo_1
Embalaje C,31.33,32.78,65.27,78.21,Normal,Origen B,Ambiente,Protocolo_1
Embalaje A,17.48,94.5,58.57,89.54,Normal,Origen A,Ambiente,Protocolo_2
Embalaje B,5.62,47.64,11.77,23.87,Normal,Origen B,Refrigerado,Protocolo_1
Embalaje A,37.71,63.39,75.9,73.64,Normal,Origen A,Ambiente,Protocolo_1
Embalaje B,56.7,87.25,35.77,44.58,Normal,Origen A,Ambiente,Protocolo_1
Embalaje C,32.72,6.59,88.08,48.26,Frágil,Origen C,Ambiente,Protocolo_2
Embalaje C,62.46,51.09,53.6,77.47,Normal,Origen B,Ambiente,Protocolo_1
Embalaje C,70.49,30.5,42.03,66.62,Normal,Origen B,Ambiente,Protocolo_1
Embalaje B,21.89,97.89,26.37,2.25,Normal,Origen C,Ambiente,Protocolo_1
Embalaje A,45.84,71.64,94.28,84.89,Normal,Origen C,Ambiente,Protocolo_2
Embalaje C,54.37,69.73,35.47,64.41,Normal,Origen D,Ambiente,Protocolo_1
Embalaje B,18.54,71.09,10.69,74.19,Normal,Origen D,Ambiente,Protocolo_1
Embalaje A,30.29,83.92,19.28,31.69,Normal,Origen D,Ambiente,Protocolo_1
Embalaje B,72.44,35.82,16.21,30.8,Frágil,Origen A,Ambiente,Protocolo_2
Embalaje B,71.71,19.3,36.79,81.12,Normal,Origen A,Ambiente,Protocolo_2
Embalaje B,91.89,86.81,68.17,34.46,Normal,Origen A,Ambiente,Protocolo_1
Embalaje C,52.72,56.04,39.45,88.25,Normal,Origen D,Ambiente,Protocolo_2
Embalaje A,82.7,49.47,21.34,70.15,Frágil,Origen A,Ambiente,Protocolo_2
Embalaje C,8.52,47.08,62.63,84.28,Normal,Origen B,Ambiente,Protocolo_2
Embalaje A,35.96,98.14,69.0,27.78,Normal,Origen C,Ambiente,Protocolo_1
Embalaje B,51.56,26.82,5.34,75.49,Normal,Origen B,Refrigerado,Protocolo_1
Embalaje A,59.51,46.39,77.31,26.79,Normal,Origen D,Ambiente,Protocolo_1
Embalaje B,42.27,14.52,78.22,80.86,Normal,Origen D,Ambiente,Protocolo_2
Embalaje A,81.2,40.09,32.17,21.97,Normal,Origen B,Ambiente,Protocolo_1
Embalaje B,68.04,58.25,11.01,93.94,Normal,Origen D,Ambiente,Protocolo_2
Embalaje C,51.79,92.18,82.92,53.1,Normal,Origen C,Ambiente,Protocolo_1
Embalaje A,83.82,33.36,82.46,51.8,Normal,Origen A,Ambiente,Protocolo_1
Embalaje B,27.59,41.68,78.43,87.66,Frágil,Origen A,Ambiente,Protocolo_2
Embalaje B,54.97,63.58,63.43,25.2,Normal,Origen A,Ambiente,Protocolo_1
Embalaje C,47.15,24.99,58.18,97.36,Normal,Origen C,Ambiente,Protocolo_2
Embalaje A,69.58,57.77,77.65,11.58,Normal,Origen A,Ambiente,Protocolo_1
Embalaje C,74.49,20.85,86.5,71.9,Normal,Origen A,Ambiente,Protocolo_1
Embalaje B,97.42,76.23,37.66,66.12,Frágil,Origen B,Ambiente,Protocolo_2
Embalaje B,12.25,14.44,69.39,39.4,Normal,Origen C,Ambiente,Protocolo_1
Embalaje C,56.57,12.83,39.33,67.2,Normal,Origen A,Ambiente,Protocolo_1
Embalaje C,62.05,48.9,37.67,51.63,Frágil,Origen B,Ambiente,Protocolo_2
Embalaje A,79.35,8.24,59.37,78.52,Normal,Origen D,Ambiente,Protocolo_1
Embalaje B,44.81,73.92,43.89,85.25,Normal,Origen B,Ambiente,Protocolo_2
Embalaje A,39.33,35.27,95.15,47.66,Normal,Origen D,Ambiente,Protocolo_1
Embalaje B,35.1,44.43,64.67,12.42,Normal,Origen C,Ambiente,Protocolo_1
Embalaje C,98.52,27.06,67.27,63.87,Normal,Origen B,Refrigerado,Protocolo_1
Embalaje C,24.92,93.28,94.92,26.04,Normal,Origen A,Ambiente,Protocolo_1
Embalaje B,75.04,29.99,7.32,22.26,Normal,Origen D,Ambiente,Protocolo_1
Embalaje A,10.19,35.52,42.54,30.77,Normal,Origen D,Ambiente,Protocolo_1
Embalaje B,69.64,49.49,44.55,21.86,Normal,Origen A,Ambiente,Protocolo_1
Embalaje B,94.91,65.54,13.26,44.87,Normal,Origen D,Refrigerado,Protocolo_1
Embalaje A,19.05,37.65,17.71,60.79,Normal,Origen B,Ambiente,Protocolo_1
Embalaje B,76.64,98.1,53.85,64.37,Normal,Origen B,Refrigerado,Protocolo_1
Embalaje A,57.13,58.24,14.54,70.4,Normal,Origen C,Ambiente,Protocolo_1
Embalaje A,72.35,38.06,97.95,99.18,Frágil,Origen B,Ambiente,Protocolo_2
Embalaje B,96.41,37.27,67.44,82.58,Normal,Origen C,Ambiente,Protocolo_2
Embalaje A,69.4,94.95,18.42,55.31,Frágil,Origen B,Ambiente,Protocolo_2
Embalaje A,64.06,5.95,16.13,32.07,Normal,Origen D,Ambiente,Protocolo_1
Embalaje A,89.47,46.26,42.07,74.45,Normal,Origen B,Ambiente,Protocolo_1
Embalaje B,85.96,77.99,64.74,4.63,Normal,Origen C,Refrigerado,Protocolo_1
Embalaje A,35.5,68.35,17.8,70.23,Frágil,Origen C,Ambiente,Protocolo_2
Embalaje C,10.24,75.58,81.14,43.23,Normal,Origen B,Refrigerado,Protocolo_1
Embalaje B,46.97,57.03,93.54,7.49,Normal,Origen C,Refrigerado,Protocolo_1
Embalaje C,22.13,20.89,13.9,69.08,Normal,Origen A,Ambiente,Protocolo_1
Embalaje B,76.56,66.07,36.7,92.99,Normal,Origen A,Ambiente,Protocolo_2
Embalaje C,44.49,40.9,42.65,22.02,Frágil,Origen A,Ambiente,Protocolo_2
Embalaje C,96.15,52.88,45.59,7.15,Normal,Origen A,Refrigerado,Protocolo_1
Embalaje A,57.6,36.11,42.78,42.62,Normal,Origen D,Ambiente,Protocolo_1
Embalaje B,56.45,81.03,8.64,52.6,Normal,Origen A,Ambiente,Protocolo_1
Embalaje A,11.59,23.33,61.2,92.41,Frágil,Origen B,Ambiente,Protocolo_2
Embalaje C,57.1,49.6,77.83,47.17,Normal,Origen D,Ambiente,Protocolo_1
Embalaje C,15.34,43.79,37.48,98.52,Normal,Origen A,Ambiente,Protocolo_2
Embalaje A,91.5,58.67,6.33,68.01,Normal,Origen B,Ambiente,Protocolo_1
Embalaje B,91.7,44.97,83.26,84.18,Normal,Origen B,Ambiente,Protocolo_2
Embalaje C,74.72,71.09,76.2,58.01,Normal,Origen B,Ambiente,Protocolo_1
Embalaje A,43.46,82.41,42.11,85.54,Normal,Origen C,Ambiente,Protocolo_2
Embalaje B,48.77,57.17,90.15,74.17,Normal,Origen A,Ambiente,Protocolo_1
Embalaje A,27.19,38.04,89.89,40.65,Frágil,Origen C,Ambiente,Protocolo_2
Embalaje C,67.32,61.3,79.51,24.81,Normal,Origen B,Ambiente,Protocolo_1
Embalaje A,49.86,34.16,42.54,73.09,Normal,Origen A,Ambiente,Protocolo_1
Embalaje A,43.38,78.68,71.78,7.47,Frágil,Origen B,Refrigerado,Protocolo_2
Embalaje B,22.53,5.19,9.39,44.78,Normal,Origen B,Refrigerado,Protocolo_1
Embalaje C,86.52,29.97,18.67,28.09,Normal,Origen C,Ambiente,Protocolo_1
Embalaje A,87.13,85.17,81.16,9.02,Normal,Origen A,Ambiente,Protocolo_1
Embalaje A,52.11,46.61,21.22,57.44,Normal,Origen C,Ambiente,Protocolo_1
Embalaje B,44.39,86.23,71.5,20.58,Normal,Origen C,Ambiente,Protocolo_1
Embalaje B,40.04,29.38,92.31,45.81,Normal,Origen C,Ambiente,Protocolo_1
Embalaje A,17.45,87.92,95.77,97.69,Normal,Origen B,Ambiente,Protocolo_2
Embalaje A,75.33,61.19,89.38,95.35,Normal,Origen A,Ambiente,Protocolo_2
Embalaje A,31.39,21.46,41.42,54.94,Normal,Origen B,Ambiente,Protocolo_1
Embalaje A,80.5,51.79,65.64,91.32,Normal,Origen C,Ambiente,Protocolo_2
Embalaje B,54.32,26.48,30.04,23.24,Normal,Origen D,Refrigerado,Protocolo_1
Embalaje C,55.51,49.49,48.83,51.65,Normal,Origen B,Ambiente,Protocolo_1
Embalaje C,38.56,79.24,40.24,38.54,Frágil,Origen C,Refrigerado,Protocolo_2
Embalaje C,68.52,35.99,77.03,18.76,Normal,Origen C,Refrigerado,Protocolo_1
Embalaje B,77.53,18.4,85.93,64.95,Normal,Origen B,Ambiente,Protocolo_1
Embalaje A,50.29,48.34,68.06,33.89,Normal,Origen C,Ambiente,Protocolo_1
Embalaje B,17.48,83.79,32.2,15.21,Normal,Origen B,Refrigerado,Protocolo_1
Embalaje C,66.49,54.94,26.57,69.87,Normal,Origen B,Ambiente,Protocolo_1
Embalaje A,13.0,44.6,62.07,15.47,Normal,Origen B,Ambiente,Protocolo_1
Embalaje C,74.34,95.51,36.17,42.52,Normal,Origen B,Ambiente,Protocolo_1
Embalaje C,26.7,50.62,57.62,28.34,Normal,Origen C,Ambiente,Protocolo_1
Embalaje B,7.17,65.11,50.87,47.61,Normal,Origen B,Ambiente,Protocolo_1
Embalaje B,25.75,78.63,38.77,88.9,Normal,Origen C,Ambiente,Protocolo_2
Embalaje C,46.94,25.74,15.85,86.4,Normal,Origen B,Ambiente,Protocolo_2
Embalaje C,24.46,89.09,62.99,17.36,Normal,Origen C,Ambiente,Protocolo_1
Embalaje C,45.62,23.87,5.25,73.98,Normal,Origen B,Ambiente,Protocolo_1
Embalaje A,73.37,59.28,89.01,29.48,Normal,Origen D,Ambiente,Protocolo_1
Embalaje A,88.11,88.77,61.33,39.2,Normal,Origen B,Ambiente,Protocolo_1
Embalaje A,26.47,92.76,90.7,10.07,Normal,Origen A,Ambiente,Protocolo_1
Embalaje C,60.64,19.53,44.67,84.11,Normal,Origen C,Ambiente,Protocolo_2
Embalaje C,46.74,18.96,91.9,14.82,Normal,Origen C,Ambiente,Protocolo_1
Embalaje B,32.92,78.7,50.68,1.79,Normal,Origen B,Ambiente,Protocolo_1
Embalaje A,70.31,33.58,24.03,46.63,Normal,Origen C,Ambiente,Protocolo_1
Embalaje B,51.92,48.67,73.34,49.17,Normal,Origen A,Ambiente,Protocolo_1
Embalaje B,74.13,79.74,74.39,37.74,Normal,Origen D,Ambiente,Protocolo_1
Embalaje B,53.73,40.66,76.02,1.23,Normal,Origen B,Ambiente,Protocolo_1
Embalaje A,82.97,37.98,48.71,75.37,Frágil,Origen C,Ambiente,Protocolo_2
Embalaje B,8.22,77.56,11.79,20.95,Frágil,Origen B,Ambiente,Protocolo_2
Embalaje B,10.27,98.52,57.6,51.37,Frágil,Origen B,Ambiente,Protocolo_2
Embalaje C,72.98,97.1,54.63,92.67,Normal,Origen A,Ambiente,Protocolo_2
Embalaje A,16.16,24.56,59.16,46.28,Frágil,Origen B,Ambiente,Protocolo_2
Embalaje A,43.11,52.73,58.75,15.45,Normal,Origen D,Ambiente,Protocolo_1
Embalaje C,65.73,30.16,27.41,36.81,Normal,Origen C,Ambiente,Protocolo_1
Embalaje A,32.06,41.03,42.25,72.63,Normal,Origen D,Ambiente,Protocolo_1
Embalaje B,90.15,59.07,77.64,92.11,Frágil,Origen D,Ambiente,Protocolo_2
Embalaje A,44.53,82.9,71.13,49.85,Normal,Origen A,Ambiente,Protocolo_1
Embalaje A,83.1,81.87,80.22,19.07,Normal,Origen D,Ambiente,Protocolo_1
Embalaje B,86.21,77.6,37.93,8.85,Frágil,Origen C,Ambiente,Protocolo_2
Embalaje A,68.68,6.55,87.54,40.92,Normal,Origen B,Ambiente,Protocolo_1
Embalaje A,88.47,87.76,81.35,85.19,Normal,Origen D,Ambiente,Protocolo_2
Embalaje C,51.72,34.68,81.47,68.3,Normal,Origen D,Ambiente,Protocolo_1
Embalaje B,29.82,64.43,28.32,90.15,Normal,Origen D,Ambiente,Protocolo_2
Embalaje C,92.76,33.32,8.85,78.65,Normal,Origen B,Ambiente,Protocolo_1
Embalaje A,5.19,99.15,11.87,97.21,Frágil,Origen B,Ambiente,Protocolo_2
Embalaje A,94.94,47.06,84.69,84.03,Normal,Origen A,Ambiente,Protocolo_2
Embalaje C,50.59,5.42,52.91,2.38,Normal,Origen B,Ambiente,Protocolo_1
Embalaje B,42.02,68.31,82.27,74.39,Normal,Origen C,Ambiente,Protocolo_1
Embalaje A,72.49,18.05,14.87,4.18,Normal,Origen D,Ambiente,Protocolo_1
Embalaje C,53.15,69.94,47.33,5.52,Frágil,Origen D,Ambiente,Protocolo_2
Embalaje A,67.32,46.64,9.91,27.65,Normal,Origen A,Ambiente,Protocolo_1
Embalaje B,74.01,73.23,95.82,66.43,Frágil,Origen C,Ambiente,Protocolo_2
Embalaje B,91.39,6.39,38.31,35.16,Normal,Origen A,Refrigerado,Protocolo_1
Embalaje B,18.03,5.01,17.35,70.05,Normal,Origen A,Ambiente,Protocolo_1
Embalaje B,7.49,68.33,58.99,47.79,Normal,Origen D,Ambiente,Protocolo_1
Embalaje B,49.35,20.96,6.7,94.03,Normal,Origen C,Ambiente,Protocolo_2
Embalaje A,22.32,29.14,52.47,71.83,Normal,Origen B,Ambiente,Protocolo_1
Embalaje B,83.27,53.27,14.37,90.54,Normal,Origen C,Ambiente,Protocolo_2
Embalaje C,93.48,82.47,7.61,46.45,Normal,Origen D,Ambiente,Protocolo_1
Embalaje A,51.45,52.87,34.91,63.43,Normal,Origen C,Ambiente,Protocolo_1
Embalaje C,31.6,26.2,89.37,44.17,Normal,Origen B,Ambiente,Protocolo_1
Embalaje C,21.64,75.73,63.92,5.39,Normal,Origen A,Ambiente,Protocolo_1
Embalaje A,82.58,49.5,91.02,55.71,Normal,Origen A,Ambiente,Protocolo_1
Embalaje B,47.33,42.77,84.25,34.7,Frágil,Origen C,Ambiente,Protocolo_2
Embalaje C,30.35,87.67,14.79,14.7,Normal,Origen A,Ambiente,Protocolo_1
Embalaje A,34.68,73.18,21.1,51.06,Normal,Origen D,Ambiente,Protocolo_1
Embalaje B,11.13,38.03,82.5,15.55,Frágil,Origen B,Ambiente,Protocolo_2
Embalaje A,67.75,64.63,99.99,79.05,Frágil,Origen D,Ambiente,Protocolo_2
Embalaje B,67.37,27.11,86.56,27.55,Normal,Origen C,Ambiente,Protocolo_1
Embalaje B,21.16,79.74,56.45,72.92,Normal,Origen A,Ambiente,Protocolo_1
Embalaje B,56.35,50.95,92.79,98.92,Normal,Origen C,Ambiente,Protocolo_2
Embalaje C,86.97,92.02,56.45,84.3,Frágil,Origen C,Ambiente,Protocolo_2
Embalaje A,16.3,72.75,82.78,67.88,Normal,Origen B,Ambiente,Protocolo_1
Embalaje C,65.24,41.63,48.93,94.94,Normal,Origen B,Ambiente,Protocolo_2
Embalaje A,77.55,92.66,98.29,49.63,Normal,Origen B,Ambiente,Protocolo_1
Embalaje C,78.29,91.83,16.35,37.89,Normal,Origen B,Ambiente,Protocolo_1
Embalaje C,72.54,10.71,5.33,29.14,Frágil,Origen D,Ambiente,Protocolo_2
Embalaje C,62.38,20.08,73.61,64.46,Frágil,Origen A,Ambiente,Protocolo_2
Embalaje C,11.84,67.75,99.08,7.89,Normal,Origen A,Refrigerado,Protocolo_1
Embalaje B,81.95,25.45,47.05,19.55,Normal,Origen B,Refrigerado,Protocolo_1
Embalaje B,82.5,99.2,96.1,71.5,Frágil,Origen A,Ambiente,Protocolo_2
Embalaje B,71.45,16.66,41.29,66.97,Frágil,Origen C,Ambiente,Protocolo_2
Embalaje C,54.18,80.22,95.8,98.39,Normal,Origen B,Ambiente,Protocolo_2
Embalaje A,26.57,29.78,44.19,85.79,Normal,Origen B,Ambiente,Protocolo_2
Embalaje C,25.43,82.47,45.94,39.48,Normal,Origen B,Ambiente,Protocolo_1
Embalaje C,56.38,5.25,51.43,29.26,Normal,Origen B,Refrigerado,Protocolo_1
Embalaje A,69.81,23.69,50.23,2.48,Frágil,Origen C,Refrigerado,Protocolo_2
Embalaje A,95.9,42.6,28.04,57.65,Normal,Origen C,Ambiente,Protocolo_1
Embalaje A,20.55,47.24,51.66,98.13,Normal,Origen D,Ambiente,Protocolo_2
Embalaje A,12.01,41.8,19.53,80.54,Normal,Origen A,Refrigerado,Protocolo_2
Embalaje B,44.58,31.93,42.58,2.05,Normal,Origen C,Ambiente,Protocolo_1
Embalaje B,92.92,88.93,95.95,54.85,Normal,Origen D,Ambiente,Protocolo_1
Embalaje C,6.03,94.6,99.6,72.05,Normal,Origen C,Ambiente,Protocolo_1
Embalaje C,45.16,26.91,17.83,38.03,Normal,Origen D,Refrigerado,Protocolo_1
Embalaje A,78.05,50.11,18.96,76.67,Normal,Origen C,Ambiente,Protocolo_1
Embalaje A,41.35,80.33,40.52,92.84,Normal,Origen C,Ambiente,Protocolo_2
Embalaje C,5.81,54.14,48.26,7.6,Normal,Origen A,Refrigerado,Protocolo_1
Embalaje B,33.29,74.34,78.95,43.7,Normal,Origen A,Ambiente,Protocolo_1
Embalaje B,21.05,45.86,79.57,49.63,Normal,Origen B,Ambiente,Protocolo_1
Embalaje A,58.27,57.61,72.54,75.08,Normal,Origen C,Ambiente,Protocolo_1
Embalaje C,81.66,84.7,89.83,45.09,Normal,Origen D,Ambiente,Protocolo_1
Embalaje C,60.4,88.84,81.13,34.43,Frágil,Origen A,Ambiente,Protocolo_2
Embalaje A,99.35,73.85,59.87,16.06,Normal,Origen B,Ambiente,Protocolo_1
Embalaje A,92.59,10.68,7.5,4.87,Normal,Origen A,Ambiente,Protocolo_1
Embalaje B,81.47,23.82,89.76,13.26,Normal,Origen C,Ambiente,Protocolo_1
Embalaje B,51.72,30.52,89.47,89.05,Normal,Origen C,Ambiente,Protocolo_2
Embalaje A,22.37,19.99,70.35,85.19,Normal,Origen D,Ambiente,Protocolo_2
Embalaje B,30.86,53.67,68.53,74.71,Normal,Origen B,Ambiente,Protocolo_1
Embalaje B,56.99,99.27,48.24,78.24,Normal,Origen A,Ambiente,Protocolo_1
Embalaje A,77.43,20.17,32.99,7.55,Normal,Origen D,Ambiente,Protocolo_1
Embalaje C,63.08,89.73,85.36,16.42,Normal,Origen C,Ambiente,Protocolo_1
Embalaje A,68.15,74.76,23.99,16.84,Normal,Origen C,Ambiente,Protocolo_1
Embalaje A,54.95,76.91,44.43,96.48,Normal,Origen A,Ambiente,Protocolo_2
Embalaje A,56.15,51.26,67.76,29.75,Normal,Origen C,Refrigerado,Protocolo_1
Embalaje C,79.12,90.9,33.85,33.78,Normal,Origen A,Ambiente,Protocolo_1
Embalaje A,83.53,21.43,94.75,36.89,Frágil,Origen A,Ambiente,Protocolo_2
Embalaje B,44.98,64.85,26.3,19.32,Normal,Origen C,Refrigerado,Protocolo_1
Embalaje B,46.37,97.88,5.53,87.63,Normal,Origen B,Ambiente,Protocolo_2
Embalaje B,20.14,60.07,84.56,96.45,Normal,Origen B,Ambiente,Protocolo_2
Embalaje B,74.45,60.12,43.16,24.75,Normal,Origen C,Refrigerado,Protocolo_1
Embalaje B,84.05,50.96,25.22,35.86,Normal,Origen B,Ambiente,Protocolo_1
Embalaje B,81.61,20.29,33.11,2.79,Normal,Origen D,Ambiente,Protocolo_1
Embalaje A,35.84,25.77,15.98,74.04,Normal,Origen D,Ambiente,Protocolo_1
Embalaje A,56.61,97.17,79.06,27.0,Frágil,Origen A,Ambiente,Protocolo_2
Embalaje B,29.34,62.37,24.41,9.17,Frágil,Origen D,Ambiente,Protocolo_2
Embalaje C,28.58,63.44,55.99,12.31,Frágil,Origen C,Refrigerado,Protocolo_2
Embalaje A,58.43,18.17,52.86,50.92,Normal,Origen D,Ambiente,Protocolo_1
Embalaje B,28.08,21.13,67.57,87.51,Normal,Origen A,Ambiente,Protocolo_2
Embalaje A,23.96,75.79,7.74,3.57,Normal,Origen C,Ambiente,Protocolo_1
Embalaje A,29.15,33.78,75.77,45.82,Normal,Origen B,Refrigerado,Protocolo_1
Embalaje B,28.62,93.26,7.85,51.89,Normal,Origen C,Ambiente,Protocolo_1
Embalaje A,37.9,57.26,98.05,94.83,Normal,Origen A,Ambiente,Protocolo_2
Embalaje A,17.68,61.78,16.39,20.06,Normal,Origen C,Ambiente,Protocolo_1
Embalaje C,76.06,61.34,75.75,89.92,Normal,Origen D,Ambiente,Protocolo_2
Embalaje C,59.6,33.92,52.65,75.14,Normal,Origen B,Ambiente,Protocolo_1
Embalaje A,43.98,30.69,69.89,34.54,Normal,Origen B,Ambiente,Protocolo_1
Embalaje A,83.73,48.77,21.61,55.48,Normal,Origen D,Ambiente,Protocolo_1
Embalaje A,62.52,96.12,87.45,2.7,Normal,Origen B,Ambiente,Protocolo_1
Embalaje B,39.85,53.47,71.39,43.88,Frágil,Origen A,Ambiente,Protocolo_2
Embalaje A,90.36,72.99,13.58,46.77,Normal,Origen C,Ambiente,Protocolo_1
Embalaje B,22.96,73.38,76.25,34.2,Normal,Origen D,Ambiente,Protocolo_1
Embalaje C,9.49,74.68,46.3,65.01,Frágil,Origen B,Ambiente,Protocolo_2
Embalaje C,73.03,48.32,76.04,2.93,Normal,Origen A,Ambiente,Protocolo_1
Embalaje A,97.41,42.45,52.76,75.44,Normal,Origen C,Ambiente,Protocolo_1
Embalaje A,97.73,44.48,31.34,7.71,Frágil,Origen A,Ambiente,Protocolo_2
Embalaje C,68.57,64.95,30.29,35.82,Normal,Origen B,Refrigerado,Protocolo_1
Embalaje C,21.59,85.67,56.48,31.39,Normal,Origen D,Ambiente,Protocolo_1
Embalaje A,98.81,21.49,9.89,25.03,Normal,Origen C,Ambiente,Protocolo_1
Embalaje C,58.21,6.0,13.63,65.64,Frágil,Origen D,Ambiente,Protocolo_2
Embalaje B,53.01,34.26,48.1,60.73,Normal,Origen D,Ambiente,Protocolo_1
Embalaje B,82.13,61.07,80.63,46.02,Normal,Origen D,Ambiente,Protocolo_1
Embalaje B,59.14,45.15,26.96,46.04,Frágil,Origen C,Ambiente,Protocolo_2
Embalaje C,72.67,40.58,44.23,4.68,Normal,Origen D,Ambiente,Protocolo_1
Embalaje A,88.15,26.33,30.06,98.91,Normal,Origen D,Refrigerado,Protocolo_2
Embalaje C,71.32,39.38,95.2,6.43,Normal,Origen A,Ambiente,Protocolo_1
Embalaje C,52.89,82.09,99.72,23.12,Normal,Origen B,Refrigerado,Protocolo_1
Embalaje C,11.58,37.82,38.9,46.04,Normal,Origen A,Ambiente,Protocolo_1
Embalaje B,87.31,13.92,19.06,65.57,Normal,Origen A,Ambiente,Protocolo_1
Embalaje B,55.73,89.79,50.28,41.09,Normal,Origen B,Ambiente,Protocolo_1
Embalaje C,69.61,59.31,59.77,29.25,Normal,Origen B,Ambiente,Protocolo_1
Embalaje C,72.33,53.83,90.48,98.47,Normal,Origen B,Ambiente,Protocolo_2
Embalaje A,98.54,75.36,65.44,33.14,Frágil,Origen A,Ambiente,Protocolo_2
Embalaje B,52.86,26.55,40.89,54.5,Frágil,Origen A,Ambiente,Protocolo_2
Embalaje A,91.04,58.66,82.55,6.23,Normal,Origen B,Ambiente,Protocolo_1
Embalaje A,76.8,49.34,75.25,7.39,Normal,Origen C,Ambiente,Protocolo_1
Embalaje C,77.29,8.27,54.48,26.68,Normal,Origen B,Ambiente,Protocolo_1
Embalaje B,69.86,26.8,24.15,20.27,Normal,Origen B,Ambiente,Protocolo_1
Embalaje A,8.83,16.89,41.03,80.73,Normal,Origen C,Ambiente,Protocolo_2
Embalaje A,6.29,80.42,11.72,80.61,Normal,Origen C,Refrigerado,Protocolo_2
Embalaje B,74.56,72.33,73.69,67.64,Normal,Origen C,Ambiente,Protocolo_1
Embalaje B,42.4,65.09,42.65,17.85,Normal,Origen A,Ambiente,Protocolo_1
Embalaje A,82.61,65.64,15.83,44.02,Normal,Origen D,Ambiente,Protocolo_1
Embalaje B,33.72,20.15,85.75,12.36,Normal,Origen B,Ambiente,Protocolo_1
Embalaje A,9.6,42.49,65.88,17.97,Frágil,Origen B,Ambiente,Protocolo_2
Embalaje C,46.82,39.95,17.74,91.43,Normal,Origen A,Ambiente,Protocolo_2
Embalaje B,45.42,59.9,46.59,4.78,Frágil,Origen D,Ambiente,Protocolo_2
Embalaje B,78.05,5.49,51.5,72.92,Normal,Origen A,Refrigerado,Protocolo_1
Embalaje A,63.48,61.28,95.02,76.53,Normal,Origen D,Ambiente,Protocolo_1
Embalaje B,83.68,20.33,11.22,43.99,Normal,Origen A,Ambiente,Protocolo_1
Embalaje A,46.35,84.93,16.99,73.98,Normal,Origen C,Refrigerado,Protocolo_1
Embalaje C,41.33,12.13,29.98,67.85,Normal,Origen B,Ambiente,Protocolo_1
Embalaje B,67.05,55.71,95.72,44.56,Normal,Origen A,Ambiente,Protocolo_1
Embalaje B,5.33,51.66,39.46,41.3,Normal,Origen A,Ambiente,Protocolo_1
Embalaje C,13.92,7.03,15.32,71.51,Normal,Origen A,Ambiente,Protocolo_1
Embalaje C,28.66,92.18,96.76,72.71,Normal,Origen B,Ambiente,Protocolo_1
Embalaje B,35.23,79.02,72.36,90.42,Normal,Origen A,Ambiente,Protocolo_2
Embalaje A,98.37,92.45,8.95,53.5,Frágil,Origen C,Ambiente,Protocolo_2
Embalaje B,58.86,44.5,73.17,74.32,Frágil,Origen A,Ambiente,Protocolo_2
Embalaje C,26.24,39.3,33.48,55.83,Normal,Origen C,Ambiente,Protocolo_1
Embalaje B,85.02,93.8,64.39,42.52,Normal,Origen B,Ambiente,Protocolo_1
Embalaje B,53.99,34.8,79.83,70.38,Normal,Origen C,Ambiente,Protocolo_1
Embalaje A,9.69,16.31,74.71,17.37,Normal,Origen D,Ambiente,Protocolo_1
Embalaje C,24.21,60.98,34.97,56.45,Normal,Origen B,Ambiente,Protocolo_1
Embalaje B,9.29,40.98,66.42,64.9,Normal,Origen D,Ambiente,Protocolo_1
Embalaje C,89.35,89.05,82.31,14.2,Normal,Origen C,Ambiente,Protocolo_1
Embalaje A,36.67,61.32,83.02,11.94,Normal,Origen A,Ambiente,Protocolo_1
Embalaje C,92.2,95.11,47.77,64.06,Frágil,Origen D,Ambiente,Protocolo_2
Embalaje B,80.84,51.89,74.44,97.88,Normal,Origen D,Refrigerado,Protocolo_2
Embalaje C,46.54,28.26,63.76,14.22,Normal,Origen C,Ambiente,Protocolo_1
Embalaje A,21.45,79.82,35.28,8.52,Normal,Origen D,Refrigerado,Protocolo_1
Embalaje A,59.61,53.52,46.78,94.84,Normal,Origen A,Refrigerado,Protocolo_2
Embalaje B,71.46,61.21,66.81,72.06,Normal,Origen D,Ambiente,Protocolo_1
Embalaje C,86.52,26.77,87.13,8.85,Normal,Origen C,Ambiente,Protocolo_1
Embalaje A,99.52,81.22,65.52,23.33,Normal,Origen C,Ambiente,Protocolo_1
Embalaje B,15.45,46.4,79.56,13.33,Normal,Origen D,Ambiente,Protocolo_1
Embalaje C,96.34,69.52,66.24,20.0,Normal,Origen D,Ambiente,Protocolo_1
Embalaje B,96.47,58.22,62.91,40.57,Normal,Origen C,Ambiente,Protocolo_1
Embalaje A,6.07,64.31,97.61,7.0,Normal,Origen D,Ambiente,Protocolo_1
Embalaje A,59.99,55.89,19.37,44.57,Normal,Origen C,Ambiente,Protocolo_1
Embalaje B,66.39,56.7,8.55,31.52,Normal,Origen C,Refrigerado,Protocolo_1
Embalaje B,91.63,92.38,93.73,14.65,Normal,Origen D,Ambiente,Protocolo_1
Embalaje B,91.93,89.79,34.8,61.48,Normal,Origen B,Ambiente,Protocolo_1
Embalaje B,79.3,5.8,85.32,68.37,Normal,Origen B,Ambiente,Protocolo_1
Embalaje B,24.51,54.37,44.75,15.66,Normal,Origen C,Ambiente,Protocolo_1
Embalaje B,44.23,34.15,24.7,33.58,Normal,Origen D,Ambiente,Protocolo_1
Embalaje A,91.88,15.19,26.59,43.12,Normal,Origen C,Ambiente,Protocolo_1
Embalaje A,69.09,98.89,82.81,42.61,Normal,Origen D,Ambiente,Protocolo_1
Embalaje C,11.32,49.45,72.29,25.57,Normal,Origen A,Ambiente,Protocolo_1
Embalaje A,84.86,17.74,15.4,91.24,Normal,Origen B,Ambiente,Protocolo_2
Embalaje A,24.39,49.85,5.6,6.0,Normal,Origen B,Ambiente,Protocolo_1
Embalaje C,60.81,68.16,53.78,7.8,Normal,Origen B,Ambiente,Protocolo_1
Embalaje B,46.63,56.35,22.81,65.35,Frágil,Origen D,Ambiente,Protocolo_2
Embalaje B,15.9,41.4,64.69,64.52,Normal,Origen A,Ambiente,Protocolo_1
Embalaje A,63.15,52.02,23.05,91.46,Frágil,Origen C,Ambiente,Protocolo_2
Embalaje A,39.26,63.46,41.17,82.36,Normal,Origen C,Ambiente,Protocolo_2
Embalaje B,74.95,93.26,25.18,38.51,Normal,Origen C,Ambiente,Protocolo_1
Embalaje A,94.71,10.46,18.29,34.78,Normal,Origen C,Ambiente,Protocolo_1
Embalaje B,17.79,76.67,59.83,8.0,Normal,Origen D,Ambiente,Protocolo_1
Embalaje C,11.16,91.15,20.7,66.38,Normal,Origen D,Ambiente,Protocolo_1
Embalaje C,54.63,60.73,75.35,79.61,Normal,Origen B,Ambiente,Protocolo_1
Embalaje B,48.08,59.59,34.52,88.67,Frágil,Origen B,Ambiente,Protocolo_2
Embalaje C,41.49,60.32,40.05,81.34,Normal,Origen D,Ambiente,Protocolo_2
Embalaje A,66.31,45.19,23.88,69.66,Normal,Origen C,Ambiente,Protocolo_1
Embalaje A,6.05,14.87,97.62,72.29,Normal,Origen D,Ambiente,Protocolo_1
Embalaje B,69.66,77.16,78.41,92.38,Normal,Origen B,Ambiente,Protocolo_2
Embalaje B,41.77,47.72,71.21,8.4,Normal,Origen B,Ambiente,Protocolo_1
Embalaje C,31.29,41.18,53.45,15.92,Normal,Origen D,Ambiente,Protocolo_1
Embalaje A,20.98,90.89,58.49,97.58,Normal,Origen C,Ambiente,Protocolo_2
Embalaje A,71.25,27.77,81.18,84.96,Normal,Origen B,Ambiente,Protocolo_2
Embalaje B,73.86,58.55,86.56,6.76,Normal,Origen D,Ambiente,Protocolo_1
Embalaje A,95.61,87.6,49.45,69.28,Frágil,Origen D,Ambiente,Protocolo_2
Embalaje A,46.9,80.38,88.33,21.46,Normal,Origen C,Ambiente,Protocolo_1
Embalaje B,97.77,60.88,61.65,78.8,Normal,Origen A,Ambiente,Protocolo_1
Embalaje B,96.78,29.8,99.77,53.98,Frágil,Origen B,Ambiente,Protocolo_2
Embalaje A,63.61,83.0,95.48,62.44,Normal,Origen C,Ambiente,Protocolo_1
Embalaje B,92.02,41.85,65.17,4.58,Normal,Origen A,Ambiente,Protocolo_1
Embalaje C,8.63,6.21,79.67,55.84,Normal,Origen C,Ambiente,Protocolo_1
Embalaje C,94.19,50.34,26.45,97.8,Normal,Origen C,Ambiente,Protocolo_2
Embalaje B,50.97,81.69,89.94,71.46,Normal,Origen A,Refrigerado,Protocolo_1
Embalaje C,15.57,33.24,93.18,27.69,Normal,Origen B,Ambiente,Protocolo_1
Embalaje A,40.39,11.49,48.65,65.93,Normal,Origen D,Ambiente,Protocolo_1
Embalaje B,48.03,10.77,73.86,62.68,Frágil,Origen B,Refrigerado,Protocolo_2
Embalaje B,37.94,66.57,53.34,46.34,Normal,Origen C,Ambiente,Protocolo_1
Embalaje C,84.38,6.07,86.22,74.21,Frágil,Origen D,Ambiente,Protocolo_2
Embalaje A,52.99,48.55,94.34,88.93,Normal,Origen D,Ambiente,Protocolo_2
Embalaje B,45.89,10.67,20.79,51.87,Normal,Origen A,Ambiente,Protocolo_1
Embalaje B,70.72,59.77,30.67,9.88,Normal,Origen B,Ambiente,Protocolo_1
Embalaje C,38.01,70.33,62.01,30.82,Normal,Origen D,Ambiente,Protocolo_1
Embalaje A,50.66,30.59,34.35,18.73,Normal,Origen B,Ambiente,Protocolo_1
Embalaje C,10.02,82.19,64.54,57.23,Normal,Origen B,Ambiente,Protocolo_1
Embalaje A,38.54,90.09,88.04,84.36,Frágil,Origen D,Ambiente,Protocolo_2
Embalaje A,83.11,61.11,23.29,75.13,Normal,Origen C,Refrigerado,Protocolo_1
Embalaje B,83.04,92.2,69.26,35.73,Normal,Origen B,Ambiente,Protocolo_1
Embalaje B,6.92,15.5,63.96,49.76,Normal,Origen B,Ambiente,Protocolo_1
Embalaje A,90.05,46.16,39.66,85.84,Normal,Origen D,Ambiente,Protocolo_2
Embalaje A,59.18,46.0,69.33,11.48,Normal,Origen C,Ambiente,Protocolo_1
Embalaje A,26.17,36.39,64.28,26.84,Normal,Origen C,Ambiente,Protocolo_1
Embalaje B,54.07,11.35,29.08,17.21,Normal,Origen B,Ambiente,Protocolo_1
Embalaje A,66.33,21.4,96.01,99.03,Normal,Origen D,Ambiente,Protocolo_2
Embalaje C,99.93,52.94,99.79,23.61,Normal,Origen B,Ambiente,Protocolo_1
Embalaje A,88.99,14.19,90.12,98.52,Normal,Origen D,Ambiente,Protocolo_2
Embalaje B,20.59,75.01,5.7,77.38,Normal,Origen B,Ambiente,Protocolo_1
Embalaje B,61.07,19.57,45.11,19.85,Normal,Origen B,Ambiente,Protocolo_1
Embalaje C,44.53,28.75,29.59,82.93,Normal,Origen A,Refrigerado,Protocolo_2
Embalaje A,37.72,59.15,29.97,23.26,Normal,Origen B,Ambiente,Protocolo_1
Embalaje B,10.8,99.41,74.48,58.92,Normal,Origen D,Ambiente,Protocolo_1
Embalaje B,64.85,12.2,97.91,25.23,Normal,Origen A,Ambiente,Protocolo_1
Embalaje B,96.98,35.08,11.61,47.79,Normal,Origen B,Ambiente,Protocolo_1
Embalaje A,61.48,34.65,27.85,71.3,Frágil,Origen D,Ambiente,Protocolo_2
Embalaje C,94.6,96.52,50.75,27.79,Normal,Origen D,Refrigerado,Protocolo_1
Embalaje A,7.82,53.87,12.44,80.68,Normal,Origen C,Ambiente,Protocolo_2
Embalaje C,14.19,32.25,15.29,32.18,Normal,Origen D,Ambiente,Protocolo_1
Embalaje C,40.93,42.11,75.47,69.41,Normal,Origen C,Ambiente,Protocolo_1
Embalaje A,72.41,32.59,75.03,37.8,Normal,Origen A,Ambiente,Protocolo_1
Embalaje B,87.27,58.26,92.08,1.59,Normal,Origen D,Ambiente,Protocolo_1
Embalaje A,96.83,89.43,30.02,59.91,Normal,Origen A,Ambiente,Protocolo_1
Embalaje C,89.2,24.89,84.86,90.17,Normal,Origen A,Ambiente,Protocolo_2
Embalaje C,36.68,65.62,21.7,50.01,Frágil,Origen B,Ambiente,Protocolo_2
Embalaje B,10.11,33.04,15.52,27.71,Normal,Origen C,Ambiente,Protocolo_1
Embalaje A,37.05,18.79,51.21,99.6,Normal,Origen A,Ambiente,Protocolo_2
Embalaje B,75.24,31.44,37.4,71.18,Normal,Origen D,Ambiente,Protocolo_1
Embalaje B,40.89,26.77,33.88,23.38,Normal,Origen A,Ambiente,Protocolo_1
Embalaje C,12.32,44.89,59.6,97.55,Frágil,Origen C,Ambiente,Protocolo_2
Embalaje A,17.39,44.82,87.1,30.15,Frágil,Origen D,Ambiente,Protocolo_2
Embalaje C,94.63,43.54,50.42,35.88,Frágil,Origen B,Ambiente,Protocolo_2
Embalaje A,13.31,24.27,65.23,5.91,Normal,Origen B,Ambiente,Protocolo_1
Embalaje C,58.03,40.67,14.65,42.3,Normal,Origen C,Ambiente,Protocolo_1
Embalaje C,20.61,67.76,26.18,4.08,Normal,Origen C,Ambiente,Protocolo_1
Embalaje A,76.25,70.97,15.89,81.37,Frágil,Origen D,Ambiente,Protocolo_2
Embalaje A,32.39,17.5,24.21,49.25,Normal,Origen C,Ambiente,Protocolo_1
Embalaje C,64.73,43.0,13.5,55.06,Frágil,Origen B,Ambiente,Protocolo_2
Embalaje A,81.98,10.02,87.83,35.18,Normal,Origen B,Ambiente,Protocolo_1
Embalaje C,20.18,59.5,30.29,69.96,Normal,Origen C,Ambiente,Protocolo_1
Embalaje A,55.19,24.14,19.83,14.69,Normal,Origen A,Ambiente,Protocolo_1
Embalaje A,70.28,70.67,70.2,8.95,Normal,Origen B,Ambiente,Protocolo_1
Embalaje A,86.67,65.18,81.45,34.43,Normal,Origen A,Ambiente,Protocolo_1
Embalaje C,32.87,20.89,49.06,78.06,Normal,Origen D,Ambiente,Protocolo_1
Embalaje C,43.06,57.02,18.77,95.7,Frágil,Origen B,Refrigerado,Protocolo_2
Embalaje A,93.58,30.79,71.8,12.91,Normal,Origen B,Ambiente,Protocolo_1
Embalaje B,58.28,25.9,30.48,2.76,Normal,Origen B,Ambiente,Protocolo_1
Embalaje A,51.98,36.4,68.09,37.19,Normal,Origen D,Ambiente,Protocolo_1
Embalaje C,62.78,82.16,71.8,80.67,Normal,Origen B,Ambiente,Protocolo_2
Embalaje B,49.07,77.28,68.06,75.43,Normal,Origen C,Ambiente,Protocolo_1
Embalaje B,63.94,58.12,45.91,25.42,Normal,Origen A,Ambiente,Protocolo_1
Embalaje A,17.79,65.62,64.32,6.63,Normal,Origen D,Ambiente,Protocolo_1
Embalaje A,8.35,9.48,79.83,7.94,Normal,Origen C,Ambiente,Protocolo_1
Embalaje B,88.52,75.97,99.27,91.17,Normal,Origen C,Refrigerado,Protocolo_2
Embalaje B,68.31,40.04,42.62,52.7,Normal,Origen B,Ambiente,Protocolo_1
Embalaje C,25.26,24.23,61.35,69.64,Normal,Origen A,Refrigerado,Protocolo_1
Embalaje C,40.38,49.23,56.19,97.43,Normal,Origen D,Ambiente,Protocolo_2
Embalaje C,12.41,66.01,80.18,48.5,Frágil,Origen D,Refrigerado,Protocolo_2
Embalaje A,46.64,31.96,27.05,54.26,Frágil,Origen D,Ambiente,Protocolo_2
Embalaje A,33.88,80.93,23.04,60.41,Normal,Origen A,Ambiente,Protocolo_1
Embalaje B,78.18,8.82,84.6,44.83,Normal,Origen A,Refrigerado,Protocolo_1
Embalaje A,68.13,28.65,13.71,56.44,Normal,Origen B,Ambiente,Protocolo_1
Embalaje B,33.12,17.69,82.64,18.51,Normal,Origen D,Ambiente,Protocolo_1
Embalaje C,72.04,51.5,10.78,36.35,Normal,Origen A,Ambiente,Protocolo_1
Embalaje A,11.49,93.66,30.07,7.8,Normal,Origen D,Refrigerado,Protocolo_1
Embalaje B,77.61,12.54,14.07,40.71,Normal,Origen C,Ambiente,Protocolo_1
Embalaje C,38.94,32.0,71.13,45.57,Normal,Origen D,Refrigerado,Protocolo_1
Embalaje C,64.49,60.41,76.03,98.96,Normal,Origen C,Ambiente,Protocolo_2
Embalaje B,53.7,35.68,70.26,80.41,Normal,Origen B,Ambiente,Protocolo_2
Embalaje C,38.13,18.5,23.82,34.9,Normal,Origen B,Ambiente,Protocolo_1
Embalaje A,54.96,16.82,57.66,67.04,Normal,Origen B,Ambiente,Protocolo_1
Embalaje B,28.04,49.98,5.26,46.28,Normal,Origen A,Ambiente,Protocolo_1
Embalaje C,66.42,88.31,5.15,82.27,Normal,Origen D,Ambiente,Protocolo_2
Embalaje B,29.55,47.76,64.33,90.11,Normal,Origen D,Refrigerado,Protocolo_2
Embalaje B,61.0,9.16,14.6,68.53,Normal,Origen A,Refrigerado,Protocolo_1
Embalaje A,85.28,45.05,96.9,49.44,Frágil,Origen A,Ambiente,Protocolo_2
Embalaje A,62.36,32.29,45.03,42.93,Frágil,Origen C,Ambiente,Protocolo_2
Embalaje C,36.21,66.04,36.86,14.02,Normal,Origen A,Ambiente,Protocolo_1
Embalaje C,65.54,53.12,16.01,15.72,Normal,Origen B,Ambiente,Protocolo_1
Embalaje A,34.33,45.26,85.38,13.06,Normal,Origen C,Ambiente,Protocolo_1
Embalaje B,64.86,73.82,24.38,67.85,Normal,Origen A,Refrigerado,Protocolo_1
Embalaje C,57.17,22.31,63.48,93.74,Normal,Origen D,Ambiente,Protocolo_2
Embalaje C,88.95,90.28,42.05,30.79,Normal,Origen D,Ambiente,Protocolo_1
Embalaje B,71.82,62.42,64.21,64.6,Normal,Origen B,Ambiente,Protocolo_1
Embalaje A,60.29,16.81,75.85,4.91,Normal,Origen C,Ambiente,Protocolo_1
Embalaje B,31.37,6.55,67.99,25.69,Normal,Origen C,Ambiente,Protocolo_1
Embalaje C,45.05,6.9,69.98,70.09,Normal,Origen C,Ambiente,Protocolo_1
Embalaje C,86.41,33.12,92.06,80.24,Normal,Origen A,Ambiente,Protocolo_2
Embalaje B,45.38,76.76,72.22,92.42,Normal,Origen A,Ambiente,Protocolo_2
Embalaje B,40.75,58.9,45.21,65.96,Normal,Origen D,Ambiente,Protocolo_1
Embalaje C,9.73,26.35,8.83,94.59,Normal,Origen A,Ambiente,Protocolo_2
Embalaje A,22.55,27.85,53.25,7.18,Normal,Origen C,Ambiente,Protocolo_1
Embalaje B,85.52,85.63,49.11,66.36,Normal,Origen C,Ambiente,Protocolo_1
Embalaje C,58.98,98.38,39.95,99.17,Normal,Origen C,Ambiente,Protocolo_2
Embalaje A,92.97,54.66,7.62,18.19,Normal,Origen B,Ambiente,Protocolo_1
Embalaje B,43.71,45.99,75.47,43.67,Normal,Origen C,Refrigerado,Protocolo_1
Embalaje B,32.78,37.97,35.39,40.95,Normal,Origen C,Ambiente,Protocolo_1
Embalaje B,21.05,69.8,21.36,20.52,Normal,Origen A,Ambiente,Protocolo_1
Embalaje C,59.4,57.54,12.88,65.54,Frágil,Origen A,Refrigerado,Protocolo_2
Embalaje B,26.08,99.3,31.16,92.46,Normal,Origen A,Ambiente,Protocolo_2
Embalaje B,65.4,49.01,49.05,40.92,Normal,Origen D,Refrigerado,Protocolo_1
Embalaje C,84.88,68.85,28.93,53.67,Frágil,Origen B,Ambiente,Protocolo_2
Embalaje B,67.53,27.19,6.97,66.6,Normal,Origen A,Ambiente,Protocolo_1
Embalaje B,90.49,43.63,5.29,5.1,Normal,Origen D,Ambiente,Protocolo_1
Embalaje A,47.09,26.23,11.48,95.34,Normal,Origen B,Ambiente,Protocolo_2
Embalaje C,14.2,9.63,22.09,5.75,Normal,Origen B,Ambiente,Protocolo_1
Embalaje C,53.62,84.03,36.91,37.58,Normal,Origen B,Ambiente,Protocolo_1
Embalaje A,65.22,98.27,88.47,71.42,Normal,Origen B,Ambiente,Protocolo_1
Embalaje B,43.5,15.27,34.8,74.45,Normal,Origen D,Refrigerado,Protocolo_1
Embalaje C,97.78,48.8,57.47,82.07,Normal,Origen D,Ambiente,Protocolo_2
Embalaje B,81.31,91.06,45.31,46.75,Normal,Origen D,Ambiente,Protocolo_1
Embalaje A,69.57,54.63,36.55,48.21,Normal,Origen A,Ambiente,Protocolo_1
Embalaje B,41.8,22.46,97.54,88.43,Normal,Origen B,Ambiente,Protocolo_2
Embalaje B,64.74,37.86,56.36,16.95,Normal,Origen A,Ambiente,Protocolo_1
Embalaje B,97.13,65.45,32.52,34.68,Normal,Origen C,Ambiente,Protocolo_1
Embalaje A,17.09,56.38,62.17,83.35,Frágil,Origen A,Ambiente,Protocolo_2
Embalaje A,44.97,39.1,64.39,2.87,Normal,Origen B,Ambiente,Protocolo_1
Embalaje B,68.3,58.69,62.99,61.39,Normal,Origen D,Ambiente,Protocolo_1
Embalaje B,34.71,28.38,53.09,58.57,Normal,Origen C,Ambiente,Protocolo_1
Embalaje C,88.58,88.59,13.65,28.21,Normal,Origen B,Ambiente,Protocolo_1
Embalaje C,36.04,67.64,43.93,54.16,Normal,Origen A,Ambiente,Protocolo_1
Embalaje A,10.89,63.31,29.06,5.16,Normal,Origen A,Ambiente,Protocolo_1
Embalaje B,58.26,50.65,77.09,42.57,Normal,Origen A,Ambiente,Protocolo_1
Embalaje C,46.85,92.86,6.57,33.95,Normal,Origen B,Ambiente,Protocolo_1
Embalaje A,68.8,66.69,6.8,80.05,Frágil,Origen C,Ambiente,Protocolo_2
Embalaje C,64.34,54.92,38.99,25.61,Normal,Origen C,Ambiente,Protocolo_1
Embalaje A,95.42,26.67,40.09,11.96,Frágil,Origen A,Ambiente,Protocolo_2
Embalaje C,86.51,22.05,59.13,77.08,Normal,Origen D,Refrigerado,Protocolo_1
Embalaje A,74.44,71.61,95.53,60.79,Frágil,Origen C,Ambiente,Protocolo_2
Embalaje C,92.27,31.59,81.83,19.65,Normal,Origen C,Ambiente,Protocolo_1
Embalaje A,92.26,46.14,20.35,28.72,Normal,Origen B,Ambiente,Protocolo_1
Embalaje B,6.17,13.65,30.05,44.01,Normal,Origen C,Ambiente,Protocolo_1
Embalaje C,6.63,81.73,36.57,80.79,Normal,Origen D,Refrigerado,Protocolo_2
Embalaje A,22.2,52.88,38.0,52.12,Normal,Origen D,Ambiente,Protocolo_1
Embalaje A,50.98,13.97,62.05,76.04,Normal,Origen B,Ambiente,Protocolo_1
Embalaje A,96.26,26.19,79.19,97.97,Normal,Origen A,Ambiente,Protocolo_2
Embalaje A,26.77,59.12,80.65,55.04,Normal,Origen D,Ambiente,Protocolo_1
Embalaje B,50.23,60.35,39.02,19.01,Normal,Origen A,Ambiente,Protocolo_1
Embalaje C,10.39,5.01,63.43,97.84,Normal,Origen A,Refrigerado,Protocolo_2
Embalaje A,24.86,12.91,70.92,2.99,Normal,Origen B,Ambiente,Protocolo_1
Embalaje C,24.97,91.64,51.61,91.58,Normal,Origen A,Ambiente,Protocolo_2
Embalaje A,41.43,35.99,52.58,81.69,Normal,Origen B,Ambiente,Protocolo_2
Embalaje A,61.29,56.99,25.24,72.97,Normal,Origen B,Ambiente,Protocolo_1
Embalaje A,15.4,58.37,50.75,80.63,Frágil,Origen C,Ambiente,Protocolo_2
Embalaje A,81.17,48.46,98.03,79.51,Normal,Origen C,Ambiente,Protocolo_1
Embalaje A,9.92,70.0,69.46,37.6,Normal,Origen B,Ambiente,Protocolo_1
Embalaje C,66.28,57.55,82.13,28.42,Normal,Origen A,Refrigerado,Protocolo_1
Embalaje A,34.86,87.28,37.78,48.0,Normal,Origen B,Refrigerado,Protocolo_1
Embalaje C,7.87,50.44,70.31,34.86,Frágil,Origen C,Ambiente,Protocolo_2
Embalaje B,94.03,74.14,55.14,55.95,Normal,Origen C,Ambiente,Protocolo_1
Embalaje A,27.93,97.67,67.36,29.24,Normal,Origen B,Ambiente,Protocolo_1
Embalaje C,89.32,78.85,18.86,32.41,Normal,Origen B,Ambiente,Protocolo_1
Embalaje B,79.28,73.1,47.8,57.16,Normal,Origen C,Ambiente,Protocolo_1
Embalaje C,47.71,13.71,83.59,65.17,Normal,Origen A,Ambiente,Protocolo_1
Embalaje A,63.63,13.42,37.33,11.88,Frágil,Origen B,Ambiente,Protocolo_2
Embalaje C,74.07,51.63,88.15,35.08,Normal,Origen A,Ambiente,Protocolo_1
Embalaje C,23.81,40.61,86.83,81.78,Normal,Origen C,Ambiente,Protocolo_2
Embalaje C,74.36,59.3,76.95,51.21,Frágil,Origen C,Ambiente,Protocolo_2
Embalaje B,64.88,66.99,28.4,29.3,Normal,Origen B,Ambiente,Protocolo_1
Embalaje A,19.78,63.48,85.11,81.78,Normal,Origen C,Ambiente,Protocolo_2
Embalaje B,43.25,74.67,70.24,1.88,Normal,Origen B,Ambiente,Protocolo_1
Embalaje B,65.96,80.73,66.65,97.2,Normal,Origen A,Ambiente,Protocolo_2
Embalaje A,81.25,71.93,9.73,53.67,Normal,Origen A,Ambiente,Protocolo_1
Embalaje B,20.17,97.56,22.76,98.73,Normal,Origen C,Ambiente,Protocolo_2
Embalaje A,7.26,89.03,31.74,50.68,Normal,Origen A,Ambiente,Protocolo_1
Embalaje C,98.84,79.0,40.97,52.56,Normal,Origen A,Refrigerado,Protocolo_1
Embalaje B,39.46,89.13,37.89,37.69,Frágil,Origen A,Ambiente,Protocolo_2
Embalaje C,99.14,22.13,36.0,44.47,Frágil,Origen B,Refrigerado,Protocolo_2
Embalaje C,69.75,88.14,46.28,15.39,Normal,Origen C,Ambiente,Protocolo_1
Embalaje C,51.53,82.83,49.58,58.0,Normal,Origen C,Ambiente,Protocolo_1
Embalaje C,64.46,81.69,43.64,88.18,Normal,Origen D,Ambiente,Protocolo_2
Embalaje B,98.71,45.34,52.5,59.36,Normal,Origen C,Ambiente,Protocolo_1
Embalaje A,41.65,67.72,73.32,33.1,Normal,Origen C,Ambiente,Protocolo_1
Embalaje B,49.85,36.32,12.25,31.38,Frágil,Origen B,Ambiente,Protocolo_2
Embalaje C,29.28,17.83,45.37,19.16,Normal,Origen C,Ambiente,Protocolo_1
Embalaje B,40.55,31.03,19.91,32.44,Normal,Origen C,Ambiente,Protocolo_1
Embalaje B,36.1,78.57,84.99,81.78,Normal,Origen C,Ambiente,Protocolo_2
Embalaje A,35.04,13.76,39.26,10.98,Normal,Origen B,Ambiente,Protocolo_1
Embalaje B,51.83,45.32,80.36,52.76,Normal,Origen A,Ambiente,Protocolo_1
Embalaje C,15.82,61.2,61.92,55.28,Normal,Origen C,Ambiente,Protocolo_1
Embalaje B,39.45,10.55,70.21,92.16,Frágil,Origen B,Ambiente,Protocolo_2
Embalaje B,98.71,10.05,74.43,58.67,Normal,Origen B,Ambiente,Protocolo_1
Embalaje C,51.0,56.17,11.24,67.85,Normal,Origen A,Ambiente,Protocolo_1
Embalaje A,10.57,29.76,85.15,39.81,Normal,Origen C,Ambiente,Protocolo_1
Embalaje B,41.72,53.54,13.97,79.64,Normal,Origen C,Ambiente,Protocolo_1
Embalaje B,47.8,41.31,19.88,16.0,Normal,Origen B,Ambiente,Protocolo_1
Embalaje B,26.2,95.23,48.99,34.2,Normal,Origen D,Refrigerado,Protocolo_1
Embalaje B,95.4,82.03,67.22,65.38,Normal,Origen D,Ambiente,Protocolo_1
Embalaje B,15.92,66.27,21.34,61.18,Normal,Origen B,Ambiente,Protocolo_1
Embalaje C,24.75,84.93,51.95,74.19,Normal,Origen B,Refrigerado,Protocolo_1
Embalaje A,53.5,36.87,44.92,91.82,Normal,Origen C,Ambiente,Protocolo_2
Embalaje C,58.31,20.18,91.62,15.51,Normal,Origen A,Ambiente,Protocolo_1
Embalaje A,73.3,27.94,56.83,3.6,Normal,Origen B,Ambiente,Protocolo_1
Embalaje A,5.04,21.84,5.08,89.59,Normal,Origen A,Ambiente,Protocolo_2
Embalaje A,87.56,42.61,71.06,10.35,Normal,Origen A,Ambiente,Protocolo_1
Embalaje B,91.88,28.27,43.63,89.78,Normal,Origen C,Ambiente,Protocolo_2
Embalaje B,66.73,49.11,9.36,27.99,Normal,Origen B,Ambiente,Protocolo_1
Embalaje A,9.81,32.37,90.89,4.8,Normal,Origen D,Ambiente,Protocolo_1
Embalaje B,79.84,83.56,92.07,6.25,Normal,Origen B,Ambiente,Protocolo_1
Embalaje A,89.92,83.21,52.06,93.9,Frágil,Origen D,Ambiente,Protocolo_2
Embalaje A,65.32,94.09,17.3,5.75,Frágil,Origen A,Ambiente,Protocolo_2
Embalaje A,37.92,66.61,8.15,43.35,Normal,Origen B,Ambiente,Protocolo_1
Embalaje C,6.6,12.43,90.52,50.85,Normal,Origen B,Ambiente,Protocolo_1
Embalaje B,37.37,78.23,25.52,71.27,Frágil,Origen C,Ambiente,Protocolo_2
Embalaje A,90.56,85.82,5.23,74.14,Normal,Origen C,Ambiente,Protocolo_1
Embalaje C,17.02,82.41,60.29,39.78,Normal,Origen D,Ambiente,Protocolo_1
Embalaje A,43.56,38.33,45.7,48.91,Normal,Origen C,Ambiente,Protocolo_1
Embalaje C,23.25,19.97,98.41,23.64,Frágil,Origen C,Ambiente,Protocolo_2
Embalaje C,5.68,90.9,43.19,34.87,Frágil,Origen A,Ambiente,Protocolo_2
Embalaje B,68.53,25.25,41.22,14.76,Normal,Origen B,Ambiente,Protocolo_1
Embalaje A,11.06,48.07,94.25,21.82,Normal,Origen C,Refrigerado,Protocolo_1
Embalaje A,15.39,62.66,10.61,59.95,Frágil,Origen B,Ambiente,Protocolo_2
Embalaje B,75.79,90.41,34.47,33.61,Normal,Origen C,Ambiente,Protocolo_1
Embalaje A,46.35,79.13,60.98,30.32,Normal,Origen A,Ambiente,Protocolo_1
Embalaje B,45.46,72.59,72.8,15.33,Normal,Origen B,Ambiente,Protocolo_1
Embalaje B,46.4,64.39,74.33,89.23,Normal,Origen D,Ambiente,Protocolo_2
Embalaje C,81.03,7.7,25.64,57.08,Normal,Origen C,Ambiente,Protocolo_1
Embalaje B,56.17,94.63,8.93,65.01,Normal,Origen B,Ambiente,Protocolo_1
Embalaje B,56.67,91.99,42.51,1.12,Normal,Origen A,Ambiente,Protocolo_1
Embalaje A,24.37,78.4,40.16,63.69,Frágil,Origen B,Ambiente,Protocolo_2
Embalaje C,40.21,80.92,13.31,17.76,Normal,Origen C,Ambiente,Protocolo_1
Embalaje B,84.23,70.0,81.34,73.27,Normal,Origen B,Ambiente,Protocolo_1
Embalaje C,41.47,79.04,86.22,31.28,Normal,Origen B,Ambiente,Protocolo_1
Embalaje C,45.03,40.91,99.49,14.8,Normal,Origen B,Ambiente,Protocolo_1
Embalaje C,89.28,84.91,41.13,62.47,Normal,Origen C,Ambiente,Protocolo_1
Embalaje A,75.55,96.68,47.97,55.27,Frágil,Origen D,Ambiente,Protocolo_2
Embalaje A,46.25,69.19,86.09,70.46,Normal,Origen D,Ambiente,Protocolo_1
Embalaje A,80.95,49.01,43.35,56.56,Frágil,Origen D,Ambiente,Protocolo_2
Embalaje A,69.84,39.48,5.37,51.94,Normal,Origen A,Ambiente,Protocolo_1
Embalaje A,84.95,7.88,68.92,9.51,Normal,Origen D,Ambiente,Protocolo_1
Embalaje A,14.12,95.46,24.92,11.03,Normal,Origen B,Ambiente,Protocolo_1
Embalaje B,36.67,71.97,25.97,59.22,Normal,Origen C,Ambiente,Protocolo_1
Embalaje B,83.05,64.31,22.13,25.83,Normal,Origen A,Ambiente,Protocolo_1
Embalaje B,9.27,83.31,39.22,56.43,Normal,Origen C,Ambiente,Protocolo_1
Embalaje A,22.53,37.56,67.12,54.9,Normal,Origen B,Ambiente,Protocolo_1
Embalaje B,98.98,78.27,95.65,14.96,Normal,Origen A,Ambiente,Protocolo_1
Embalaje B,26.73,98.08,17.13,75.39,Normal,Origen C,Ambiente,Protocolo_1
Embalaje A,19.14,40.31,45.73,12.23,Normal,Origen A,Ambiente,Protocolo_1
Embalaje B,18.74,70.53,99.7,19.64,Frágil,Origen A,Ambiente,Protocolo_2
Embalaje C,68.15,28.22,95.88,75.48,Frágil,Origen D,Ambiente,Protocolo_2
Embalaje B,95.61,35.35,93.54,8.19,Normal,Origen D,Ambiente,Protocolo_1
Embalaje C,64.47,90.41,85.86,50.81,Frágil,Origen D,Ambiente,Protocolo_2
Embalaje A,87.34,28.25,75.69,57.12,Normal,Origen D,Ambiente,Protocolo_1
Embalaje A,13.57,90.06,61.51,61.0,Normal,Origen A,Ambiente,Protocolo_1
Embalaje A,91.79,59.76,95.03,62.68,Frágil,Origen D,Ambiente,Protocolo_2
Embalaje C,81.17,96.49,7.56,31.56,Frágil,Origen C,Ambiente,Protocolo_2
Embalaje A,77.9,80.63,21.5,53.87,Normal,Origen C,Ambiente,Protocolo_1
Embalaje A,69.58,84.07,90.13,20.71,Normal,Origen C,Ambiente,Protocolo_1
Embalaje B,17.88,50.21,80.65,37.12,Normal,Origen A,Ambiente,Protocolo_1
Embalaje B,46.76,9.9,15.99,48.56,Normal,Origen A,Ambiente,Protocolo_1
Embalaje A,7.33,69.77,8.0,4.9,Normal,Origen B,Ambiente,Protocolo_1
Embalaje C,97.02,20.52,48.9,63.89,Normal,Origen A,Refrigerado,Protocolo_1
Embalaje B,55.03,41.09,54.69,90.49,Frágil,Origen A,Ambiente,Protocolo_2
Embalaje B,72.95,99.1,55.38,10.28,Frágil,Origen B,Ambiente,Protocolo_2
Embalaje A,88.96,42.83,18.83,54.27,Normal,Origen C,Ambiente,Protocolo_1
Embalaje B,57.8,73.67,36.2,38.15,Normal,Origen A,Ambiente,Protocolo_1
Embalaje C,70.25,55.58,97.58,87.92,Normal,Origen C,Refrigerado,Protocolo_2
Embalaje A,15.78,30.75,86.88,17.52,Normal,Origen A,Refrigerado,Protocolo_1
Embalaje C,66.66,10.43,24.24,74.76,Normal,Origen B,Ambiente,Protocolo_1
Embalaje A,90.66,75.93,43.8,50.98,Normal,Origen C,Ambiente,Protocolo_1
Embalaje C,78.21,23.87,5.9,49.66,Normal,Origen B,Ambiente,Protocolo_1
Embalaje A,48.08,69.29,53.51,38.36,Normal,Origen A,Ambiente,Protocolo_1
Embalaje A,81.58,41.73,8.86,96.3,Frágil,Origen C,Ambiente,Protocolo_2
Embalaje C,94.7,63.07,15.36,73.41,Normal,Origen C,Ambiente,Protocolo_1
Embalaje B,50.92,29.71,66.96,60.99,Frágil,Origen A,Ambiente,Protocolo_2
Embalaje A,48.6,86.3,9.0,73.27,Normal,Origen A,Refrigerado,Protocolo_1
Embalaje A,5.36,24.01,49.6,20.97,Normal,Origen C,Ambiente,Protocolo_1
Embalaje C,11.65,6.5,39.8,92.37,Normal,Origen D,Ambiente,Protocolo_2
Embalaje C,79.98,21.7,19.75,78.24,Normal,Origen D,Ambiente,Protocolo_1
Embalaje A,89.29,87.48,65.97,1.84,Normal,Origen D,Ambiente,Protocolo_1
Embalaje C,93.3,84.63,16.66,47.28,Normal,Origen D,Ambiente,Protocolo_1
Embalaje B,82.35,82.61,86.3,34.47,Normal,Origen B,Ambiente,Protocolo_1
Embalaje B,43.51,62.63,25.45,27.52,Normal,Origen D,Ambiente,Protocolo_1
Embalaje A,81.71,26.77,16.76,57.89,Normal,Origen A,Ambiente,Protocolo_1
Embalaje A,83.74,42.16,35.23,58.33,Frágil,Origen C,Ambiente,Protocolo_2
Embalaje C,85.56,48.14,52.81,90.13,Normal,Origen C,Ambiente,Protocolo_2
Embalaje C,73.75,15.32,70.17,80.99,Normal,Origen A,Ambiente,Protocolo_2
Embalaje B,90.36,49.4,99.05,24.47,Normal,Origen B,Ambiente,Protocolo_1
Embalaje A,21.62,33.4,53.75,15.53,Normal,Origen A,Ambiente,Protocolo_1
Embalaje B,78.24,69.24,56.78,26.97,Normal,Origen A,Ambiente,Protocolo_1
Embalaje C,90.85,58.92,13.8,81.44,Normal,Origen A,Ambiente,Protocolo_2
Embalaje C,83.46,10.38,83.34,95.95,Normal,Origen A,Ambiente,Protocolo_2
Embalaje B,58.15,9.81,67.74,23.56,Frágil,Origen D,Ambiente,Protocolo_2
Embalaje A,56.13,39.91,57.29,94.79,Normal,Origen C,Ambiente,Protocolo_2
Embalaje C,28.86,61.02,34.23,32.29,Frágil,Origen D,Ambiente,Protocolo_2
Embalaje B,81.56,93.87,22.69,65.67,Normal,Origen D,Ambiente,Protocolo_1
Embalaje B,25.26,70.36,5.86,19.99,Normal,Origen C,Ambiente,Protocolo_1
Embalaje A,63.42,17.66,84.79,90.45,Normal,Origen D,Ambiente,Protocolo_2
Embalaje B,75.04,55.39,9.87,39.79,Normal,Origen D,Ambiente,Protocolo_1
Embalaje B,84.37,20.3,75.98,88.83,Normal,Origen C,Ambiente,Protocolo_2
Embalaje B,68.8,44.04,85.63,23.05,Frágil,Origen D,Ambiente,Protocolo_2
Embalaje C,43.89,71.93,37.94,84.46,Frágil,Origen B,Ambiente,Protocolo_2
Embalaje A,65.45,69.36,14.58,4.63,Normal,Origen A,Ambiente,Protocolo_1
Embalaje C,67.57,24.67,37.96,20.27,Normal,Origen A,Ambiente,Protocolo_1
Embalaje C,42.2,33.97,59.18,15.14,Normal,Origen B,Ambiente,Protocolo_1
Embalaje C,87.52,30.88,42.9,87.92,Normal,Origen A,Refrigerado,Protocolo_2
Embalaje C,80.67,66.13,52.24,67.89,Normal,Origen B,Ambiente,Protocolo_1
Embalaje A,34.1,45.4,34.27,8.18,Normal,Origen A,Ambiente,Protocolo_1
Embalaje A,14.78,90.0,17.97,57.85,Normal,Origen D,Ambiente,Protocolo_1
Embalaje B,98.62,80.78,50.12,6.17,Normal,Origen C,Ambiente,Protocolo_1
Embalaje C,30.86,71.75,93.65,51.19,Normal,Origen A,Ambiente,Protocolo_1
Embalaje C,16.87,71.4,59.39,5.86,Frágil,Origen D,Ambiente,Protocolo_2
Embalaje B,70.49,18.04,75.18,69.68,Frágil,Origen B,Ambiente,Protocolo_2
Embalaje A,46.77,83.05,5.37,57.29,Normal,Origen C,Refrigerado,Protocolo_1
Embalaje C,31.4,50.02,72.58,56.91,Normal,Origen D,Ambiente,Protocolo_1
Embalaje A,67.4,43.41,80.34,51.18,Normal,Origen C,Ambiente,Protocolo_1
Embalaje A,19.63,69.9,15.8,47.89,Frágil,Origen C,Ambiente,Protocolo_2
Embalaje A,97.05,79.2,53.03,27.66,Normal,Origen A,Ambiente,Protocolo_1
Embalaje B,58.45,27.5,58.67,96.39,Normal,Origen A,Ambiente,Protocolo_2
Embalaje A,24.53,94.87,46.49,78.11,Normal,Origen B,Ambiente,Protocolo_1
Embalaje B,30.72,75.65,10.68,11.02,Normal,Origen C,Ambiente,Protocolo_1
Embalaje C,45.24,70.41,61.92,19.01,Frágil,Origen D,Ambiente,Protocolo_2
Embalaje C,15.65,83.87,7.11,41.08,Normal,Origen B,Ambiente,Protocolo_1
Embalaje A,94.75,28.19,57.15,75.12,Normal,Origen B,Ambiente,Protocolo_1
Embalaje C,26.44,57.35,10.43,9.79,Normal,Origen A,Ambiente,Protocolo_1
Embalaje B,69.42,69.67,54.11,62.05,Normal,Origen D,Ambiente,Protocolo_1
Embalaje B,32.86,23.94,84.58,26.22,Frágil,Origen D,Ambiente,Protocolo_2
Embalaje C,69.74,91.48,24.6,37.6,Normal,Origen D,Ambiente,Protocolo_1
Embalaje C,45.19,19.68,92.63,88.12,Normal,Origen C,Refrigerado,Protocolo_2
Embalaje C,52.19,45.8,69.93,46.17,Normal,Origen A,Ambiente,Protocolo_1
Embalaje C,30.57,39.13,73.79,4.92,Frágil,Origen A,Ambiente,Protocolo_2
Embalaje A,30.97,72.2,22.59,82.18,Normal,Origen A,Ambiente,Protocolo_2
Embalaje C,72.93,58.85,69.39,6.53,Normal,Origen C,Ambiente,Protocolo_1
Embalaje A,23.67,14.83,84.32,39.75,Normal,Origen B,Ambiente,Protocolo_1
Embalaje A,68.14,65.8,48.87,34.7,Normal,Origen C,Ambiente,Protocolo_1
Embalaje A,57.27,93.77,99.63,70.57,Frágil,Origen A,Ambiente,Protocolo_2
Embalaje A,53.76,45.93,6.92,59.99,Normal,Origen D,Ambiente,Protocolo_1
Embalaje C,58.2,45.0,84.13,70.2,Normal,Origen B,Ambiente,Protocolo_1
Embalaje A,84.88,33.31,47.55,39.33,Normal,Origen D,Refrigerado,Protocolo_1
Embalaje C,48.14,29.16,35.57,35.14,Normal,Origen A,Ambiente,Protocolo_1
Embalaje C,73.33,58.09,57.94,3.3,Normal,Origen D,Ambiente,Protocolo_1
Embalaje B,77.93,64.65,62.86,65.55,Normal,Origen C,Ambiente,Protocolo_1
Embalaje C,99.66,89.62,41.79,29.2,Normal,Origen D,Ambiente,Protocolo_1
Embalaje A,5.42,22.83,42.52,15.93,Normal,Origen A,Ambiente,Protocolo_1
Embalaje A,27.44,12.91,51.05,99.51,Normal,Origen C,Ambiente,Protocolo_2
Embalaje A,18.88,9.67,54.44,98.43,Frágil,Origen D,Ambiente,Protocolo_2
Embalaje A,98.14,59.34,98.56,1.63,Normal,Origen D,Ambiente,Protocolo_1
Embalaje A,54.99,73.4,73.83,27.27,Normal,Origen C,Ambiente,Protocolo_1
Embalaje A,99.32,24.27,90.86,22.93,Normal,Origen C,Ambiente,Protocolo_1
Embalaje A,22.71,10.87,88.54,81.0,Normal,Origen C,Ambiente,Protocolo_2
Embalaje A,24.93,37.53,87.43,26.28,Normal,Origen B,Ambiente,Protocolo_1
Embalaje A,92.04,73.35,55.8,33.7,Frágil,Origen A,Ambiente,Protocolo_2
Embalaje B,16.45,25.09,72.65,92.16,Normal,Origen B,Ambiente,Protocolo_2
Embalaje A,77.55,15.88,7.01,42.21,Frágil,Origen D,Refrigerado,Protocolo_2
Embalaje A,24.51,94.47,51.06,34.82,Normal,Origen A,Ambiente,Protocolo_1
Embalaje A,38.18,84.65,40.1,88.41,Frágil,Origen B,Ambiente,Protocolo_2
Embalaje C,82.38,76.59,64.47,88.71,Frágil,Origen C,Ambiente,Protocolo_2
Embalaje B,17.32,40.3,59.97,46.22,Normal,Origen A,Ambiente,Protocolo_1
Embalaje A,23.92,23.87,57.39,68.19,Normal,Origen B,Ambiente,Protocolo_1
Embalaje B,87.97,76.74,83.66,29.25,Normal,Origen C,Ambiente,Protocolo_1
Embalaje B,84.59,58.65,61.0,79.41,Normal,Origen D,Ambiente,Protocolo_1
Embalaje B,47.5,82.59,41.13,91.14,Normal,Origen D,Ambiente,Protocolo_2
Embalaje A,50.99,70.61,5.13,14.43,Normal,Origen C,Ambiente,Protocolo_1
Embalaje C,87.93,54.02,58.49,93.81,Normal,Origen C,Ambiente,Protocolo_2
Embalaje B,60.99,20.3,51.73,69.15,Normal,Origen A,Ambiente,Protocolo_1
Embalaje B,73.59,62.39,46.63,53.2,Normal,Origen D,Ambiente,Protocolo_1
Embalaje C,70.1,35.07,32.45,57.62,Normal,Origen C,Ambiente,Protocolo_1
Embalaje A,45.34,80.41,79.23,65.43,Normal,Origen B,Refrigerado,Protocolo_1
Embalaje C,95.68,68.06,58.82,20.95,Normal,Origen A,Ambiente,Protocolo_1
Embalaje C,64.71,89.07,67.23,99.11,Normal,Origen C,Ambiente,Protocolo_2
Embalaje A,86.86,22.46,83.0,81.32,Normal,Origen D,Ambiente,Protocolo_2
Embalaje C,80.95,42.96,21.04,72.45,Normal,Origen D,Ambiente,Protocolo_1
Embalaje B,23.47,93.06,87.77,67.04,Normal,Origen B,Ambiente,Protocolo_1
Embalaje A,18.63,61.79,98.32,20.26,Frágil,Origen D,Ambiente,Protocolo_2
Embalaje C,51.33,21.63,44.69,79.03,Normal,Origen A,Refrigerado,Protocolo_1
Embalaje A,11.8,93.3,47.45,49.71,Normal,Origen B,Ambiente,Protocolo_1
Embalaje B,40.03,86.96,31.8,21.64,Frágil,Origen D,Ambiente,Protocolo_2
Embalaje B,88.11,72.51,19.39,71.12,Normal,Origen C,Ambiente,Protocolo_1
Embalaje A,5.69,70.37,97.2,83.7,Frágil,Origen A,Ambiente,Protocolo_2
Embalaje B,26.69,95.41,27.17,36.05,Frágil,Origen C,Refrigerado,Protocolo_2
Embalaje B,53.39,87.8,62.39,23.04,Normal,Origen A,Ambiente,Protocolo_1
Embalaje C,43.26,66.65,9.67,67.13,Normal,Origen D,Ambiente,Protocolo_1
Embalaje B,15.67,97.71,69.04,86.85,Normal,Origen D,Ambiente,Protocolo_2
Embalaje C,69.39,87.18,92.84,34.15,Normal,Origen B,Ambiente,Protocolo_1
Embalaje C,68.03,69.39,6.02,29.0,Normal,Origen B,Ambiente,Protocolo_1
Embalaje C,45.95,93.85,7.51,64.49,Normal,Origen A,Ambiente,Protocolo_1
Embalaje B,17.64,12.42,54.91,68.21,Frágil,Origen A,Ambiente,Protocolo_2
Embalaje C,97.66,54.33,45.49,97.36,Normal,Origen A,Ambiente,Protocolo_2
Embalaje A,91.47,35.24,51.08,84.82,Normal,Origen C,Ambiente,Protocolo_2
Embalaje B,30.58,34.73,28.28,37.66,Normal,Origen B,Ambiente,Protocolo_1
Embalaje C,14.47,8.01,54.43,53.26,Frágil,Origen D,Ambiente,Protocolo_2
Embalaje A,45.0,68.35,11.39,29.19,Normal,Origen B,Ambiente,Protocolo_1
Embalaje A,49.28,57.19,89.81,1.43,Frágil,Origen A,Ambiente,Protocolo_2
Embalaje B,46.16,69.55,45.54,60.33,Frágil,Origen B,Ambiente,Protocolo_2
Embalaje A,94.74,89.36,9.33,3.34,Normal,Origen B,Ambiente,Protocolo_1
Embalaje B,22.47,40.53,71.35,52.57,Normal,Origen B,Ambiente,Protocolo_1
Embalaje C,65.99,74.91,5.9,91.14,Normal,Origen D,Ambiente,Protocolo_2
Embalaje A,60.81,20.84,29.87,35.45,Normal,Origen A,Ambiente,Protocolo_1
Embalaje C,93.86,86.59,26.02,60.44,Normal,Origen B,Ambiente,Protocolo_1
Embalaje B,76.76,66.25,73.51,92.66,Normal,Origen D,Ambiente,Protocolo_2
Embalaje C,83.3,31.27,67.25,72.79,Normal,Origen B,Ambiente,Protocolo_1
Embalaje A,34.11,93.44,81.08,57.66,Normal,Origen A,Ambiente,Protocolo_1
Embalaje C,71.5,33.42,5.61,77.92,Normal,Origen B,Ambiente,Protocolo_1
Embalaje A,65.75,73.33,48.23,60.47,Normal,Origen B,Ambiente,Protocolo_1
Embalaje B,67.35,6.96,10.34,32.75,Normal,Origen A,Ambiente,Protocolo_1
Embalaje A,5.21,73.63,44.93,34.56,Frágil,Origen B,Ambiente,Protocolo_2
Embalaje C,70.6,89.84,61.49,50.08,Normal,Origen B,Ambiente,Protocolo_1
Embalaje B,84.08,32.94,84.55,71.5,Normal,Origen D,Ambiente,Protocolo_1
Embalaje B,40.25,39.65,95.7,54.3,Normal,Origen A,Ambiente,Protocolo_1
Embalaje B,17.24,25.62,75.49,6.16,Normal,Origen B,Ambiente,Protocolo_1
Embalaje A,78.84,38.11,76.69,32.32,Normal,Origen C,Ambiente,Protocolo_1
Embalaje B,35.14,94.58,37.22,78.49,Normal,Origen B,Ambiente,Protocolo_1
Embalaje A,58.93,92.02,24.31,20.71,Normal,Origen B,Ambiente,Protocolo_1
Embalaje C,33.63,23.84,28.6,59.17,Frágil,Origen A,Ambiente,Protocolo_2
Embalaje B,48.73,67.85,35.96,19.05,Normal,Origen B,Ambiente,Protocolo_1
Embalaje B,62.68,98.87,12.15,86.52,Normal,Origen B,Ambiente,Protocolo_2
Embalaje B,37.57,39.69,21.4,61.66,Normal,Origen C,Ambiente,Protocolo_1
Embalaje A,81.83,83.98,6.55,43.16,Normal,Origen B,Ambiente,Protocolo_1
Embalaje A,31.22,70.48,34.02,18.77,Normal,Origen B,Ambiente,Protocolo_1
Embalaje B,92.57,65.82,58.55,38.85,Normal,Origen D,Ambiente,Protocolo_1
Embalaje C,11.04,27.58,99.82,89.98,Frágil,Origen D,Refrigerado,Protocolo_2
Embalaje C,36.13,33.76,79.81,30.59,Normal,Origen B,Ambiente,Protocolo_1
Embalaje A,28.28,59.17,81.67,32.15,Normal,Origen B,Ambiente,Protocolo_1
Embalaje C,94.06,84.76,48.13,11.33,Normal,Origen D,Refrigerado,Protocolo_1
Embalaje C,79.88,54.01,43.96,85.43,Normal,Origen D,Ambiente,Protocolo_2
Embalaje C,82.99,48.42,40.71,75.0,Frágil,Origen D,Refrigerado,Protocolo_2
Embalaje A,64.66,30.02,66.94,24.68,Normal,Origen A,Ambiente,Protocolo_1
Embalaje A,96.27,81.94,11.42,72.61,Normal,Origen D,Ambiente,Protocolo_1
Embalaje C,34.89,11.39,46.25,49.01,Normal,Origen B,Ambiente,Protocolo_1
Embalaje C,39.63,59.87,90.95,62.57,Normal,Origen B,Ambiente,Protocolo_1
Embalaje C,11.98,16.37,82.39,4.99,Normal,Origen C,Ambiente,Protocolo_1
Embalaje A,20.4,20.61,82.21,55.78,Normal,Origen A,Refrigerado,Protocolo_1
Embalaje C,24.03,25.67,87.57,37.28,Normal,Origen D,Ambiente,Protocolo_1
Embalaje B,5.85,51.8,14.58,82.28,Normal,Origen B,Ambiente,Protocolo_2
Embalaje A,58.63,78.97,68.79,78.09,Normal,Origen B,Ambiente,Protocolo_1
Embalaje C,98.8,82.49,97.66,6.44,Normal,Origen A,Ambiente,Protocolo_1
Embalaje C,91.94,92.85,69.87,66.39,Normal,Origen C,Ambiente,Protocolo_1
Embalaje A,11.21,33.84,51.91,36.79,Normal,Origen A,Ambiente,Protocolo_1
Embalaje B,47.42,11.81,9.77,92.33,Frágil,Origen C,Ambiente,Protocolo_2
Embalaje A,64.66,9.34,50.24,51.22,Frágil,Origen A,Ambiente,Protocolo_2
Embalaje C,67.49,57.69,15.03,14.69,Normal,Origen A,Ambiente,Protocolo_1
Embalaje B,35.98,38.11,97.76,8.8,Normal,Origen D,Ambiente,Protocolo_1
Embalaje B,71.3,21.22,41.71,9.16,Frágil,Origen B,Ambiente,Protocolo_2
Embalaje C,10.8,48.54,50.31,47.22,Normal,Origen A,Ambiente,Protocolo_1
Embalaje A,59.25,62.85,49.82,31.15,Frágil,Origen B,Ambiente,Protocolo_2
Embalaje A,90.02,63.63,38.11,87.0,Normal,Origen B,Ambiente,Protocolo_2
Embalaje A,90.83,10.26,77.99,58.02,Frágil,Origen A,Ambiente,Protocolo_2
Embalaje A,56.59,34.17,54.6,46.31,Normal,Origen D,Ambiente,Protocolo_1
Embalaje B,78.47,27.39,63.06,73.46,Normal,Origen A,Ambiente,Protocolo_1
Embalaje A,58.56,22.84,21.97,71.6,Normal,Origen D,Ambiente,Protocolo_1
Embalaje C,71.5,58.88,20.39,54.12,Normal,Origen C,Ambiente,Protocolo_1
Embalaje B,91.41,54.83,83.08,54.65,Normal,Origen C,Ambiente,Protocolo_1
Embalaje C,97.96,31.81,68.02,62.9,Normal,Origen A,Ambiente,Protocolo_1
Embalaje A,63.29,18.79,9.45,82.85,Normal,Origen A,Ambiente,Protocolo_2
Embalaje B,10.19,41.25,44.72,3.93,Normal,Origen B,Ambiente,Protocolo_1
Embalaje B,29.31,40.94,70.3,34.67,Normal,Origen D,Ambiente,Protocolo_1
Embalaje A,30.97,39.39,39.07,33.62,Frágil,Origen B,Refrigerado,Protocolo_2
Embalaje B,34.48,69.02,52.1,63.61,Normal,Origen A,Ambiente,Protocolo_1
Embalaje B,23.32,51.42,30.92,20.69,Normal,Origen C,Ambiente,Protocolo_1
Embalaje C,13.23,89.61,55.14,38.54,Normal,Origen C,Ambiente,Protocolo_1
Embalaje C,79.47,43.27,94.48,28.27,Normal,Origen D,Ambiente,Protocolo_1
Embalaje C,65.49,92.11,93.03,42.94,Frágil,Origen C,Ambiente,Protocolo_2
Embalaje A,94.07,12.21,52.71,47.48,Normal,Origen B,Ambiente,Protocolo_1
Embalaje C,45.73,86.7,94.45,88.05,Frágil,Origen C,Ambiente,Protocolo_2
Embalaje C,65.62,85.71,15.05,45.99,Normal,Origen A,Ambiente,Protocolo_1
Embalaje B,6.18,51.21,16.44,41.73,Normal,Origen D,Ambiente,Protocolo_1
Embalaje C,70.02,33.66,52.4,18.83,Frágil,Origen A,Ambiente,Protocolo_2
Embalaje A,15.8,67.29,75.46,69.42,Frágil,Origen C,Ambiente,Protocolo_2
Embalaje B,10.92,34.03,76.73,15.79,Frágil,Origen A,Ambiente,Protocolo_2
Embalaje A,32.09,63.58,7.01,98.64,Normal,Origen C,Ambiente,Protocolo_2
Embalaje B,39.74,7.85,41.17,6.04,Normal,Origen C,Ambiente,Protocolo_1
Embalaje C,5.65,94.18,67.97,65.36,Frágil,Origen B,Ambiente,Protocolo_2
Embalaje C,79.18,51.14,82.08,13.48,Normal,Origen D,Refrigerado,Protocolo_1
Embalaje A,37.05,10.33,71.83,30.8,Frágil,Origen A,Ambiente,Protocolo_2
Embalaje A,41.92,5.99,14.68,27.63,Frágil,Origen C,Ambiente,Protocolo_2
Embalaje B,41.08,74.12,45.14,3.27,Normal,Origen D,Ambiente,Protocolo_1
Embalaje C,88.1,25.8,90.9,93.59,Normal,Origen B,Ambiente,Protocolo_2
Embalaje A,24.85,62.22,70.01,6.5,Frágil,Origen B,Ambiente,Protocolo_2
Embalaje A,90.32,25.21,27.25,94.45,Normal,Origen A,Ambiente,Protocolo_2
Embalaje B,92.21,37.44,35.77,28.43,Normal,Origen C,Ambiente,Protocolo_1
Embalaje B,44.31,24.08,83.8,79.69,Normal,Origen B,Ambiente,Protocolo_1
Embalaje B,85.65,70.93,17.67,7.52,Normal,Origen D,Ambiente,Protocolo_1
Embalaje A,41.25,48.62,31.58,64.24,Normal,Origen A,Ambiente,Protocolo_1
Embalaje A,83.23,81.39,87.5,47.21,Normal,Origen D,Ambiente,Protocolo_1
Embalaje C,19.29,29.97,47.92,28.59,Normal,Origen B,Ambiente,Protocolo_1
Embalaje B,73.72,71.75,95.67,98.22,Frágil,Origen B,Refrigerado,Protocolo_2
Embalaje B,75.94,36.11,72.65,3.46,Normal,Origen A,Ambiente,Protocolo_1
Embalaje C,6.51,50.16,18.79,59.14,Normal,Origen D,Ambiente,Protocolo_1
Embalaje A,89.06,34.0,28.7,17.96,Normal,Origen C,Ambiente,Protocolo_1
Embalaje B,58.54,17.07,22.04,57.7,Normal,Origen A,Ambiente,Protocolo_1
Embalaje A,9.78,33.07,60.47,46.13,Normal,Origen B,Ambiente,Protocolo_1
Embalaje A,67.5,45.85,54.37,4.56,Normal,Origen D,Ambiente,Protocolo_1
Embalaje C,37.19,12.79,64.77,58.62,Normal,Origen B,Ambiente,Protocolo_1
Embalaje A,17.99,15.52,77.57,4.18,Normal,Origen B,Ambiente,Protocolo_1
Embalaje B,14.8,15.29,61.45,19.31,Frágil,Origen A,Ambiente,Protocolo_2
Embalaje B,21.15,11.86,93.47,70.62,Normal,Origen A,Refrigerado,Protocolo_1
Embalaje C,5.35,18.88,10.18,39.13,Normal,Origen A,Ambiente,Protocolo_1
Embalaje B,48.03,5.43,54.29,18.63,Normal,Origen D,Ambiente,Protocolo_1
Embalaje A,67.57,15.16,32.15,86.96,Normal,Origen B,Ambiente,Protocolo_2
Embalaje A,95.93,52.71,11.38,20.03,Normal,Origen C,Ambiente,Protocolo_1
Embalaje A,14.22,31.1,16.43,29.21,Frágil,Origen A,Ambiente,Protocolo_2
Embalaje C,47.28,6.66,18.87,22.65,Normal,Origen B,Ambiente,Protocolo_1
Embalaje C,50.07,47.18,71.18,24.44,Normal,Origen A,Ambiente,Protocolo_1
Embalaje A,62.04,49.33,91.45,49.36,Normal,Origen C,Refrigerado,Protocolo_1
Embalaje B,75.27,84.61,11.82,27.4,Normal,Origen B,Refrigerado,Protocolo_1
Embalaje A,74.39,56.95,19.22,25.37,Normal,Origen C,Ambiente,Protocolo_1
Embalaje C,75.04,8.14,72.62,32.72,Frágil,Origen B,Ambiente,Protocolo_2
Embalaje C,42.73,94.78,50.7,48.21,Frágil,Origen C,Ambiente,Protocolo_2
Embalaje C,22.73,72.33,9.55,35.91,Normal,Origen A,Ambiente,Protocolo_1
Embalaje B,59.25,39.78,61.34,35.65,Normal,Origen A,Ambiente,Protocolo_1
Embalaje C,33.35,48.99,14.35,50.69,Normal,Origen C,Refrigerado,Protocolo_1
Embalaje C,71.38,35.56,36.27,39.49,Frágil,Origen D,Ambiente,Protocolo_2
Embalaje B,91.1,16.92,29.22,28.15,Normal,Origen D,Ambiente,Protocolo_1
Embalaje A,63.66,54.97,64.9,17.28,Normal,Origen C,Ambiente,Protocolo_1
Embalaje A,84.04,75.43,82.82,65.74,Normal,Origen C,Ambiente,Protocolo_1
Embalaje B,50.68,80.55,45.41,59.04,Frágil,Origen D,Ambiente,Protocolo_2
Embalaje B,24.3,20.24,7.3,29.8,Normal,Origen A,Ambiente,Protocolo_1
Embalaje A,85.99,96.24,47.94,3.46,Normal,Origen D,Ambiente,Protocolo_1
Embalaje C,90.82,77.43,36.9,79.24,Normal,Origen C,Ambiente,Protocolo_1
Embalaje B,29.6,36.55,7.73,97.77,Normal,Origen A,Ambiente,Protocolo_2
Embalaje B,65.39,99.51,31.24,63.54,Normal,Origen B,Ambiente,Protocolo_1
Embalaje C,83.03,82.2,73.36,17.11,Normal,Origen C,Refrigerado,Protocolo_1
Embalaje B,95.42,20.61,11.77,73.71,Frágil,Origen D,Ambiente,Protocolo_2
Embalaje C,65.78,24.27,29.31,77.49,Frágil,Origen C,Ambiente,Protocolo_2
Embalaje C,90.69,89.23,5.36,62.9,Normal,Origen C,Ambiente,Protocolo_1
Embalaje A,44.68,73.5,97.8,93.72,Normal,Origen B,Ambiente,Protocolo_2
Embalaje C,43.1,91.56,56.27,80.07,Frágil,Origen A,Ambiente,Protocolo_2
Embalaje C,62.26,99.2,43.68,79.73,Normal,Origen B,Ambiente,Protocolo_1
Embalaje B,87.43,32.78,14.21,87.9,Frágil,Origen D,Ambiente,Protocolo_2
Embalaje A,93.81,61.84,97.1,60.75,Frágil,Origen D,Ambiente,Protocolo_2
Embalaje A,97.92,14.54,94.02,58.23,Normal,Origen D,Ambiente,Protocolo_1
Embalaje A,17.89,52.81,41.87,33.32,Normal,Origen B,Ambiente,Protocolo_1
Embalaje A,88.08,69.38,51.45,43.73,Normal,Origen C,Ambiente,Protocolo_1
Embalaje B,88.32,34.32,92.5,92.45,Normal,Origen C,Ambiente,Protocolo_2
Embalaje C,58.41,59.78,22.92,33.42,Normal,Origen B,Ambiente,Protocolo_1
Embalaje A,34.13,75.46,79.69,57.32,Normal,Origen C,Ambiente,Protocolo_1
Embalaje B,56.1,70.87,49.28,44.24,Frágil,Origen B,Ambiente,Protocolo_2
Embalaje A,22.74,62.21,78.91,53.35,Normal,Origen D,Ambiente,Protocolo_1
Embalaje A,11.82,96.75,32.55,60.26,Normal,Origen C,Refrigerado,Protocolo_1
Embalaje B,30.93,77.55,12.97,19.77,Normal,Origen A,Ambiente,Protocolo_1
Embalaje B,40.12,45.59,52.23,4.64,Normal,Origen B,Ambiente,Protocolo_1
Embalaje C,32.12,87.11,58.94,9.32,Normal,Origen B,Ambiente,Protocolo_1
Embalaje B,89.09,64.07,23.08,73.29,Normal,Origen D,Ambiente,Protocolo_1
Embalaje C,46.54,7.89,29.57,23.39,Normal,Origen B,Ambiente,Protocolo_1
Embalaje C,18.65,14.2,82.58,72.39,Normal,Origen A,Ambiente,Protocolo_1
Embalaje A,53.61,26.77,94.57,42.75,Normal,Origen D,Ambiente,Protocolo_1
Embalaje A,57.76,8.52,99.01,40.32,Frágil,Origen C,Ambiente,Protocolo_2
Embalaje C,77.47,90.53,62.24,33.47,Normal,Origen D,Ambiente,Protocolo_1
Embalaje C,68.31,58.67,59.81,40.67,Normal,Origen D,Ambiente,Protocolo_1
Embalaje B,71.68,82.81,49.07,43.8,Normal,Origen A,Ambiente,Protocolo_1
Embalaje A,6.88,74.49,59.57,9.48,Normal,Origen B,Ambiente,Protocolo_1
Embalaje C,6.97,86.76,10.22,13.45,Normal,Origen B,Ambiente,Protocolo_1
Embalaje C,89.57,97.53,65.05,27.38,Normal,Origen C,Ambiente,Protocolo_1
Embalaje B,76.63,93.78,26.4,65.26,Normal,Origen D,Ambiente,Protocolo_1
Embalaje A,37.47,70.84,16.55,50.11,Normal,Origen A,Ambiente,Protocolo_1
Embalaje C,55.9,96.08,56.3,10.08,Normal,Origen B,Ambiente,Protocolo_1
Embalaje B,64.85,62.95,44.78,40.7,Normal,Origen B,Ambiente,Protocolo_1
Embalaje C,34.83,65.39,23.88,95.17,Normal,Origen B,Ambiente,Protocolo_2
Embalaje B,72.18,34.47,51.78,58.09,Normal,Origen C,Ambiente,Protocolo_1
Embalaje A,15.61,8.92,18.41,50.06,Normal,Origen B,Ambiente,Protocolo_1
Embalaje C,16.76,68.3,26.05,1.3,Normal,Origen A,Ambiente,Protocolo_1
Embalaje B,97.64,38.54,65.18,87.66,Normal,Origen D,Ambiente,Protocolo_2
Embalaje C,43.78,12.99,61.54,9.22,Normal,Origen C,Ambiente,Protocolo_1
Embalaje B,84.19,77.8,58.13,32.2,Normal,Origen B,Ambiente,Protocolo_1
Embalaje B,93.1,21.23,81.77,42.75,Normal,Origen D,Ambiente,Protocolo_1
Embalaje A,44.42,65.99,68.77,93.48,Normal,Origen B,Ambiente,Protocolo_2
Embalaje C,21.07,96.4,86.21,37.3,Normal,Origen A,Ambiente,Protocolo_1
Embalaje B,69.54,70.65,57.68,21.47,Normal,Origen D,Ambiente,Protocolo_1
Embalaje B,94.38,51.23,91.44,56.55,Normal,Origen D,Ambiente,Protocolo_1
Embalaje C,62.9,13.32,27.3,67.88,Frágil,Origen C,Refrigerado,Protocolo_2
Embalaje B,89.74,30.95,54.5,27.12,Frágil,Origen A,Refrigerado,Protocolo_2
Embalaje A,35.5,66.12,68.9,64.64,Normal,Origen A,Ambiente,Protocolo_1
Embalaje B,36.37,30.07,39.94,23.95,Frágil,Origen B,Ambiente,Protocolo_2
Embalaje A,45.37,10.04,87.62,76.59,Normal,Origen D,Ambiente,Protocolo_1
Embalaje A,59.54,14.43,37.44,93.27,Frágil,Origen D,Ambiente,Protocolo_2
Embalaje C,92.94,6.29,58.13,29.62,Normal,Origen D,Ambiente,Protocolo_1
Embalaje B,46.2,82.75,56.97,43.08,Frágil,Origen C,Ambiente,Protocolo_2
Embalaje A,72.52,78.16,54.51,90.91,Normal,Origen B,Ambiente,Protocolo_2
Embalaje C,61.85,91.85,38.35,11.98,Normal,Origen C,Ambiente,Protocolo_1
Embalaje A,30.09,32.26,25.6,30.19,Frágil,Origen A,Ambiente,Protocolo_2
Embalaje C,61.77,62.81,6.52,12.97,Normal,Origen C,Ambiente,Protocolo_1
Embalaje C,17.53,77.34,42.91,53.43,Normal,Origen B,Ambiente,Protocolo_1
Embalaje B,45.64,69.89,42.99,87.48,Frágil,Origen D,Ambiente,Protocolo_2
Embalaje B,9.14,29.28,7.83,58.13,Normal,Origen D,Ambiente,Protocolo_1
Embalaje A,57.03,64.19,39.24,8.2,Normal,Origen A,Ambiente,Protocolo_1
Embalaje C,52.03,42.94,5.25,19.73,Normal,Origen B,Ambiente,Protocolo_1
Embalaje A,20.36,78.77,88.71,88.42,Frágil,Origen D,Ambiente,Protocolo_2
Embalaje B,35.89,62.59,88.05,50.48,Frágil,Origen B,Ambiente,Protocolo_2
Embalaje C,30.49,26.97,83.48,24.69,Normal,Origen B,Ambiente,Protocolo_1
Embalaje C,97.12,73.44,33.86,8.61,Normal,Origen D,Ambiente,Protocolo_1
Embalaje B,71.44,48.99,62.98,30.23,Normal,Origen D,Ambiente,Protocolo_1
Embalaje B,31.96,98.0,60.75,94.7,Frágil,Origen B,Ambiente,Protocolo_2
Embalaje A,53.39,44.59,68.65,74.94,Normal,Origen B,Ambiente,Protocolo_1
Embalaje B,60.61,17.98,43.85,94.66,Normal,Origen B,Ambiente,Protocolo_2
Embalaje C,83.78,46.14,26.98,53.01,Normal,Origen A,Ambiente,Protocolo_1
Embalaje A,73.83,25.46,55.24,35.27,Normal,Origen A,Ambiente,Protocolo_1
Embalaje A,91.23,15.7,97.25,65.55,Normal,Origen B,Ambiente,Protocolo_1
Embalaje A,9.15,12.36,21.91,9.62,Normal,Origen A,Ambiente,Protocolo_1
Embalaje A,79.46,93.7,30.21,8.03,Frágil,Origen D,Refrigerado,Protocolo_2
Embalaje B,60.87,44.81,9.06,4.49,Normal,Origen B,Ambiente,Protocolo_1
Embalaje B,48.75,41.41,32.92,24.56,Frágil,Origen C,Ambiente,Protocolo_2
Embalaje B,5.78,48.1,77.88,40.67,Frágil,Origen D,Ambiente,Protocolo_2
Embalaje B,80.12,89.71,73.7,64.74,Normal,Origen A,Ambiente,Protocolo_1
Embalaje C,88.43,53.91,42.69,85.79,Frágil,Origen A,Ambiente,Protocolo_2
Embalaje B,11.01,83.27,84.39,58.06,Normal,Origen C,Ambiente,Protocolo_1
Embalaje C,8.76,28.88,70.54,17.92,Normal,Origen C,Refrigerado,Protocolo_1
Embalaje A,88.13,42.39,65.87,45.57,Normal,Origen C,Ambiente,Protocolo_1
Embalaje C,7.08,38.09,92.12,40.05,Frágil,Origen C,Ambiente,Protocolo_2
Embalaje B,89.07,5.56,47.18,60.52,Normal,Origen C,Refrigerado,Protocolo_1
Embalaje A,61.91,47.6,75.42,91.54,Frágil,Origen D,Ambiente,Protocolo_2
Embalaje B,91.28,97.0,78.88,96.49,Normal,Origen D,Ambiente,Protocolo_2
Embalaje C,51.26,62.2,12.22,97.04,Normal,Origen B,Ambiente,Protocolo_2
Embalaje B,65.89,14.48,36.03,66.73,Normal,Origen A,Ambiente,Protocolo_1
Embalaje A,52.29,5.83,66.85,44.23,Normal,Origen C,Ambiente,Protocolo_1
Embalaje C,42.3,89.52,44.71,1.95,Frágil,Origen C,Ambiente,Protocolo_2
Embalaje B,14.6,65.31,99.72,43.05,Normal,Origen B,Ambiente,Protocolo_1
Embalaje C,11.27,24.14,93.4,64.07,Normal,Origen D,Ambiente,Protocolo_1
Embalaje A,31.37,8.94,55.43,39.14,Normal,Origen A,Refrigerado,Protocolo_1
Embalaje B,27.16,61.68,39.17,34.37,Normal,Origen D,Ambiente,Protocolo_1
Embalaje A,16.65,76.79,59.73,65.97,Normal,Origen A,Ambiente,Protocolo_1
Embalaje C,88.44,77.55,24.09,11.24,Normal,Origen A,Ambiente,Protocolo_1
Embalaje A,56.03,15.54,48.21,72.98,Normal,Origen B,Refrigerado,Protocolo_1
Embalaje C,26.1,17.22,74.61,69.16,Frágil,Origen C,Ambiente,Protocolo_2
Embalaje C,9.2,70.23,15.7,69.64,Normal,Origen B,Ambiente,Protocolo_1
Embalaje C,11.15,13.98,67.5,87.39,Normal,Origen D,Ambiente,Protocolo_2
Embalaje C,33.68,25.99,38.68,8.95,Normal,Origen A,Ambiente,Protocolo_1
Embalaje A,97.88,42.92,74.29,96.89,Normal,Origen C,Ambiente,Protocolo_2
Embalaje B,88.28,91.47,90.21,22.81,Frágil,Origen B,Ambiente,Protocolo_2
Embalaje B,89.67,37.92,73.81,14.82,Frágil,Origen A,Ambiente,Protocolo_2
Embalaje A,16.51,74.48,77.77,96.19,Frágil,Origen D,Ambiente,Protocolo_2
Embalaje A,78.24,81.44,92.84,20.62,Normal,Origen B,Ambiente,Protocolo_1
Embalaje B,44.25,95.28,51.23,73.6,Normal,Origen B,Ambiente,Protocolo_1
Embalaje B,77.44,76.67,80.24,78.44,Normal,Origen B,Ambiente,Protocolo_1
Embalaje B,26.38,83.89,14.32,81.54,Normal,Origen B,Ambiente,Protocolo_2
Embalaje A,71.53,27.3,99.69,53.08,Normal,Origen D,Ambiente,Protocolo_1
Embalaje C,9.85,11.16,30.32,32.53,Normal,Origen D,Ambiente,Protocolo_1
Embalaje A,18.6,12.79,10.1,56.74,Normal,Origen C,Ambiente,Protocolo_1
Embalaje A,83.8,75.03,47.56,4.81,Frágil,Origen A,Ambiente,Protocolo_2
Embalaje C,58.09,46.49,45.43,68.33,Normal,Origen B,Ambiente,Protocolo_1
Embalaje A,11.96,99.31,74.13,9.13,Normal,Origen B,Ambiente,Protocolo_1
Embalaje B,34.02,57.17,5.13,33.08,Normal,Origen A,Ambiente,Protocolo_1
Embalaje C,45.44,64.29,84.9,58.28,Normal,Origen B,Ambiente,Protocolo_1
Embalaje B,13.61,24.41,89.56,66.49,Normal,Origen D,Ambiente,Protocolo_1
Embalaje B,27.83,16.07,97.81,13.54,Normal,Origen A,Ambiente,Protocolo_1
Embalaje A,94.75,95.49,36.75,18.73,Normal,Origen C,Ambiente,Protocolo_1
Embalaje C,42.08,17.21,6.8,21.98,Normal,Origen D,Ambiente,Protocolo_1
Embalaje A,67.05,89.06,67.39,24.71,Normal,Origen A,Ambiente,Protocolo_1
Embalaje B,42.9,82.28,23.69,48.28,Normal,Origen B,Ambiente,Protocolo_1
Embalaje B,73.73,16.95,16.15,86.21,Normal,Origen A,Ambiente,Protocolo_2
Embalaje C,95.99,38.16,53.83,56.11,Frágil,Origen C,Ambiente,Protocolo_2
Embalaje A,74.62,50.92,76.89,15.75,Normal,Origen B,Ambiente,Protocolo_1
Embalaje C,67.33,77.27,99.56,27.79,Frágil,Origen D,Ambiente,Protocolo_2
Embalaje A,9.37,11.05,84.99,48.68,Normal,Origen C,Ambiente,Protocolo_1
Embalaje B,25.22,95.1,32.05,73.05,Normal,Origen D,Ambiente,Protocolo_1
Embalaje B,99.63,39.92,72.48,45.36,Normal,Origen D,Ambiente,Protocolo_1
Embalaje A,52.73,55.51,6.66,17.11,Normal,Origen A,Ambiente,Protocolo_1
Embalaje B,87.82,67.83,66.91,58.62,Normal,Origen A,Ambiente,Protocolo_1
Embalaje A,51.45,6.87,42.92,99.52,Frágil,Origen A,Ambiente,Protocolo_2
Embalaje B,6.75,70.37,35.16,45.8,Frágil,Origen D,Ambiente,Protocolo_2
Embalaje A,77.42,70.6,67.39,90.0,Normal,Origen C,Ambiente,Protocolo_2
Embalaje A,94.84,70.36,54.09,50.88,Normal,Origen D,Ambiente,Protocolo_1
Embalaje A,50.52,41.38,47.63,22.84,Normal,Origen B,Ambiente,Protocolo_1
Embalaje C,22.44,87.96,58.02,74.89,Normal,Origen A,Ambiente,Protocolo_1
Embalaje C,8.99,90.85,17.95,3.15,Normal,Origen A,Ambiente,Protocolo_1
Embalaje C,89.86,39.06,66.99,34.16,Normal,Origen B,Refrigerado,Protocolo_1
Embalaje B,75.94,75.26,96.37,52.18,Frágil,Origen C,Ambiente,Protocolo_2
Embalaje C,43.29,49.16,99.54,31.94,Normal,Origen A,Ambiente,Protocolo_1
Embalaje C,85.02,91.29,26.04,69.01,Normal,Origen C,Ambiente,Protocolo_1
Embalaje B,61.3,31.33,93.44,7.08,Normal,Origen C,Ambiente,Protocolo_1
Embalaje A,61.32,69.73,97.56,81.0,Frágil,Origen C,Ambiente,Protocolo_2
Embalaje C,95.28,27.68,87.31,55.22,Normal,Origen B,Ambiente,Protocolo_1
Embalaje C,24.6,80.91,73.23,24.72,Normal,Origen C,Ambiente,Protocolo_1
Embalaje A,83.54,29.74,66.66,24.54,Frágil,Origen B,Ambiente,Protocolo_2
Embalaje C,63.61,24.91,13.31,58.28,Frágil,Origen D,Ambiente,Protocolo_2
Embalaje B,61.36,97.74,45.27,99.17,Normal,Origen C,Ambiente,Protocolo_2
Embalaje B,75.8,30.69,70.03,43.16,Normal,Origen D,Refrigerado,Protocolo_1
Embalaje A,44.34,39.68,36.86,95.56,Normal,Origen A,Refrigerado,Protocolo_2
Embalaje A,95.01,43.17,36.21,88.39,Normal,Origen C,Ambiente,Protocolo_2
Embalaje A,47.43,47.45,46.34,17.9,Normal,Origen C,Ambiente,Protocolo_1
Embalaje A,7.14,18.16,61.66,1.14,Frágil,Origen A,Ambiente,Protocolo_2
Embalaje A,52.82,64.03,94.79,51.67,Normal,Origen C,Refrigerado,Protocolo_1
Embalaje B,74.51,52.11,17.81,2.44,Frágil,Origen B,Ambiente,Protocolo_2
Embalaje C,80.06,66.16,5.97,50.23,Normal,Origen B,Ambiente,Protocolo_1
Embalaje A,81.27,18.21,15.61,96.43,Normal,Origen D,Ambiente,Protocolo_2
Embalaje B,23.34,67.74,48.08,95.75,Normal,Origen D,Ambiente,Protocolo_2
Embalaje C,28.71,21.55,76.46,67.11,Normal,Origen D,Ambiente,Protocolo_1
Embalaje B,18.26,67.56,13.44,91.23,Normal,Origen C,Ambiente,Protocolo_2
Embalaje C,17.86,41.06,88.09,26.15,Normal,Origen C,Ambiente,Protocolo_1
Embalaje B,25.68,38.51,27.87,68.45,Normal,Origen B,Ambiente,Protocolo_1
Embalaje C,73.37,63.1,64.21,41.94,Normal,Origen B,Ambiente,Protocolo_1
Embalaje B,31.85,22.15,10.14,58.43,Normal,Origen D,Ambiente,Protocolo_1
Embalaje B,36.18,37.43,51.49,59.77,Normal,Origen B,Ambiente,Protocolo_1
Embalaje C,44.25,38.65,69.21,96.73,Normal,Origen A,Ambiente,Protocolo_2
Embalaje B,22.24,11.75,48.66,20.81,Normal,Origen C,Ambiente,Protocolo_1
Embalaje A,12.59,40.16,55.59,20.54,Normal,Origen A,Ambiente,Protocolo_1
Embalaje C,9.44,31.83,83.28,74.42,Normal,Origen D,Ambiente,Protocolo_1
Embalaje B,31.09,63.74,31.81,63.32,Normal,Origen C,Ambiente,Protocolo_1
Embalaje A,60.18,60.29,36.34,20.72,Normal,Origen D,Ambiente,Protocolo_1
Embalaje C,5.98,30.07,94.46,89.33,Normal,Origen D,Refrigerado,Protocolo_2
Embalaje A,84.56,59.74,67.77,49.31,Normal,Origen D,Ambiente,Protocolo_1
Embalaje A,62.1,15.93,45.01,78.38,Frágil,Origen D,Ambiente,Protocolo_2
Embalaje B,92.35,6.09,61.89,68.5,Normal,Origen C,Ambiente,Protocolo_1
Embalaje A,7.82,56.9,57.46,78.96,Normal,Origen B,Ambiente,Protocolo_1
Embalaje A,28.69,85.1,64.56,31.0,Normal,Origen B,Ambiente,Protocolo_1
Embalaje C,69.63,11.35,99.92,90.96,Normal,Origen B,Ambiente,Protocolo_2
Embalaje C,34.37,79.94,19.97,68.18,Frágil,Origen D,Ambiente,Protocolo_2
Embalaje C,74.74,16.99,56.24,59.72,Normal,Origen C,Ambiente,Protocolo_1
Embalaje C,56.46,69.71,72.53,81.3,Normal,Origen A,Ambiente,Protocolo_2
Embalaje A,77.41,38.89,42.93,53.74,Normal,Origen A,Ambiente,Protocolo_1
Embalaje A,80.53,92.39,71.33,16.25,Normal,Origen A,Ambiente,Protocolo_1
Embalaje C,14.52,39.89,22.0,44.35,Normal,Origen D,Ambiente,Protocolo_1
Embalaje C,92.9,97.39,45.2,5.96,Frágil,Origen D,Ambiente,Protocolo_2
Embalaje B,15.31,19.54,59.6,78.09,Normal,Origen D,Ambiente,Protocolo_1
Embalaje C,56.34,47.09,64.42,41.68,Normal,Origen D,Ambiente,Protocolo_1
Embalaje C,36.99,98.85,16.31,82.36,Normal,Origen B,Ambiente,Protocolo_2
Embalaje C,40.79,70.87,65.02,78.11,Normal,Origen D,Ambiente,Protocolo_1
Embalaje A,22.79,27.39,32.24,39.25,Normal,Origen A,Ambiente,Protocolo_1
Embalaje B,63.88,20.7,42.36,79.8,Normal,Origen C,Refrigerado,Protocolo_1
Embalaje B,64.29,13.78,51.62,29.77,Normal,Origen C,Ambiente,Protocolo_1
Embalaje B,78.25,31.32,71.4,22.38,Normal,Origen A,Ambiente,Protocolo_1
Embalaje B,73.49,34.2,93.94,69.41,Normal,Origen D,Refrigerado,Protocolo_1
Embalaje A,22.43,53.38,70.99,25.28,Normal,Origen A,Refrigerado,Protocolo_1
Embalaje A,78.59,44.81,15.65,80.69,Frágil,Origen D,Ambiente,Protocolo_2
Embalaje A,45.98,55.22,53.31,36.91,Frágil,Origen A,Refrigerado,Protocolo_2
Embalaje B,19.02,47.58,93.53,94.26,Normal,Origen A,Ambiente,Protocolo_2
Embalaje C,73.83,99.63,31.94,15.41,Normal,Origen D,Ambiente,Protocolo_1
Embalaje B,5.65,98.59,18.33,86.94,Normal,Origen D,Ambiente,Protocolo_2
Embalaje B,56.4,21.66,64.06,84.88,Normal,Origen D,Refrigerado,Protocolo_2
Embalaje C,99.0,93.32,97.74,3.87,Normal,Origen D,Ambiente,Protocolo_1
Embalaje B,89.86,42.5,11.77,98.37,Normal,Origen D,Ambiente,Protocolo_2
Embalaje B,20.65,62.98,7.07,100.0,Normal,Origen C,Ambiente,Protocolo_2
Embalaje A,52.75,87.33,44.71,50.62,Normal,Origen B,Ambiente,Protocolo_1
Embalaje C,47.52,99.77,28.98,9.61,Normal,Origen B,Ambiente,Protocolo_1
Embalaje A,79.41,10.07,66.44,8.82,Normal,Origen B,Ambiente,Protocolo_1
Embalaje B,78.57,61.8,69.26,12.11,Frágil,Origen A,Ambiente,Protocolo_2
Embalaje C,36.92,56.07,59.48,6.11,Normal,Origen A,Refrigerado,Protocolo_1
Embalaje C,62.27,59.35,74.17,97.08,Normal,Origen C,Ambiente,Protocolo_2
Embalaje C,93.72,30.44,91.05,49.33,Normal,Origen B,Ambiente,Protocolo_1
Embalaje C,8.62,65.61,19.31,3.28,Normal,Origen B,Ambiente,Protocolo_1
Embalaje B,44.86,26.61,57.3,98.71,Normal,Origen B,Refrigerado,Protocolo_2
Embalaje B,48.83,64.6,87.12,59.44,Normal,Origen C,Ambiente,Protocolo_1
Embalaje A,28.85,67.29,49.47,73.18,Frágil,Origen B,Refrigerado,Protocolo_2
Embalaje A,23.35,15.6,45.08,23.34,Normal,Origen C,Ambiente,Protocolo_1
Embalaje A,72.18,23.21,55.21,16.82,Frágil,Origen D,Ambiente,Protocolo_2
Embalaje A,23.0,58.83,91.08,23.95,Normal,Origen B,Ambiente,Protocolo_1
Embalaje A,29.98,49.83,89.2,29.31,Normal,Origen D,Ambiente,Protocolo_1
Embalaje A,99.93,81.34,74.59,44.88,Normal,Origen B,Ambiente,Protocolo_1
Embalaje A,32.92,44.27,20.46,89.89,Normal,Origen A,Ambiente,Protocolo_2
Embalaje C,61.46,21.0,33.05,85.23,Normal,Origen B,Ambiente,Protocolo_2
Embalaje A,97.38,63.58,31.53,27.09,Normal,Origen B,Ambiente,Protocolo_1
Embalaje A,26.76,7.69,23.72,38.92,Normal,Origen D,Ambiente,Protocolo_1
Embalaje C,32.68,12.75,72.63,30.98,Normal,Origen B,Ambiente,Protocolo_1
Embalaje C,12.67,35.61,94.64,10.79,Normal,Origen C,Ambiente,Protocolo_1
Embalaje A,10.32,88.34,64.07,93.03,Normal,Origen A,Ambiente,Protocolo_2
Embalaje C,28.15,24.55,62.41,54.75,Frágil,Origen B,Ambiente,Protocolo_2
Embalaje B,80.72,74.23,58.45,54.6,Normal,Origen A,Ambiente,Protocolo_1
Embalaje A,81.43,94.32,11.6,47.36,Normal,Origen C,Refrigerado,Protocolo_1
Embalaje C,76.63,99.31,24.73,91.48,Normal,Origen D,Ambiente,Protocolo_2
Embalaje B,56.56,50.55,18.78,74.51,Normal,Origen C,Ambiente,Protocolo_1
Embalaje B,67.33,92.32,9.04,32.62,Normal,Origen A,Ambiente,Protocolo_1
Embalaje C,67.44,53.21,54.39,57.63,Normal,Origen C,Ambiente,Protocolo_1
Embalaje B,27.63,44.79,48.37,85.9,Normal,Origen C,Ambiente,Protocolo_2
Embalaje B,95.81,78.67,37.67,51.02,Normal,Origen A,Ambiente,Protocolo_1
Embalaje A,82.73,36.68,86.11,93.21,Normal,Origen A,Ambiente,Protocolo_2
Embalaje A,30.63,94.33,71.98,93.05,Normal,Origen A,Ambiente,Protocolo_2
Embalaje C,26.79,57.59,97.48,2.17,Frágil,Origen B,Ambiente,Protocolo_2
Embalaje A,75.24,55.99,28.88,2.95,Normal,Origen A,Ambiente,Protocolo_1
Embalaje C,32.88,22.66,47.12,75.73,Normal,Origen B,Ambiente,Protocolo_1
Embalaje B,7.11,8.38,20.18,37.13,Normal,Origen D,Ambiente,Protocolo_1
Embalaje C,14.83,99.82,44.72,37.49,Frágil,Origen C,Ambiente,Protocolo_2
Embalaje B,35.88,62.59,16.85,42.95,Normal,Origen D,Ambiente,Protocolo_1
Embalaje B,48.66,18.99,53.26,73.43,Frágil,Origen C,Ambiente,Protocolo_2
Embalaje C,75.63,66.27,35.93,70.86,Frágil,Origen B,Refrigerado,Protocolo_2
Embalaje C,20.81,96.69,15.54,87.12,Normal,Origen A,Ambiente,Protocolo_2
Embalaje C,51.26,85.91,87.97,2.29,Frágil,Origen B,Ambiente,Protocolo_2
Embalaje A,53.16,89.87,7.0,77.63,Normal,Origen A,Refrigerado,Protocolo_1
Embalaje C,37.04,60.12,11.16,47.05,Normal,Origen A,Ambiente,Protocolo_1
Embalaje C,73.1,40.28,62.87,15.42,Normal,Origen D,Ambiente,Protocolo_1
Embalaje C,42.13,35.14,87.85,18.77,Frágil,Origen A,Ambiente,Protocolo_2
Embalaje C,92.63,98.18,6.23,12.52,Normal,Origen A,Ambiente,Protocolo_1
Embalaje C,67.76,62.73,14.34,52.38,Frágil,Origen B,Ambiente,Protocolo_2
Embalaje B,30.86,98.76,31.78,86.02,Frágil,Origen A,Ambiente,Protocolo_2
Embalaje C,76.81,73.86,82.13,42.96,Normal,Origen B,Ambiente,Protocolo_1
Embalaje B,85.59,98.84,57.8,44.61,Normal,Origen B,Ambiente,Protocolo_1
Embalaje A,9.51,65.86,64.69,4.14,Frágil,Origen D,Ambiente,Protocolo_2
Embalaje B,56.53,26.55,56.39,77.14,Normal,Origen A,Ambiente,Protocolo_1
Embalaje A,29.75,90.23,99.9,19.05,Normal,Origen B,Ambiente,Protocolo_1
Embalaje B,66.76,81.57,33.83,15.52,Normal,Origen B,Ambiente,Protocolo_1
Embalaje A,67.16,26.15,22.37,12.22,Frágil,Origen A,Refrigerado,Protocolo_2
Embalaje B,60.16,78.07,91.41,71.0,Normal,Origen A,Ambiente,Protocolo_1
Embalaje C,23.53,68.08,7.82,48.51,Frágil,Origen D,Ambiente,Protocolo_2
Embalaje C,48.0,90.3,74.42,74.65,Normal,Origen D,Ambiente,Protocolo_1
Embalaje C,85.72,46.52,12.24,56.41,Frágil,Origen A,Ambiente,Protocolo_2
Embalaje B,50.68,75.79,26.03,72.95,Normal,Origen A,Ambiente,Protocolo_1
Embalaje C,88.01,90.18,48.69,83.99,Frágil,Origen D,Ambiente,Protocolo_2
Embalaje C,72.68,47.24,58.8,36.02,Normal,Origen B,Ambiente,Protocolo_1
Embalaje A,44.47,26.45,77.67,36.47,Normal,Origen A,Ambiente,Protocolo_1
Embalaje A,54.53,99.7,40.77,17.77,Normal,Origen A,Ambiente,Protocolo_1
Embalaje A,73.31,36.16,18.7,83.03,Normal,Origen A,Ambiente,Protocolo_2
Embalaje B,46.62,24.96,10.31,24.48,Normal,Origen C,Ambiente,Protocolo_1
Embalaje A,66.62,67.2,18.2,45.23,Normal,Origen B,Refrigerado,Protocolo_1
Embalaje C,41.25,98.87,45.33,82.87,Normal,Origen C,Ambiente,Protocolo_2
Embalaje B,64.34,84.5,57.92,86.38,Frágil,Origen B,Ambiente,Protocolo_2
Embalaje B,33.5,14.9,19.53,47.84,Normal,Origen B,Ambiente,Protocolo_1
Embalaje B,83.31,53.41,87.88,78.34,Normal,Origen A,Ambiente,Protocolo_1
Embalaje B,33.65,19.75,59.76,4.78,Normal,Origen A,Ambiente,Protocolo_1
Embalaje A,64.95,8.46,70.79,21.18,Normal,Origen D,Ambiente,Protocolo_1
Embalaje A,59.43,63.39,40.69,14.37,Normal,Origen C,Refrigerado,Protocolo_1
Embalaje A,80.32,46.5,39.72,54.63,Normal,Origen D,Ambiente,Protocolo_1
Embalaje A,66.31,17.21,92.42,43.5,Normal,Origen A,Ambiente,Protocolo_1
Embalaje C,78.41,56.58,61.96,62.41,Normal,Origen D,Ambiente,Protocolo_1
Embalaje A,86.75,80.05,24.38,66.28,Normal,Origen B,Ambiente,Protocolo_1
Embalaje A,24.54,86.98,35.96,60.19,Normal,Origen B,Ambiente,Protocolo_1
Embalaje B,77.63,18.98,82.3,84.65,Normal,Origen B,Ambiente,Protocolo_2
Embalaje B,96.53,11.46,11.84,97.28,Normal,Origen D,Ambiente,Protocolo_2
Embalaje C,51.4,90.4,37.55,43.15,Frágil,Origen D,Ambiente,Protocolo_2
Embalaje B,82.81,69.12,5.95,29.84,Frágil,Origen A,Ambiente,Protocolo_2
Embalaje A,78.78,74.52,48.53,41.55,Normal,Origen C,Ambiente,Protocolo_1
Embalaje A,18.79,36.72,13.55,32.61,Normal,Origen D,Ambiente,Protocolo_1
Embalaje A,93.39,80.98,95.42,76.67,Frágil,Origen C,Ambiente,Protocolo_2
Embalaje B,66.88,30.54,79.34,20.15,Frágil,Origen A,Ambiente,Protocolo_2
Embalaje A,35.92,12.56,47.15,46.14,Normal,Origen A,Ambiente,Protocolo_1
Embalaje C,7.48,76.63,30.57,9.34,Normal,Origen D,Refrigerado,Protocolo_1
Embalaje B,34.47,23.53,5.65,66.9,Normal,Origen B,Ambiente,Protocolo_1
Embalaje A,88.49,91.01,59.68,27.13,Normal,Origen D,Refrigerado,Protocolo_1
Embalaje C,96.44,81.99,87.07,97.47,Normal,Origen A,Ambiente,Protocolo_2
Embalaje A,5.8,84.56,15.47,91.97,Normal,Origen B,Ambiente,Protocolo_2
Embalaje B,9.26,64.48,47.35,66.66,Normal,Origen A,Refrigerado,Protocolo_1
Embalaje A,69.01,14.06,26.34,43.57,Frágil,Origen D,Ambiente,Protocolo_2
Embalaje C,11.95,6.11,92.44,78.3,Normal,Origen C,Ambiente,Protocolo_1
Embalaje C,19.46,56.43,72.97,58.22,Frágil,Origen C,Ambiente,Protocolo_2
Embalaje B,16.18,13.82,73.12,8.7,Normal,Origen B,Ambiente,Protocolo_1
Embalaje A,65.98,59.39,29.09,8.12,Normal,Origen B,Ambiente,Protocolo_1
Embalaje A,86.94,40.58,98.33,43.44,Frágil,Origen D,Ambiente,Protocolo_2
Embalaje A,75.98,29.91,86.24,65.6,Normal,Origen B,Ambiente,Protocolo_1
Embalaje B,96.02,58.47,66.77,30.39,Normal,Origen D,Ambiente,Protocolo_1
Embalaje B,72.54,85.43,74.25,52.94,Frágil,Origen A,Ambiente,Protocolo_2
Embalaje A,36.26,58.49,87.31,40.48,Frágil,Origen A,Ambiente,Protocolo_2
Embalaje A,75.92,39.34,92.09,51.17,Normal,Origen C,Ambiente,Protocolo_1
Embalaje B,75.81,23.86,73.35,37.84,Frágil,Origen B,Ambiente,Protocolo_2
Embalaje B,93.03,23.83,67.06,10.71,Normal,Origen B,Ambiente,Protocolo_1
Embalaje A,81.62,65.24,55.15,84.75,Normal,Origen D,Ambiente,Protocolo_2
Embalaje C,43.31,46.64,36.95,90.21,Normal,Origen C,Ambiente,Protocolo_2
Embalaje C,9.53,38.72,70.23,38.14,Normal,Origen C,Ambiente,Protocolo_1
Embalaje A,48.48,38.63,96.86,39.38,Normal,Origen C,Ambiente,Protocolo_1
Embalaje C,27.51,53.28,9.21,23.28,Normal,Origen B,Ambiente,Protocolo_1
Embalaje C,13.13,53.64,85.17,47.47,Frágil,Origen B,Ambiente,Protocolo_2
Embalaje C,74.47,24.71,96.07,44.24,Frágil,Origen C,Ambiente,Protocolo_2
Embalaje B,41.39,64.27,44.99,40.25,Normal,Origen A,Ambiente,Protocolo_1
Embalaje C,6.59,90.07,17.14,90.49,Frágil,Origen C,Ambiente,Protocolo_2
Embalaje A,5.03,87.04,91.42,57.58,Normal,Origen B,Ambiente,Protocolo_1
Embalaje C,72.92,16.6,12.47,41.17,Frágil,Origen D,Ambiente,Protocolo_2
Embalaje B,59.05,13.87,15.65,88.53,Normal,Origen B,Refrigerado,Protocolo_2
Embalaje B,90.03,25.6,14.27,36.18,Normal,Origen C,Ambiente,Protocolo_1
Embalaje B,29.54,45.89,92.98,12.74,Normal,Origen D,Ambiente,Protocolo_1
Embalaje C,6.93,31.03,19.85,7.81,Normal,Origen C,Ambiente,Protocolo_1
Embalaje B,38.85,49.86,37.69,54.73,Normal,Origen A,Ambiente,Protocolo_1
Embalaje B,91.54,58.02,44.4,35.47,Normal,Origen B,Ambiente,Protocolo_1
Embalaje A,20.05,87.66,22.35,69.61,Normal,Origen C,Ambiente,Protocolo_1
Embalaje B,15.88,10.89,43.49,80.1,Normal,Origen A,Ambiente,Protocolo_2
Embalaje B,63.57,54.03,89.14,35.8,Normal,Origen C,Ambiente,Protocolo_1
Embalaje C,90.91,97.5,92.22,93.81,Frágil,Origen D,Ambiente,Protocolo_2
Embalaje C,33.36,32.14,39.72,22.93,Normal,Origen A,Ambiente,Protocolo_1
Embalaje C,29.54,75.95,94.14,6.6,Frágil,Origen A,Ambiente,Protocolo_2
Embalaje C,34.66,68.94,28.26,56.89,Normal,Origen B,Ambiente,Protocolo_1
Embalaje A,84.8,13.8,11.77,92.59,Normal,Origen C,Ambiente,Protocolo_2
Embalaje B,27.81,45.5,45.73,14.84,Normal,Origen B,Ambiente,Protocolo_1
Embalaje C,66.07,71.4,51.57,42.49,Normal,Origen A,Ambiente,Protocolo_1
Embalaje A,73.9,7.73,76.34,86.79,Normal,Origen A,Ambiente,Protocolo_2
Embalaje B,65.36,99.2,64.43,41.7,Normal,Origen B,Ambiente,Protocolo_1
Embalaje A,74.89,92.2,46.87,28.76,Normal,Origen B,Ambiente,Protocolo_1
Embalaje C,89.1,37.69,41.95,25.27,Normal,Origen B,Ambiente,Protocolo_1
Embalaje A,28.66,42.28,54.5,22.97,Normal,Origen D,Ambiente,Protocolo_1
Embalaje B,11.89,59.66,54.41,23.26,Normal,Origen A,Ambiente,Protocolo_1
Embalaje B,69.18,92.27,24.99,46.3,Normal,Origen C,Ambiente,Protocolo_1
Embalaje A,86.17,78.13,39.46,67.9,Normal,Origen A,Ambiente,Protocolo_1
Embalaje A,72.75,29.34,97.66,18.68,Frágil,Origen D,Ambiente,Protocolo_2
Embalaje C,97.37,6.11,70.12,32.33,Frágil,Origen B,Ambiente,Protocolo_2
Embalaje C,40.45,91.65,25.05,71.4,Normal,Origen A,Ambiente,Protocolo_1
Embalaje A,97.23,25.3,16.9,71.17,Normal,Origen D,Refrigerado,Protocolo_1
Embalaje B,42.04,51.97,51.32,70.01,Frágil,Origen A,Ambiente,Protocolo_2
Embalaje A,76.23,41.68,93.52,7.81,Normal,Origen A,Ambiente,Protocolo_1
Embalaje B,98.92,15.69,87.13,77.68,Normal,Origen D,Ambiente,Protocolo_1
Embalaje C,22.26,33.17,57.94,94.29,Normal,Origen B,Ambiente,Protocolo_2
Embalaje C,35.87,7.4,54.97,27.03,Normal,Origen B,Ambiente,Protocolo_1
Embalaje B,68.25,17.52,19.61,74.72,Frágil,Origen D,Ambiente,Protocolo_2
Embalaje C,90.57,40.93,44.09,76.43,Normal,Origen C,Ambiente,Protocolo_1
Embalaje C,58.9,34.22,71.69,76.49,Normal,Origen D,Ambiente,Protocolo_1
Embalaje A,18.25,98.94,75.7,67.14,Normal,Origen B,Ambiente,Protocolo_1
Embalaje C,99.19,98.12,29.98,99.16,Normal,Origen B,Refrigerado,Protocolo_2
Embalaje C,40.06,7.48,80.47,92.56,Normal,Origen A,Ambiente,Protocolo_2
Embalaje C,55.41,45.33,43.61,28.99,Normal,Origen D,Ambiente,Protocolo_1
Embalaje A,92.75,42.71,5.23,52.53,Frágil,Origen D,Ambiente,Protocolo_2
Embalaje A,45.35,62.74,11.2,12.47,Normal,Origen C,Ambiente,Protocolo_1
Embalaje A,58.22,32.95,92.2,77.65,Normal,Origen B,Ambiente,Protocolo_1
Embalaje C,15.12,53.8,85.52,69.19,Normal,Origen B,Ambiente,Protocolo_1
Embalaje A,40.58,44.07,6.62,86.34,Frágil,Origen B,Ambiente,Protocolo_2
Embalaje C,69.73,41.09,87.34,79.36,Normal,Origen D,Ambiente,Protocolo_1
Embalaje C,13.49,89.51,66.64,29.33,Normal,Origen C,Ambiente,Protocolo_1
Embalaje B,92.05,62.9,34.43,4.4,Normal,Origen B,Ambiente,Protocolo_1
Embalaje A,46.72,41.56,30.44,97.89,Normal,Origen A,Ambiente,Protocolo_2
Embalaje C,45.82,43.82,84.79,33.94,Normal,Origen D,Ambiente,Protocolo_1
Embalaje A,49.98,98.24,42.42,32.37,Normal,Origen A,Ambiente,Protocolo_1
Embalaje A,65.74,7.42,99.68,59.42,Frágil,Origen B,Ambiente,Protocolo_2
Embalaje B,96.21,73.0,25.26,80.87,Normal,Origen B,Ambiente,Protocolo_2
Embalaje A,47.19,70.7,92.93,3.86,Normal,Origen C,Ambiente,Protocolo_1
Embalaje C,61.73,52.55,76.6,20.96,Normal,Origen C,Ambiente,Protocolo_1
Embalaje A,43.7,8.16,73.9,66.93,Normal,Origen D,Ambiente,Protocolo_1
Embalaje A,51.93,56.97,15.33,86.6,Normal,Origen D,Ambiente,Protocolo_2
Embalaje A,72.77,87.31,17.85,94.72,Normal,Origen B,Ambiente,Protocolo_2
Embalaje C,56.76,92.24,78.38,34.78,Frágil,Origen D,Ambiente,Protocolo_2
Embalaje C,97.46,5.9,81.37,97.06,Normal,Origen D,Ambiente,Protocolo_2
Embalaje B,37.13,25.8,42.7,35.89,Normal,Origen B,Ambiente,Protocolo_1
Embalaje A,27.45,35.67,72.52,30.9,Normal,Origen C,Ambiente,Protocolo_1
Embalaje B,18.79,80.6,96.45,36.14,Normal,Origen C,Ambiente,Protocolo_1
Embalaje C,42.93,65.95,65.61,59.17,Normal,Origen B,Ambiente,Protocolo_1
Embalaje B,44.04,30.4,8.16,11.85,Normal,Origen A,Ambiente,Protocolo_1
Embalaje B,17.63,38.52,27.68,16.71,Normal,Origen D,Ambiente,Protocolo_1
Embalaje B,19.03,95.8,75.58,83.42,Normal,Origen D,Ambiente,Protocolo_2
Embalaje A,68.91,96.77,26.08,91.46,Normal,Origen A,Ambiente,Protocolo_2
Embalaje C,72.18,64.46,62.61,58.67,Normal,Origen B,Ambiente,Protocolo_1
Embalaje C,32.36,44.23,18.92,71.52,Normal,Origen D,Ambiente,Protocolo_1
Embalaje C,64.12,65.87,73.22,30.41,Frágil,Origen D,Ambiente,Protocolo_2
Embalaje A,10.3,77.1,90.5,5.22,Normal,Origen D,Ambiente,Protocolo_1
Embalaje A,56.42,53.43,40.03,39.91,Normal,Origen C,Ambiente,Protocolo_1
Embalaje B,41.11,9.98,66.44,1.06,Normal,Origen A,Ambiente,Protocolo_1
Embalaje B,61.22,78.66,9.09,65.36,Normal,Origen C,Ambiente,Protocolo_1
Embalaje A,57.48,31.68,97.25,55.25,Normal,Origen D,Ambiente,Protocolo_1
Embalaje C,95.91,77.41,68.92,89.85,Normal,Origen D,Ambiente,Protocolo_2
Embalaje A,10.86,26.35,33.64,79.67,Normal,Origen C,Ambiente,Protocolo_1
Embalaje C,89.58,90.92,35.1,83.48,Normal,Origen A,Ambiente,Protocolo_2
Embalaje C,22.78,50.22,14.88,63.1,Normal,Origen B,Ambiente,Protocolo_1
Embalaje A,14.83,56.35,78.15,85.97,Normal,Origen C,Ambiente,Protocolo_2
Embalaje C,33.27,54.56,92.59,47.04,Frágil,Origen B,Ambiente,Protocolo_2
Embalaje C,12.35,11.25,52.47,99.78,Normal,Origen B,Ambiente,Protocolo_2
Embalaje B,48.35,95.23,28.9,1.47,Normal,Origen D,Ambiente,Protocolo_1
Embalaje A,40.11,52.89,96.67,74.24,Normal,Origen B,Refrigerado,Protocolo_1
Embalaje A,68.48,9.62,34.21,99.53,Normal,Origen A,Ambiente,Protocolo_2
Embalaje C,6.07,6.11,8.94,11.68,Normal,Origen A,Ambiente,Protocolo_1
Embalaje C,35.45,92.32,87.12,3.39,Frágil,Origen C,Ambiente,Protocolo_2
Embalaje A,7.5,88.22,37.67,87.17,Normal,Origen C,Ambiente,Protocolo_2
Embalaje A,69.5,46.41,41.79,23.68,Normal,Origen C,Ambiente,Protocolo_1
Embalaje C,10.93,36.43,40.34,13.67,Normal,Origen A,Ambiente,Protocolo_1
Embalaje B,51.45,16.74,8.35,63.17,Frágil,Origen C,Ambiente,Protocolo_2
Embalaje A,73.32,50.12,17.5,35.3,Normal,Origen A,Refrigerado,Protocolo_1
Embalaje C,39.33,51.51,93.85,84.92,Frágil,Origen B,Ambiente,Protocolo_2
Embalaje A,74.64,81.47,99.25,17.69,Normal,Origen A,Ambiente,Protocolo_1
Embalaje C,46.2,18.43,99.69,83.77,Normal,Origen A,Ambiente,Protocolo_2
Embalaje B,26.3,45.23,93.89,80.57,Normal,Origen C,Ambiente,Protocolo_2
Embalaje B,67.39,10.38,12.71,65.7,Normal,Origen B,Ambiente,Protocolo_1
Embalaje B,87.47,15.46,36.72,71.33,Normal,Origen B,Ambiente,Protocolo_1
Embalaje A,90.07,12.98,50.69,20.18,Normal,Origen C,Ambiente,Protocolo_1
Embalaje A,67.44,49.89,66.41,87.45,Normal,Origen D,Ambiente,Protocolo_2
Embalaje B,63.1,70.56,13.15,22.62,Normal,Origen C,Refrigerado,Protocolo_1
Embalaje A,74.08,68.34,24.87,54.87,Normal,Origen C,Ambiente,Protocolo_1
Embalaje C,76.58,14.26,28.13,32.62,Normal,Origen A,Ambiente,Protocolo_1
Embalaje C,97.65,6.46,54.03,15.79,Frágil,Origen D,Ambiente,Protocolo_2
Embalaje A,34.27,93.79,12.06,45.53,Normal,Origen A,Ambiente,Protocolo_1
Embalaje C,52.52,79.27,10.05,34.61,Normal,Origen A,Ambiente,Protocolo_1
Embalaje A,54.95,19.81,97.18,89.18,Normal,Origen B,Ambiente,Protocolo_2
Embalaje C,74.09,70.12,62.27,67.4,Normal,Origen D,Ambiente,Protocolo_1
Embalaje C,19.57,58.57,32.37,30.78,Normal,Origen B,Ambiente,Protocolo_1
Embalaje C,69.44,78.15,40.59,2.89,Frágil,Origen A,Ambiente,Protocolo_2
Embalaje A,28.71,76.56,84.21,20.97,Normal,Origen B,Ambiente,Protocolo_1
Embalaje C,76.15,36.13,89.95,97.8,Frágil,Origen C,Ambiente,Protocolo_2
Embalaje A,42.11,76.64,8.06,81.98,Frágil,Origen A,Ambiente,Protocolo_2
Embalaje C,99.6,73.47,70.28,22.98,Normal,Origen D,Refrigerado,Protocolo_1
Embalaje B,96.45,46.96,35.82,8.32,Normal,Origen C,Ambiente,Protocolo_1
Embalaje B,68.15,76.11,62.16,64.29,Normal,Origen D,Ambiente,Protocolo_1
Embalaje A,88.23,22.65,43.42,74.3,Normal,Origen D,Ambiente,Protocolo_1
Embalaje A,7.6,88.78,94.57,49.4,Normal,Origen B,Ambiente,Protocolo_1
Embalaje A,58.96,34.84,6.27,6.82,Normal,Origen C,Ambiente,Protocolo_1
Embalaje B,23.85,24.43,68.69,54.4,Normal,Origen D,Ambiente,Protocolo_1
Embalaje C,23.33,58.0,51.55,78.7,Normal,Origen A,Ambiente,Protocolo_1
Embalaje C,26.99,59.13,63.32,36.21,Normal,Origen B,Ambiente,Protocolo_1
Embalaje C,66.04,26.17,73.0,81.45,Normal,Origen D,Ambiente,Protocolo_2
Embalaje B,11.44,40.16,66.69,20.26,Frágil,Origen C,Ambiente,Protocolo_2
Embalaje A,97.49,91.95,79.45,7.98,Normal,Origen A,Ambiente,Protocolo_1
Embalaje A,93.16,73.54,36.53,25.76,Normal,Origen D,Ambiente,Protocolo_1
Embalaje C,44.14,58.17,11.8,90.81,Frágil,Origen B,Ambiente,Protocolo_2
Embalaje C,44.76,45.1,90.05,80.28,Normal,Origen B,Ambiente,Protocolo_2
Embalaje B,84.94,94.84,23.81,47.39,Normal,Origen D,Ambiente,Protocolo_1
Embalaje C,70.18,19.95,70.06,34.95,Frágil,Origen C,Ambiente,Protocolo_2
Embalaje B,13.14,15.51,82.62,60.91,Normal,Origen A,Ambiente,Protocolo_1
Embalaje A,59.92,79.96,61.12,24.42,Normal,Origen A,Ambiente,Protocolo_1
Embalaje A,78.38,91.05,20.65,25.09,Normal,Origen C,Ambiente,Protocolo_1
Embalaje B,23.17,72.08,5.5,34.29,Normal,Origen C,Ambiente,Protocolo_1
Embalaje B,70.61,73.98,9.67,86.78,Frágil,Origen B,Ambiente,Protocolo_2
Embalaje C,87.44,98.59,66.7,58.03,Normal,Origen C,Ambiente,Protocolo_1
Embalaje C,37.48,83.36,87.49,19.34,Normal,Origen A,Ambiente,Protocolo_1
Embalaje A,99.62,88.51,54.64,29.11,Normal,Origen B,Ambiente,Protocolo_1
Embalaje A,42.63,71.16,73.78,92.21,Normal,Origen B,Refrigerado,Protocolo_2
Embalaje B,80.73,82.27,5.35,87.12,Normal,Origen A,Ambiente,Protocolo_2
Embalaje A,70.86,49.3,50.71,2.08,Normal,Origen B,Ambiente,Protocolo_1
Embalaje B,54.73,76.39,31.18,19.58,Normal,Origen B,Ambiente,Protocolo_1
Embalaje A,17.58,57.47,62.4,6.5,Normal,Origen A,Ambiente,Protocolo_1
Embalaje A,48.36,39.21,67.31,82.49,Frágil,Origen A,Ambiente,Protocolo_2
Embalaje C,51.84,90.44,17.54,71.06,Normal,Origen D,Ambiente,Protocolo_1
Embalaje B,46.22,82.99,56.21,96.24,Frágil,Origen A,Refrigerado,Protocolo_2
Embalaje C,91.02,80.53,62.39,14.0,Normal,Origen D,Ambiente,Protocolo_1
Embalaje A,9.48,39.91,34.49,21.82,Frágil,Origen B,Ambiente,Protocolo_2
Embalaje A,98.63,7.85,66.63,26.31,Frágil,Origen C,Ambiente,Protocolo_2
Embalaje B,56.69,37.12,61.02,20.26,Normal,Origen D,Ambiente,Protocolo_1
Embalaje A,83.53,39.97,75.38,64.2,Normal,Origen D,Ambiente,Protocolo_1
Embalaje B,93.06,29.3,9.13,15.3,Normal,Origen A,Ambiente,Protocolo_1
Embalaje A,87.19,21.96,81.43,9.14,Normal,Origen B,Ambiente,Protocolo_1
Embalaje B,81.53,25.71,63.2,35.39,Normal,Origen B,Ambiente,Protocolo_1
Embalaje C,11.02,10.9,26.21,19.44,Normal,Origen C,Ambiente,Protocolo_1
Embalaje C,48.72,29.26,25.79,42.25,Normal,Origen A,Ambiente,Protocolo_1
Embalaje B,45.27,5.5,21.04,72.92,Normal,Origen C,Refrigerado,Protocolo_1
Embalaje A,51.89,16.48,94.53,25.89,Normal,Origen B,Ambiente,Protocolo_1
Embalaje C,95.24,29.1,92.62,55.42,Normal,Origen B,Ambiente,Protocolo_1
Embalaje C,87.29,98.13,52.1,65.74,Normal,Origen B,Ambiente,Protocolo_1
Embalaje A,39.2,84.01,20.16,87.71,Normal,Origen D,Ambiente,Protocolo_2
Embalaje B,61.24,58.14,11.65,84.25,Normal,Origen B,Ambiente,Protocolo_2
Embalaje A,32.61,18.52,5.47,61.68,Normal,Origen D,Ambiente,Protocolo_1
Embalaje A,30.77,94.89,51.62,79.74,Normal,Origen C,Ambiente,Protocolo_1
Embalaje B,47.68,11.33,82.55,19.41,Normal,Origen A,Ambiente,Protocolo_1
Embalaje A,16.06,96.78,90.47,73.44,Normal,Origen A,Ambiente,Protocolo_1
Embalaje A,73.83,69.89,29.5,16.89,Normal,Origen B,Ambiente,Protocolo_1
Embalaje C,90.03,87.14,23.08,25.45,Normal,Origen B,Ambiente,Protocolo_1
Embalaje C,41.35,73.07,44.74,1.75,Normal,Origen B,Ambiente,Protocolo_1
Embalaje B,16.24,8.78,83.3,77.63,Frágil,Origen A,Ambiente,Protocolo_2
Embalaje A,59.84,29.75,8.94,14.82,Frágil,Origen C,Ambiente,Protocolo_2
Embalaje C,69.2,86.2,99.66,57.09,Normal,Origen B,Refrigerado,Protocolo_1
Embalaje B,99.12,89.05,17.26,28.77,Frágil,Origen B,Ambiente,Protocolo_2
Embalaje C,10.67,21.71,35.4,88.86,Normal,Origen B,Refrigerado,Protocolo_2
Embalaje A,78.28,89.22,37.41,19.55,Normal,Origen A,Ambiente,Protocolo_1
Embalaje B,58.72,42.13,30.29,44.36,Frágil,Origen C,Ambiente,Protocolo_2
Embalaje B,84.99,98.93,29.77,49.46,Frágil,Origen B,Ambiente,Protocolo_2
Embalaje C,39.91,88.23,16.13,3.07,Normal,Origen A,Ambiente,Protocolo_1
Embalaje B,30.37,30.41,38.87,90.12,Normal,Origen D,Ambiente,Protocolo_2
Embalaje A,35.73,34.99,39.22,96.85,Normal,Origen B,Ambiente,Protocolo_2
Embalaje A,46.57,90.78,27.4,10.6,Normal,Origen A,Ambiente,Protocolo_1
Embalaje A,65.92,95.92,31.55,40.87,Normal,Origen C,Ambiente,Protocolo_1
Embalaje B,21.63,33.17,58.86,89.66,Normal,Origen C,Ambiente,Protocolo_2
Embalaje A,91.14,9.84,17.37,90.41,Normal,Origen B,Ambiente,Protocolo_2
Embalaje C,26.52,76.08,97.42,37.78,Normal,Origen A,Ambiente,Protocolo_1
Embalaje C,53.6,97.78,35.41,44.22,Normal,Origen A,Ambiente,Protocolo_1
Embalaje B,93.59,23.63,42.37,18.31,Normal,Origen A,Ambiente,Protocolo_1
Embalaje A,10.03,20.89,48.85,49.42,Frágil,Origen A,Ambiente,Protocolo_2
Embalaje B,67.7,33.13,17.17,13.85,Normal,Origen A,Ambiente,Protocolo_1
Embalaje B,50.67,61.89,55.94,78.24,Normal,Origen D,Ambiente,Protocolo_1
Embalaje A,5.56,39.23,7.33,77.67,Frágil,Origen D,Ambiente,Protocolo_2
Embalaje B,97.27,67.31,68.21,26.48,Normal,Origen B,Ambiente,Protocolo_1
Embalaje C,42.6,96.15,7.43,63.88,Normal,Origen C,Ambiente,Protocolo_1
Embalaje C,41.05,47.57,92.58,48.41,Normal,Origen D,Ambiente,Protocolo_1
Embalaje C,16.13,84.26,18.67,63.38,Normal,Origen D,Ambiente,Protocolo_1
Embalaje C,83.13,85.12,17.34,71.07,Normal,Origen A,Ambiente,Protocolo_1
Embalaje A,94.07,30.24,87.17,99.31,Normal,Origen C,Ambiente,Protocolo_2
Embalaje B,37.49,29.97,42.28,35.35,Normal,Origen D,Ambiente,Protocolo_1
Embalaje B,49.15,39.35,75.31,98.5,Frágil,Origen B,Ambiente,Protocolo_2
Embalaje B,38.49,17.59,31.32,1.79,Normal,Origen D,Refrigerado,Protocolo_1
Embalaje C,46.59,79.77,61.99,62.71,Frágil,Origen B,Ambiente,Protocolo_2
Embalaje A,58.12,48.87,94.33,59.09,Normal,Origen C,Ambiente,Protocolo_1
Embalaje C,62.81,63.85,33.77,7.24,Normal,Origen D,Refrigerado,Protocolo_1
Embalaje C,23.31,42.59,17.94,19.37,Normal,Origen C,Ambiente,Protocolo_1
Embalaje B,32.85,16.5,79.83,12.13,Normal,Origen B,Ambiente,Protocolo_1
Embalaje A,75.55,82.71,56.53,80.46,Normal,Origen D,Ambiente,Protocolo_2
Embalaje A,50.91,61.31,65.8,14.57,Normal,Origen B,Ambiente,Protocolo_1
Embalaje B,71.97,40.99,91.32,12.34,Normal,Origen B,Ambiente,Protocolo_1
Embalaje C,95.2,79.25,74.82,64.56,Normal,Origen B,Ambiente,Protocolo_1
Embalaje C,79.61,96.51,60.07,55.11,Normal,Origen B,Ambiente,Protocolo_1
Embalaje C,91.44,38.47,51.74,15.28,Normal,Origen D,Ambiente,Protocolo_1
Embalaje B,31.77,36.19,42.78,19.39,Normal,Origen C,Ambiente,Protocolo_1
Embalaje C,31.02,5.42,20.75,72.94,Frágil,Origen D,Ambiente,Protocolo_2
Embalaje A,53.81,22.24,64.71,32.34,Frágil,Origen D,Ambiente,Protocolo_2
Embalaje A,52.83,54.63,83.44,61.65,Normal,Origen B,Ambiente,Protocolo_1
Embalaje A,52.77,19.33,6.95,93.2,Normal,Origen A,Ambiente,Protocolo_2
Embalaje A,37.15,43.2,98.47,77.93,Normal,Origen C,Ambiente,Protocolo_1
Embalaje C,15.19,84.61,17.01,52.22,Normal,Origen C,Ambiente,Protocolo_1
Embalaje B,19.81,57.27,22.81,69.23,Normal,Origen D,Ambiente,Protocolo_1
Embalaje C,14.6,47.88,59.3,78.66,Normal,Origen B,Ambiente,Protocolo_1
Embalaje B,85.3,60.89,79.19,23.6,Normal,Origen A,Ambiente,Protocolo_1
Embalaje B,76.57,38.46,88.55,23.3,Frágil,Origen C,Ambiente,Protocolo_2
Embalaje C,82.83,94.2,30.39,75.23,Frágil,Origen A,Ambiente,Protocolo_2
Embalaje A,65.79,53.57,85.16,61.79,Frágil,Origen D,Ambiente,Protocolo_2
Embalaje C,72.2,75.67,51.17,51.63,Frágil,Origen B,Ambiente,Protocolo_2
Embalaje C,71.03,40.78,82.42,55.77,Normal,Origen C,Refrigerado,Protocolo_1
Embalaje C,50.64,44.79,34.08,52.28,Normal,Origen B,Ambiente,Protocolo_1
Embalaje A,64.98,39.84,81.36,22.44,Normal,Origen C,Ambiente,Protocolo_1
Embalaje A,46.35,89.59,76.63,72.95,Frágil,Origen B,Ambiente,Protocolo_2
Embalaje C,22.5,16.18,96.79,37.59,Normal,Origen A,Ambiente,Protocolo_1
Embalaje C,21.77,96.3,85.59,98.81,Normal,Origen A,Ambiente,Protocolo_2
Embalaje A,96.98,6.34,15.05,30.09,Normal,Origen A,Ambiente,Protocolo_1
Embalaje B,9.56,35.89,83.2,64.13,Normal,Origen D,Ambiente,Protocolo_1
Embalaje C,36.91,61.27,22.05,58.28,Frágil,Origen D,Ambiente,Protocolo_2
Embalaje C,10.31,98.51,45.05,33.73,Normal,Origen D,Ambiente,Protocolo_1
Embalaje A,68.93,88.87,42.98,69.83,Normal,Origen B,Refrigerado,Protocolo_1
Embalaje C,70.46,54.94,21.95,49.78,Frágil,Origen B,Ambiente,Protocolo_2
Embalaje B,30.8,90.16,78.9,19.7,Normal,Origen B,Ambiente,Protocolo_1
Embalaje A,5.4,46.07,15.64,29.19,Normal,Origen D,Ambiente,Protocolo_1
Embalaje C,91.37,94.18,88.43,76.99,Normal,Origen C,Refrigerado,Protocolo_1
Embalaje B,12.89,97.23,57.55,95.48,Normal,Origen D,Ambiente,Protocolo_2
Embalaje B,36.39,30.17,91.85,89.28,Normal,Origen B,Ambiente,Protocolo_2
Embalaje C,71.69,97.72,98.38,38.74,Normal,Origen A,Ambiente,Protocolo_1
Embalaje A,88.45,39.18,98.21,94.59,Normal,Origen D,Ambiente,Protocolo_2
Embalaje B,64.97,65.73,79.24,24.68,Normal,Origen B,Ambiente,Protocolo_1
Embalaje C,62.15,77.62,8.93,21.09,Normal,Origen D,Ambiente,Protocolo_1
Embalaje C,51.31,54.93,93.74,7.14,Normal,Origen A,Ambiente,Protocolo_1
Embalaje C,8.4,73.87,26.22,27.58,Normal,Origen D,Ambiente,Protocolo_1
Embalaje C,73.42,18.83,83.16,27.28,Normal,Origen C,Ambiente,Protocolo_1
Embalaje A,23.27,18.96,48.33,65.25,Normal,Origen A,Ambiente,Protocolo_1
Embalaje A,5.19,43.04,99.59,95.47,Normal,Origen D,Ambiente,Protocolo_2
Embalaje C,46.65,34.09,93.93,86.4,Normal,Origen D,Ambiente,Protocolo_2
Embalaje B,80.59,11.52,27.12,29.63,Normal,Origen B,Ambiente,Protocolo_1
Embalaje A,69.94,48.92,21.99,67.7,Normal,Origen B,Ambiente,Protocolo_1
Embalaje C,64.34,89.19,74.27,51.37,Normal,Origen B,Ambiente,Protocolo_1
Embalaje A,10.24,41.42,86.41,43.38,Normal,Origen A,Ambiente,Protocolo_1
Embalaje A,62.77,44.04,91.96,47.09,Normal,Origen B,Ambiente,Protocolo_1
Embalaje A,70.82,39.26,70.5,5.37,Normal,Origen A,Ambiente,Protocolo_1
Embalaje B,21.15,88.68,87.82,13.85,Normal,Origen B,Ambiente,Protocolo_1
Embalaje B,53.79,29.35,68.43,74.45,Normal,Origen C,Ambiente,Protocolo_1
Embalaje A,91.98,81.59,48.99,38.9,Frágil,Origen B,Ambiente,Protocolo_2
Embalaje A,20.09,86.57,84.32,42.87,Normal,Origen C,Ambiente,Protocolo_1
Embalaje A,30.6,31.29,91.68,75.37,Normal,Origen B,Ambiente,Protocolo_1
Embalaje B,89.87,36.59,60.71,65.21,Normal,Origen B,Ambiente,Protocolo_1
Embalaje B,37.82,60.46,23.84,40.46,Normal,Origen D,Ambiente,Protocolo_1
Embalaje C,88.61,78.92,29.03,2.39,Normal,Origen C,Ambiente,Protocolo_1
Embalaje A,13.59,76.18,66.2,97.66,Normal,Origen B,Ambiente,Protocolo_2
Embalaje B,86.6,29.51,90.47,40.85,Normal,Origen D,Ambiente,Protocolo_1
Embalaje A,18.23,85.24,46.75,68.92,Normal,Origen A,Refrigerado,Protocolo_1
Embalaje C,46.68,5.71,88.42,98.69,Frágil,Origen C,Refrigerado,Protocolo_2
Embalaje A,58.22,49.2,93.29,16.57,Frágil,Origen A,Ambiente,Protocolo_2
Embalaje A,34.88,77.47,22.87,77.79,Normal,Origen A,Ambiente,Protocolo_1
Embalaje A,59.46,71.73,69.36,23.75,Normal,Origen B,Ambiente,Protocolo_1
Embalaje B,36.61,61.0,94.44,56.74,Frágil,Origen D,Ambiente,Protocolo_2
Embalaje C,72.53,54.28,20.19,98.9,Normal,Origen A,Ambiente,Protocolo_2
Embalaje C,55.19,59.33,99.23,11.78,Normal,Origen B,Refrigerado,Protocolo_1
Embalaje C,9.29,58.95,51.29,64.99,Frágil,Origen A,Ambiente,Protocolo_2
Embalaje C,60.06,21.61,78.07,33.21,Frágil,Origen D,Ambiente,Protocolo_2
Embalaje A,41.18,9.67,97.31,65.08,Normal,Origen A,Refrigerado,Protocolo_1
Embalaje B,38.58,70.93,56.3,26.55,Normal,Origen A,Ambiente,Protocolo_1
Embalaje C,19.73,38.88,19.27,50.92,Normal,Origen D,Ambiente,Protocolo_1
Embalaje C,17.95,57.88,33.25,18.38,Normal,Origen A,Refrigerado,Protocolo_1
Embalaje B,61.02,65.27,35.75,86.99,Frágil,Origen C,Ambiente,Protocolo_2
Embalaje B,93.03,88.72,23.3,57.96,Normal,Origen C,Ambiente,Protocolo_1
Embalaje A,28.04,88.75,80.71,37.93,Normal,Origen D,Ambiente,Protocolo_1
Embalaje B,14.6,36.75,58.1,8.58,Frágil,Origen B,Ambiente,Protocolo_2
Embalaje B,86.3,89.76,36.76,79.96,Normal,Origen C,Refrigerado,Protocolo_1
Embalaje B,65.93,55.23,73.73,11.09,Normal,Origen D,Ambiente,Protocolo_1
Embalaje B,22.12,50.55,56.18,83.54,Normal,Origen B,Ambiente,Protocolo_2
Embalaje C,6.89,62.12,23.25,22.2,Normal,Origen A,Ambiente,Protocolo_1
Embalaje A,94.61,32.83,18.76,69.46,Normal,Origen C,Ambiente,Protocolo_1
Embalaje C,33.14,19.58,95.78,8.72,Normal,Origen C,Ambiente,Protocolo_1
Embalaje A,18.91,20.98,54.69,95.31,Normal,Origen A,Ambiente,Protocolo_2
Embalaje C,61.41,48.72,30.87,13.9,Normal,Origen A,Ambiente,Protocolo_1
Embalaje B,28.02,37.57,66.81,15.88,Frágil,Origen B,Ambiente,Protocolo_2
Embalaje C,65.34,76.56,30.54,84.17,Normal,Origen A,Ambiente,Protocolo_2
Embalaje C,68.57,78.43,91.48,49.07,Normal,Origen A,Ambiente,Protocolo_1
Embalaje C,44.64,13.26,63.97,14.86,Normal,Origen C,Ambiente,Protocolo_1
Embalaje C,76.73,76.55,8.44,67.74,Normal,Origen A,Ambiente,Protocolo_1
Embalaje A,82.76,24.25,40.41,77.15,Normal,Origen C,Ambiente,Protocolo_1
Embalaje B,93.44,54.68,95.34,87.32,Normal,Origen D,Ambiente,Protocolo_2
Embalaje C,88.33,6.6,5.35,68.73,Normal,Origen B,Ambiente,Protocolo_1
Embalaje C,18.34,55.4,27.8,21.24,Normal,Origen D,Ambiente,Protocolo_1
Embalaje B,63.3,47.19,68.4,56.1,Normal,Origen D,Refrigerado,Protocolo_1
Embalaje A,14.58,45.24,41.06,17.61,Normal,Origen B,Ambiente,Protocolo_1
Embalaje C,99.91,5.46,28.37,12.14,Normal,Origen A,Ambiente,Protocolo_1
Embalaje A,83.14,85.36,55.83,63.69,Normal,Origen C,Ambiente,Protocolo_1
Embalaje B,39.6,44.04,47.15,52.43,Normal,Origen D,Ambiente,Protocolo_1
Embalaje C,57.23,94.86,87.2,2.88,Normal,Origen A,Ambiente,Protocolo_1
Embalaje C,62.77,45.52,65.17,49.44,Normal,Origen A,Refrigerado,Protocolo_1
Embalaje A,10.96,45.14,71.38,76.68,Normal,Origen B,Ambiente,Protocolo_1
Embalaje A,96.37,25.91,86.85,72.54,Frágil,Origen A,Ambiente,Protocolo_2
Embalaje B,12.95,55.58,7.58,3.21,Frágil,Origen A,Ambiente,Protocolo_2
Embalaje A,13.42,31.73,55.76,36.06,Frágil,Origen C,Ambiente,Protocolo_2
Embalaje C,49.89,55.44,99.36,80.73,Normal,Origen A,Refrigerado,Protocolo_2
Embalaje C,64.69,99.87,40.72,19.54,Normal,Origen A,Ambiente,Protocolo_1
Embalaje C,28.27,79.15,87.22,39.85,Normal,Origen D,Ambiente,Protocolo_1
Embalaje B,78.24,92.84,38.36,38.77,Frágil,Origen D,Refrigerado,Protocolo_2
Embalaje C,45.88,18.89,25.85,59.33,Frágil,Origen A,Ambiente,Protocolo_2
Embalaje C,43.76,78.71,89.81,82.64,Normal,Origen C,Refrigerado,Protocolo_2
Embalaje C,72.8,83.59,40.28,52.58,Normal,Origen B,Ambiente,Protocolo_1
Embalaje C,38.6,95.32,44.48,55.25,Normal,Origen A,Ambiente,Protocolo_1
Embalaje B,60.54,77.84,36.27,72.52,Normal,Origen B,Ambiente,Protocolo_1
Embalaje A,86.12,45.13,88.62,19.17,Normal,Origen D,Ambiente,Protocolo_1
Embalaje B,88.82,16.79,24.33,16.71,Normal,Origen D,Ambiente,Protocolo_1
Embalaje B,83.24,99.26,90.23,94.48,Frágil,Origen A,Ambiente,Protocolo_2
Embalaje C,9.25,35.02,67.74,94.59,Frágil,Origen A,Ambiente,Protocolo_2
Embalaje C,54.73,41.97,31.41,91.02,Normal,Origen B,Ambiente,Protocolo_2
Embalaje A,69.64,6.86,44.9,38.73,Normal,Origen D,Ambiente,Protocolo_1
Embalaje C,62.37,79.1,24.42,66.66,Normal,Origen B,Ambiente,Protocolo_1
Embalaje B,64.45,91.2,93.54,79.53,Normal,Origen B,Ambiente,Protocolo_1
Embalaje B,86.1,70.1,56.5,3.46,Normal,Origen B,Refrigerado,Protocolo_1
Embalaje A,83.33,80.57,85.66,23.47,Normal,Origen D,Ambiente,Protocolo_1
Embalaje A,6.93,30.07,67.15,10.31,Normal,Origen C,Ambiente,Protocolo_1
Embalaje B,29.5,96.45,85.28,5.75,Normal,Origen A,Refrigerado,Protocolo_1
Embalaje C,23.77,14.18,9.97,75.6,Normal,Origen D,Ambiente,Protocolo_1
Embalaje C,53.52,92.93,98.71,85.68,Normal,Origen A,Ambiente,Protocolo_2
Embalaje A,24.73,66.33,98.72,76.68,Normal,Origen B,Ambiente,Protocolo_1
Embalaje C,28.61,85.77,97.1,50.73,Normal,Origen C,Ambiente,Protocolo_1
Embalaje A,87.63,17.99,11.43,93.5,Normal,Origen C,Ambiente,Protocolo_2
Embalaje B,29.12,86.93,63.69,4.86,Normal,Origen C,Ambiente,Protocolo_1
Embalaje B,90.73,82.67,26.86,50.37,Frágil,Origen A,Ambiente,Protocolo_2
Embalaje A,65.76,68.7,60.98,5.21,Normal,Origen A,Ambiente,Protocolo_1
Embalaje B,85.45,17.34,70.2,57.34,Normal,Origen D,Ambiente,Protocolo_1
Embalaje B,35.63,47.74,67.86,36.8,Normal,Origen A,Ambiente,Protocolo_1
Embalaje B,46.48,37.69,53.71,15.21,Normal,Origen D,Ambiente,Protocolo_1
Embalaje B,54.02,27.7,52.43,28.1,Normal,Origen D,Ambiente,Protocolo_1
Embalaje A,48.65,36.87,41.67,57.56,Normal,Origen D,Ambiente,Protocolo_1
Embalaje C,11.02,10.46,26.53,40.57,Normal,Origen B,Ambiente,Protocolo_1
Embalaje B,99.78,7.08,15.34,13.83,Normal,Origen A,Ambiente,Protocolo_1
Embalaje A,95.68,13.77,92.22,74.8,Normal,Origen B,Ambiente,Protocolo_1
Embalaje B,88.71,5.54,17.99,72.98,Frágil,Origen B,Ambiente,Protocolo_2
Embalaje C,50.34,78.74,41.24,43.81,Normal,Origen C,Ambiente,Protocolo_1
Embalaje C,34.5,43.79,63.7,62.72,Normal,Origen C,Ambiente,Protocolo_1
Embalaje B,23.69,66.96,78.34,34.79,Frágil,Origen A,Ambiente,Protocolo_2
Embalaje C,6.11,57.54,34.69,33.93,Frágil,Origen B,Ambiente,Protocolo_2
Embalaje A,84.89,47.81,71.7,92.29,Normal,Origen C,Ambiente,Protocolo_2
Embalaje A,12.1,53.35,78.3,10.98,Normal,Origen D,Ambiente,Protocolo_1
Embalaje B,82.15,18.32,85.48,75.69,Frágil,Origen B,Ambiente,Protocolo_2
Embalaje B,32.01,23.45,27.61,2.73,Normal,Origen B,Refrigerado,Protocolo_1
Embalaje A,45.71,17.31,93.09,92.47,Frágil,Origen C,Ambiente,Protocolo_2
Embalaje A,25.13,46.41,14.81,58.5,Normal,Origen A,Ambiente,Protocolo_1
Embalaje A,8.62,87.86,10.21,24.2,Normal,Origen C,Ambiente,Protocolo_1
Embalaje A,60.58,68.46,66.2,83.48,Normal,Origen A,Ambiente,Protocolo_2
Embalaje B,57.36,10.22,86.99,40.3,Normal,Origen C,Ambiente,Protocolo_1
Embalaje C,60.78,30.37,54.96,1.87,Normal,Origen C,Ambiente,Protocolo_1
Embalaje B,84.89,22.69,66.3,67.84,Normal,Origen B,Ambiente,Protocolo_1
Embalaje C,13.19,27.68,9.02,91.37,Frágil,Origen C,Ambiente,Protocolo_2
Embalaje C,39.5,92.33,72.1,82.27,Normal,Origen C,Ambiente,Protocolo_2
Embalaje A,20.25,55.1,28.72,19.55,Normal,Origen A,Ambiente,Protocolo_1
Embalaje A,58.5,61.08,62.8,32.1,Frágil,Origen A,Refrigerado,Protocolo_2
Embalaje B,37.49,89.99,54.92,5.75,Normal,Origen B,Ambiente,Protocolo_1
Embalaje C,21.86,11.89,15.71,87.41,Normal,Origen B,Ambiente,Protocolo_2
Embalaje C,90.4,97.23,39.4,39.75,Normal,Origen A,Ambiente,Protocolo_1
Embalaje B,52.49,81.98,70.65,48.72,Normal,Origen A,Ambiente,Protocolo_1
Embalaje A,57.24,98.96,97.85,36.53,Normal,Origen B,Ambiente,Protocolo_1
Embalaje A,48.99,10.15,43.23,76.45,Normal,Origen A,Ambiente,Protocolo_1
Embalaje A,13.57,54.18,29.26,15.92,Frágil,Origen D,Ambiente,Protocolo_2
Embalaje C,10.64,44.39,66.69,36.82,Normal,Origen B,Ambiente,Protocolo_1
Embalaje B,5.49,25.58,62.22,95.83,Normal,Origen A,Refrigerado,Protocolo_2
Embalaje C,44.35,60.15,26.38,39.25,Normal,Origen A,Ambiente,Protocolo_1
Embalaje C,93.5,31.43,68.52,23.03,Normal,Origen B,Ambiente,Protocolo_1
Embalaje A,66.0,96.58,71.05,39.25,Normal,Origen A,Ambiente,Protocolo_1
Embalaje B,64.39,17.78,18.53,97.83,Frágil,Origen B,Ambiente,Protocolo_2
Embalaje A,9.64,57.47,48.59,92.9,Normal,Origen D,Ambiente,Protocolo_2
Embalaje C,41.61,21.65,67.32,67.05,Normal,Origen B,Ambiente,Protocolo_1
Embalaje A,54.04,55.99,80.63,34.63,Normal,Origen B,Ambiente,Protocolo_1
Embalaje A,60.52,66.57,52.79,77.83,Normal,Origen C,Ambiente,Protocolo_1
Embalaje A,27.15,44.4,5.42,63.41,Normal,Origen C,Ambiente,Protocolo_1
Embalaje A,80.49,82.8,73.19,38.48,Frágil,Origen A,Ambiente,Protocolo_2
Embalaje A,81.26,84.49,40.77,94.27,Frágil,Origen C,Ambiente,Protocolo_2
Embalaje B,65.4,37.28,59.04,80.86,Frágil,Origen B,Ambiente,Protocolo_2
Embalaje B,46.0,53.95,95.75,65.87,Frágil,Origen C,Ambiente,Protocolo_2
Embalaje C,19.54,58.74,40.87,87.15,Normal,Origen B,Refrigerado,Protocolo_2
Embalaje B,80.69,36.84,91.01,7.14,Normal,Origen C,Ambiente,Protocolo_1
Embalaje C,79.5,41.9,21.98,50.13,Normal,Origen D,Refrigerado,Protocolo_1
Embalaje A,20.4,56.54,43.94,56.41,Normal,Origen D,Ambiente,Protocolo_1
Embalaje B,77.44,41.01,54.89,99.12,Normal,Origen A,Ambiente,Protocolo_2
Embalaje C,23.1,98.74,92.82,45.42,Normal,Origen B,Ambiente,Protocolo_1
Embalaje B,29.3,51.29,6.55,23.12,Normal,Origen D,Ambiente,Protocolo_1
Embalaje A,40.35,91.16,56.41,15.54,Frágil,Origen D,Ambiente,Protocolo_2
Embalaje B,78.8,16.6,56.47,66.21,Frágil,Origen D,Ambiente,Protocolo_2
Embalaje B,77.6,65.67,56.29,73.24,Normal,Origen C,Ambiente,Protocolo_1
Embalaje B,40.66,87.98,74.02,30.04,Normal,Origen D,Ambiente,Protocolo_1
Embalaje B,81.37,65.95,67.92,72.46,Normal,Origen D,Ambiente,Protocolo_1
Embalaje B,23.3,55.22,11.2,18.6,Frágil,Origen C,Ambiente,Protocolo_2
Embalaje C,81.81,14.14,10.05,2.92,Normal,Origen A,Ambiente,Protocolo_1
Embalaje B,28.13,81.87,96.64,35.74,Normal,Origen B,Ambiente,Protocolo_1
Embalaje A,41.6,6.63,84.62,1.73,Frágil,Origen D,Ambiente,Protocolo_2
Embalaje C,8.09,43.19,41.31,77.0,Normal,Origen B,Ambiente,Protocolo_1
Embalaje B,65.47,70.59,77.5,15.93,Normal,Origen A,Ambiente,Protocolo_1
Embalaje A,26.82,52.06,48.18,84.9,Normal,Origen D,Ambiente,Protocolo_2
Embalaje B,6.71,75.04,26.79,79.31,Normal,Origen C,Refrigerado,Protocolo_1
Embalaje B,36.39,56.27,20.44,71.31,Normal,Origen A,Ambiente,Protocolo_1
Embalaje B,69.29,26.73,96.3,85.61,Normal,Origen C,Ambiente,Protocolo_2
Embalaje A,94.28,93.63,44.64,98.78,Normal,Origen B,Ambiente,Protocolo_2
Embalaje C,68.93,33.24,87.09,18.58,Normal,Origen C,Ambiente,Protocolo_1
Embalaje C,39.99,52.69,64.87,50.3,Frágil,Origen D,Refrigerado,Protocolo_2
Embalaje B,55.55,98.42,12.44,60.73,Frágil,Origen B,Ambiente,Protocolo_2
Embalaje B,19.81,80.61,97.0,4.17,Normal,Origen C,Ambiente,Protocolo_1
Embalaje B,5.44,52.03,46.19,32.13,Frágil,Origen D,Ambiente,Protocolo_2
Embalaje B,61.42,95.91,58.53,1.41,Normal,Origen D,Ambiente,Protocolo_1
Embalaje B,13.51,34.49,80.93,64.22,Normal,Origen D,Ambiente,Protocolo_1
Embalaje C,53.32,38.07,78.0,24.03,Normal,Origen C,Ambiente,Protocolo_1
Embalaje A,15.78,24.99,76.69,7.8,Normal,Origen D,Ambiente,Protocolo_1
Embalaje A,88.62,81.94,54.22,97.94,Normal,Origen D,Ambiente,Protocolo_2
Embalaje C,29.61,91.77,30.74,36.41,Normal,Origen D,Ambiente,Protocolo_1
Embalaje C,98.85,39.09,86.93,68.11,Frágil,Origen D,Ambiente,Protocolo_2
Embalaje C,83.34,25.32,42.57,95.07,Normal,Origen A,Ambiente,Protocolo_2
Embalaje A,32.67,14.19,31.18,39.52,Normal,Origen B,Ambiente,Protocolo_1
Embalaje A,71.06,55.14,32.28,13.89,Normal,Origen B,Ambiente,Protocolo_1
Embalaje C,84.38,99.46,24.31,54.3,Normal,Origen B,Refrigerado,Protocolo_1
Embalaje A,12.03,89.02,81.91,58.56,Frágil,Origen B,Ambiente,Protocolo_2
Embalaje C,23.94,35.64,71.85,39.62,Normal,Origen D,Ambiente,Protocolo_1
Embalaje B,12.77,70.62,28.2,43.47,Normal,Origen B,Ambiente,Protocolo_1
Embalaje A,80.38,33.17,6.18,51.46,Frágil,Origen B,Ambiente,Protocolo_2
Embalaje C,62.38,96.2,39.89,82.53,Normal,Origen B,Ambiente,Protocolo_2
Embalaje B,48.91,95.86,24.9,61.78,Normal,Origen D,Ambiente,Protocolo_1
Embalaje C,28.87,10.91,67.0,96.17,Normal,Origen D,Ambiente,Protocolo_2
Embalaje A,58.13,89.0,93.34,35.39,Normal,Origen D,Refrigerado,Protocolo_1
Embalaje B,84.6,33.91,50.31,10.8,Normal,Origen A,Ambiente,Protocolo_1
Embalaje A,92.37,11.27,99.46,92.56,Normal,Origen D,Ambiente,Protocolo_2
Embalaje A,58.6,25.35,27.46,12.06,Normal,Origen B,Ambiente,Protocolo_1
Embalaje A,52.5,20.3,27.88,56.07,Frágil,Origen B,Ambiente,Protocolo_2
Embalaje A,7.55,43.5,19.06,1.92,Normal,Origen A,Ambiente,Protocolo_1
Embalaje A,34.95,27.62,62.58,68.44,Normal,Origen C,Ambiente,Protocolo_1
Embalaje C,88.07,51.27,31.93,79.07,Frágil,Origen C,Ambiente,Protocolo_2
Embalaje A,79.09,82.08,62.98,89.96,Normal,Origen A,Ambiente,Protocolo_2
Embalaje C,83.04,29.0,27.69,74.85,Normal,Origen B,Ambiente,Protocolo_1
Embalaje C,78.83,87.9,6.45,9.71,Normal,Origen B,Refrigerado,Protocolo_1
Embalaje C,97.76,8.46,15.58,40.78,Normal,Origen D,Ambiente,Protocolo_1
Embalaje A,36.74,36.42,83.86,16.89,Normal,Origen A,Ambiente,Protocolo_1
Embalaje C,57.31,31.05,81.13,49.39,Normal,Origen D,Ambiente,Protocolo_1
Embalaje B,16.3,73.23,25.01,57.42,Normal,Origen C,Ambiente,Protocolo_1
Embalaje B,72.6,88.28,59.61,16.84,Normal,Origen C,Ambiente,Protocolo_1
Embalaje C,62.0,21.82,64.9,37.4,Normal,Origen A,Ambiente,Protocolo_1
Embalaje A,37.88,48.57,51.03,55.2,Normal,Origen C,Ambiente,Protocolo_1
Embalaje B,26.25,82.31,15.86,66.21,Frágil,Origen B,Ambiente,Protocolo_2
Embalaje B,39.12,82.92,73.34,81.92,Normal,Origen A,Ambiente,Protocolo_2
Embalaje A,75.45,97.6,88.26,49.61,Normal,Origen A,Ambiente,Protocolo_1
Embalaje C,67.36,65.43,34.16,52.68,Normal,Origen C,Refrigerado,Protocolo_1
Embalaje A,68.28,72.1,59.92,90.07,Normal,Origen A,Ambiente,Protocolo_2
Embalaje C,55.28,62.31,74.02,5.53,Normal,Origen A,Ambiente,Protocolo_1
Embalaje C,63.13,63.18,21.45,85.78,Normal,Origen B,Ambiente,Protocolo_2
Embalaje A,26.42,55.65,59.98,56.48,Normal,Origen B,Ambiente,Protocolo_1
Embalaje B,20.37,41.73,85.77,62.29,Frágil,Origen A,Ambiente,Protocolo_2
Embalaje A,37.82,95.81,18.9,26.19,Normal,Origen B,Refrigerado,Protocolo_1
Embalaje C,43.06,23.27,99.48,86.13,Normal,Origen D,Ambiente,Protocolo_2
Embalaje C,59.3,60.19,93.64,40.93,Normal,Origen C,Ambiente,Protocolo_1
Embalaje B,29.17,96.58,16.45,91.03,Normal,Origen A,Ambiente,Protocolo_2
Embalaje A,51.19,69.37,75.81,19.35,Normal,Origen A,Ambiente,Protocolo_1
Embalaje A,52.25,31.32,95.54,32.22,Normal,Origen D,Ambiente,Protocolo_1
Embalaje B,79.2,19.18,77.42,28.16,Frágil,Origen A,Ambiente,Protocolo_2
Embalaje B,52.52,32.44,81.01,78.28,Frágil,Origen C,Ambiente,Protocolo_2
Embalaje C,51.15,95.88,53.91,98.63,Normal,Origen B,Refrigerado,Protocolo_2
Embalaje C,35.8,27.3,99.97,21.26,Normal,Origen A,Ambiente,Protocolo_1
Embalaje A,88.78,7.62,19.07,13.72,Normal,Origen D,Ambiente,Protocolo_1
Embalaje B,9.78,35.8,83.12,25.74,Normal,Origen D,Refrigerado,Protocolo_1
Embalaje C,68.48,96.13,17.21,38.47,Normal,Origen C,Ambiente,Protocolo_1
Embalaje A,21.83,77.8,31.82,16.43,Normal,Origen B,Ambiente,Protocolo_1
Embalaje A,72.2,42.1,10.05,69.35,Normal,Origen D,Ambiente,Protocolo_1
Embalaje A,18.7,95.54,54.28,38.05,Frágil,Origen B,Ambiente,Protocolo_2
Embalaje C,38.46,98.53,97.67,69.23,Normal,Origen C,Ambiente,Protocolo_1
Embalaje A,9.57,90.99,66.26,83.21,Normal,Origen A,Ambiente,Protocolo_2
Embalaje B,88.25,96.92,35.07,98.56,Normal,Origen D,Ambiente,Protocolo_2
Embalaje C,35.63,80.55,31.54,62.54,Normal,Origen A,Ambiente,Protocolo_1
Embalaje A,78.21,16.8,85.81,88.81,Normal,Origen C,Ambiente,Protocolo_2
Embalaje C,46.97,71.3,66.77,54.73,Frágil,Origen C,Ambiente,Protocolo_2
Embalaje A,80.61,17.31,47.55,97.11,Normal,Origen A,Refrigerado,Protocolo_2
Embalaje C,87.77,46.02,9.88,96.15,Normal,Origen C,Ambiente,Protocolo_2
Embalaje C,56.95,11.47,29.5,61.15,Normal,Origen D,Ambiente,Protocolo_1
Embalaje C,11.82,23.08,25.76,6.48,Normal,Origen D,Ambiente,Protocolo_1
Embalaje C,95.98,30.52,12.21,85.22,Normal,Origen B,Ambiente,Protocolo_2
Embalaje C,13.14,39.78,31.41,69.27,Frágil,Origen D,Ambiente,Protocolo_2
Embalaje B,59.46,97.22,69.74,56.03,Frágil,Origen C,Ambiente,Protocolo_2
Embalaje A,92.41,63.65,89.61,62.23,Frágil,Origen A,Ambiente,Protocolo_2
Embalaje C,93.22,10.44,73.94,55.38,Normal,Origen C,Ambiente,Protocolo_1
Embalaje B,67.09,47.27,78.04,56.02,Frágil,Origen B,Refrigerado,Protocolo_2
Embalaje A,27.41,45.78,94.25,48.82,Normal,Origen B,Ambiente,Protocolo_1
Embalaje B,65.42,49.23,50.31,5.13,Normal,Origen C,Ambiente,Protocolo_1
Embalaje B,22.94,59.04,19.4,74.49,Frágil,Origen B,Ambiente,Protocolo_2
Embalaje C,84.5,9.67,14.61,61.77,Normal,Origen B,Ambiente,Protocolo_1
Embalaje B,54.45,38.79,17.38,29.93,Normal,Origen D,Ambiente,Protocolo_1
Embalaje B,26.82,26.68,8.71,57.78,Normal,Origen B,Ambiente,Protocolo_1
Embalaje C,51.54,78.97,82.68,38.61,Frágil,Origen C,Ambiente,Protocolo_2
Embalaje B,20.78,99.49,7.91,53.49,Normal,Origen D,Ambiente,Protocolo_1
Embalaje A,35.31,80.6,36.39,70.35,Normal,Origen A,Ambiente,Protocolo_1
Embalaje A,95.44,14.53,69.41,78.3,Normal,Origen C,Ambiente,Protocolo_1
Embalaje B,91.36,25.95,73.41,76.06,Normal,Origen A,Ambiente,Protocolo_1
Embalaje A,99.85,94.19,46.37,33.72,Normal,Origen A,Ambiente,Protocolo_1
Embalaje C,57.48,78.21,68.97,28.89,Normal,Origen C,Ambiente,Protocolo_1
Embalaje B,87.85,19.94,20.52,4.34,Normal,Origen C,Refrigerado,Protocolo_1
Embalaje A,97.41,65.23,83.19,86.32,Frágil,Origen C,Ambiente,Protocolo_2
Embalaje A,29.62,51.03,17.74,29.43,Normal,Origen D,Ambiente,Protocolo_1
Embalaje A,22.9,93.71,89.22,57.5,Normal,Origen C,Ambiente,Protocolo_1
Embalaje C,47.61,28.83,96.62,82.28,Normal,Origen A,Ambiente,Protocolo_2
Embalaje B,78.44,84.92,31.31,58.88,Normal,Origen D,Ambiente,Protocolo_1
Embalaje B,78.0,78.89,49.45,45.36,Frágil,Origen B,Ambiente,Protocolo_2
Embalaje C,17.35,32.16,99.51,51.31,Normal,Origen A,Ambiente,Protocolo_1
Embalaje A,93.72,54.15,96.63,63.84,Normal,Origen C,Ambiente,Protocolo_1
Embalaje C,11.78,11.82,98.55,54.74,Normal,Origen D,Ambiente,Protocolo_1
Embalaje C,79.21,29.65,69.72,95.97,Normal,Origen A,Ambiente,Protocolo_2
Embalaje B,33.16,50.43,22.25,27.99,Normal,Origen B,Ambiente,Protocolo_1
Embalaje B,76.8,54.59,90.15,69.59,Normal,Origen C,Refrigerado,Protocolo_1
Embalaje A,5.19,59.34,87.34,82.82,Normal,Origen C,Ambiente,Protocolo_2
Embalaje B,80.18,26.5,37.89,57.23,Normal,Origen A,Ambiente,Protocolo_1
Embalaje B,42.73,80.1,79.52,12.17,Normal,Origen B,Ambiente,Protocolo_1
Embalaje A,12.8,65.4,51.17,61.06,Normal,Origen A,Ambiente,Protocolo_1
Embalaje A,49.5,42.94,10.23,63.66,Normal,Origen C,Ambiente,Protocolo_1
Embalaje A,72.7,29.33,9.64,18.65,Normal,Origen B,Ambiente,Protocolo_1
Embalaje C,92.18,95.07,38.3,61.74,Normal,Origen D,Ambiente,Protocolo_1
Embalaje C,45.65,86.24,13.19,15.85,Normal,Origen B,Ambiente,Protocolo_1
Embalaje B,43.91,72.52,73.37,61.44,Normal,Origen C,Ambiente,Protocolo_1
Embalaje A,20.34,63.04,70.47,84.1,Normal,Origen B,Ambiente,Protocolo_2
Embalaje C,20.29,58.12,12.63,42.84,Normal,Origen A,Refrigerado,Protocolo_1
Embalaje A,59.38,56.72,89.33,40.92,Normal,Origen C,Refrigerado,Protocolo_1
Embalaje B,45.75,25.51,72.46,50.01,Frágil,Origen A,Ambiente,Protocolo_2
Embalaje A,12.77,22.01,62.69,85.95,Frágil,Origen A,Ambiente,Protocolo_2
Embalaje A,81.68,17.3,95.12,20.19,Frágil,Origen B,Ambiente,Protocolo_2
Embalaje C,58.64,61.91,59.32,47.19,Normal,Origen C,Ambiente,Protocolo_1
Embalaje B,88.66,92.35,39.8,88.03,Normal,Origen C,Ambiente,Protocolo_2
Embalaje C,67.35,23.44,47.07,63.17,Normal,Origen B,Ambiente,Protocolo_1
Embalaje B,19.38,88.61,33.59,66.5,Normal,Origen B,Ambiente,Protocolo_1
Embalaje B,31.28,55.06,33.4,37.42,Normal,Origen A,Ambiente,Protocolo_1
Embalaje A,93.31,92.01,5.51,45.67,Frágil,Origen D,Ambiente,Protocolo_2
Embalaje C,57.67,24.48,84.42,3.51,Normal,Origen D,Ambiente,Protocolo_1
Embalaje B,77.57,55.11,81.85,1.25,Normal,Origen B,Ambiente,Protocolo_1
Embalaje A,30.81,92.62,33.48,68.56,Normal,Origen C,Ambiente,Protocolo_1
Embalaje A,11.73,90.19,56.88,39.45,Normal,Origen C,Ambiente,Protocolo_1
Embalaje C,29.34,46.52,25.28,91.4,Normal,Origen D,Ambiente,Protocolo_2
Embalaje A,21.2,66.77,42.15,87.92,Normal,Origen B,Ambiente,Protocolo_2
Embalaje A,80.38,69.74,6.15,39.89,Frágil,Origen A,Ambiente,Protocolo_2
Embalaje C,28.92,69.41,72.88,71.78,Normal,Origen A,Ambiente,Protocolo_1
Embalaje B,13.28,33.86,67.31,25.0,Normal,Origen B,Ambiente,Protocolo_1
Embalaje C,43.96,15.57,11.52,55.5,Normal,Origen C,Ambiente,Protocolo_1
Embalaje B,21.13,54.3,89.98,55.31,Normal,Origen C,Ambiente,Protocolo_1
Embalaje A,29.21,19.42,40.57,62.04,Normal,Origen A,Ambiente,Protocolo_1
Embalaje A,82.17,23.63,70.8,30.64,Normal,Origen B,Ambiente,Protocolo_1
Embalaje C,44.56,5.81,43.05,73.68,Normal,Origen A,Ambiente,Protocolo_1
Embalaje C,67.55,27.74,97.87,58.23,Normal,Origen C,Ambiente,Protocolo_1
Embalaje B,61.63,47.07,13.67,41.17,Normal,Origen D,Ambiente,Protocolo_1
Embalaje C,88.26,49.57,6.94,29.76,Frágil,Origen D,Refrigerado,Protocolo_2
Embalaje C,86.42,68.79,6.67,31.88,Normal,Origen A,Ambiente,Protocolo_1
Embalaje C,31.07,31.2,7.71,53.8,Normal,Origen B,Ambiente,Protocolo_1
Embalaje C,26.32,81.68,10.88,84.59,Normal,Origen D,Ambiente,Protocolo_2
Embalaje B,85.42,59.29,54.61,37.85,Normal,Origen B,Ambiente,Protocolo_1
Embalaje C,60.25,83.15,48.03,61.1,Normal,Origen A,Ambiente,Protocolo_1
Embalaje C,12.33,64.37,67.18,17.68,Normal,Origen C,Ambiente,Protocolo_1
Embalaje B,66.26,83.54,41.74,11.3,Normal,Origen C,Ambiente,Protocolo_1
Embalaje C,98.08,98.47,79.2,96.34,Normal,Origen B,Ambiente,Protocolo_2
Embalaje A,58.24,67.09,69.03,91.1,Normal,Origen A,Ambiente,Protocolo_2
Embalaje B,11.21,93.32,55.89,74.09,Normal,Origen C,Ambiente,Protocolo_1
Embalaje C,41.91,94.0,10.55,47.05,Frágil,Origen A,Ambiente,Protocolo_2
Embalaje B,58.74,33.07,20.63,37.29,Normal,Origen D,Ambiente,Protocolo_1
Embalaje B,9.08,92.1,65.47,62.33,Normal,Origen D,Ambiente,Protocolo_1
Embalaje C,10.87,83.06,96.05,44.27,Normal,Origen D,Ambiente,Protocolo_1
Embalaje C,15.74,86.38,53.33,21.0,Normal,Origen C,Ambiente,Protocolo_1
Embalaje C,91.52,66.29,62.42,64.21,Normal,Origen C,Ambiente,Protocolo_1
Embalaje B,78.8,38.12,59.16,21.95,Normal,Origen A,Ambiente,Protocolo_1
Embalaje A,31.51,55.51,74.68,24.7,Frágil,Origen A,Ambiente,Protocolo_2
Embalaje A,84.11,97.55,96.65,15.84,Normal,Origen A,Ambiente,Protocolo_1
Embalaje B,53.65,82.88,7.44,7.53,Normal,Origen C,Ambiente,Protocolo_1
Embalaje B,49.32,62.82,64.89,54.94,Normal,Origen A,Refrigerado,Protocolo_1
Embalaje B,38.49,52.21,12.09,98.76,Normal,Origen D,Ambiente,Protocolo_2
Embalaje B,51.26,87.01,59.61,75.07,Normal,Origen C,Ambiente,Protocolo_1
Embalaje B,32.6,51.43,50.47,30.46,Normal,Origen A,Ambiente,Protocolo_1
Embalaje B,62.15,30.06,46.29,90.14,Normal,Origen D,Ambiente,Protocolo_2
Embalaje B,38.66,39.39,12.44,86.31,Normal,Origen D,Ambiente,Protocolo_2
Embalaje A,92.26,55.3,39.08,85.68,Frágil,Origen B,Ambiente,Protocolo_2
Embalaje B,54.88,77.8,7.93,10.33,Normal,Origen C,Ambiente,Protocolo_1
Embalaje A,59.72,57.19,85.97,84.48,Normal,Origen A,Ambiente,Protocolo_2
Embalaje B,36.28,48.91,80.32,70.24,Normal,Origen B,Refrigerado,Protocolo_1
Embalaje A,84.02,12.14,12.9,32.08,Normal,Origen A,Ambiente,Protocolo_1
Embalaje C,51.28,19.43,89.53,21.49,Normal,Origen A,Ambiente,Protocolo_1
Embalaje A,63.76,30.08,78.85,67.8,Frágil,Origen A,Ambiente,Protocolo_2
Embalaje C,27.65,64.26,47.32,92.52,Normal,Origen D,Ambiente,Protocolo_2
Embalaje A,45.38,45.85,39.2,59.01,Normal,Origen D,Ambiente,Protocolo_1
Embalaje B,10.56,60.69,23.27,45.84,Normal,Origen C,Ambiente,Protocolo_1
Embalaje A,58.99,29.26,5.04,13.22,Normal,Origen C,Ambiente,Protocolo_1
Embalaje C,52.07,27.01,87.53,36.78,Normal,Origen D,Ambiente,Protocolo_1
Embalaje C,29.31,64.2,9.24,34.59,Normal,Origen A,Ambiente,Protocolo_1
Embalaje C,50.21,32.26,70.4,61.87,Frágil,Origen A,Ambiente,Protocolo_2
Embalaje C,26.94,40.57,83.96,9.47,Normal,Origen D,Refrigerado,Protocolo_1
Embalaje A,22.72,26.78,87.45,69.52,Normal,Origen C,Ambiente,Protocolo_1
Embalaje B,61.53,21.77,43.63,83.96,Normal,Origen C,Ambiente,Protocolo_2
Embalaje C,88.8,6.52,96.77,74.26,Frágil,Origen D,Ambiente,Protocolo_2
Embalaje B,14.93,50.29,26.15,40.58,Frágil,Origen C,Ambiente,Protocolo_2
Embalaje A,80.34,33.07,86.44,9.06,Normal,Origen D,Refrigerado,Protocolo_1
Embalaje A,32.33,48.73,71.34,66.67,Normal,Origen D,Ambiente,Protocolo_1
Embalaje C,16.67,7.45,44.89,19.17,Normal,Origen A,Ambiente,Protocolo_1
Embalaje B,6.7,50.35,44.09,30.31,Normal,Origen A,Ambiente,Protocolo_1
Embalaje A,31.21,8.94,91.75,35.19,Normal,Origen B,Ambiente,Protocolo_1
Embalaje C,63.28,43.8,47.98,65.69,Normal,Origen D,Ambiente,Protocolo_1
Embalaje A,95.23,24.99,90.71,35.69,Normal,Origen A,Ambiente,Protocolo_1
Embalaje A,54.23,62.42,52.19,56.06,Normal,Origen B,Ambiente,Protocolo_1
Embalaje B,99.4,72.59,88.97,51.98,Normal,Origen B,Ambiente,Protocolo_1
Embalaje A,42.05,12.57,49.66,5.62,Normal,Origen B,Ambiente,Protocolo_1
Embalaje C,42.14,89.9,63.5,98.18,Normal,Origen B,Ambiente,Protocolo_2
Embalaje B,39.0,83.98,82.87,71.07,Normal,Origen B,Refrigerado,Protocolo_1
Embalaje C,51.98,69.67,81.32,80.4,Normal,Origen A,Ambiente,Protocolo_2
Embalaje C,76.44,86.79,79.23,39.02,Frágil,Origen B,Ambiente,Protocolo_2
Embalaje C,25.94,39.05,50.81,40.92,Frágil,Origen B,Ambiente,Protocolo_2
Embalaje C,7.07,42.01,40.28,43.33,Normal,Origen B,Ambiente,Protocolo_1
Embalaje C,93.09,70.38,13.81,62.27,Normal,Origen C,Ambiente,Protocolo_1
Embalaje C,30.45,50.79,7.23,29.17,Normal,Origen D,Ambiente,Protocolo_1
Embalaje A,26.33,18.29,27.59,75.29,Normal,Origen B,Ambiente,Protocolo_1
Embalaje B,6.11,33.53,51.8,11.53,Normal,Origen D,Ambiente,Protocolo_1
Embalaje B,59.53,78.14,88.45,96.6,Normal,Origen D,Ambiente,Protocolo_2
Embalaje A,26.77,92.43,33.99,89.09,Normal,Origen A,Ambiente,Protocolo_2
Embalaje A,59.79,95.25,23.12,46.42,Frágil,Origen A,Ambiente,Protocolo_2
Embalaje A,19.86,24.49,55.03,79.26,Normal,Origen C,Ambiente,Protocolo_1
Embalaje A,60.73,95.19,37.16,99.47,Normal,Origen D,Ambiente,Protocolo_2
Embalaje A,85.7,29.25,74.68,16.6,Frágil,Origen C,Ambiente,Protocolo_2
Embalaje A,56.42,10.09,74.18,27.38,Normal,Origen C,Ambiente,Protocolo_1
Embalaje B,61.01,38.11,26.13,26.48,Normal,Origen D,Refrigerado,Protocolo_1
Embalaje C,85.23,60.41,12.97,96.31,Normal,Origen A,Ambiente,Protocolo_2
Embalaje B,49.1,67.44,53.59,86.61,Normal,Origen C,Ambiente,Protocolo_2
Embalaje B,75.12,20.58,72.63,17.24,Frágil,Origen B,Ambiente,Protocolo_2
Embalaje B,49.69,90.66,31.58,75.6,Normal,Origen A,Refrigerado,Protocolo_1
Embalaje A,62.19,55.03,92.35,12.22,Normal,Origen B,Ambiente,Protocolo_1
Embalaje C,32.58,52.52,24.37,2.17,Normal,Origen B,Ambiente,Protocolo_1
Embalaje A,24.32,75.89,18.64,67.16,Normal,Origen B,Ambiente,Protocolo_1
Embalaje C,47.32,23.27,42.02,74.92,Normal,Origen D,Ambiente,Protocolo_1
Embalaje B,72.1,47.69,94.87,11.61,Frágil,Origen C,Ambiente,Protocolo_2
Embalaje C,94.58,19.79,87.41,67.08,Normal,Origen A,Ambiente,Protocolo_1
Embalaje C,10.0,19.33,9.87,85.16,Normal,Origen C,Ambiente,Protocolo_2
Embalaje C,42.92,22.74,75.94,83.78,Normal,Origen C,Ambiente,Protocolo_2
Embalaje B,94.77,31.76,47.65,18.37,Normal,Origen C,Ambiente,Protocolo_1
Embalaje C,48.87,68.07,13.19,82.69,Normal,Origen B,Ambiente,Protocolo_2
Embalaje B,48.17,39.34,96.75,87.12,Normal,Origen B,Ambiente,Protocolo_2
Embalaje B,67.18,24.17,26.32,28.51,Normal,Origen D,Ambiente,Protocolo_1
Embalaje B,21.49,55.71,82.56,21.72,Normal,Origen B,Ambiente,Protocolo_1
Embalaje C,63.66,43.92,7.62,15.83,Normal,Origen A,Ambiente,Protocolo_1
Embalaje C,23.68,31.92,45.42,4.04,Normal,Origen C,Ambiente,Protocolo_1
Embalaje C,71.84,72.64,71.88,94.43,Normal,Origen D,Ambiente,Protocolo_2
Embalaje A,80.73,95.49,80.65,94.47,Normal,Origen B,Ambiente,Protocolo_2
Embalaje A,65.26,99.77,62.35,89.69,Normal,Origen C,Ambiente,Protocolo_2
Embalaje A,14.27,54.8,47.31,74.5,Frágil,Origen B,Ambiente,Protocolo_2
Embalaje B,29.94,86.53,68.24,29.83,Normal,Origen A,Ambiente,Protocolo_1
Embalaje C,5.94,38.37,80.89,59.55,Normal,Origen A,Ambiente,Protocolo_1
Embalaje C,91.4,8.34,74.66,73.79,Normal,Origen A,Ambiente,Protocolo_1
Embalaje B,80.41,76.78,55.39,44.2,Normal,Origen C,Ambiente,Protocolo_1
Embalaje C,29.74,32.21,50.12,55.73,Normal,Origen A,Ambiente,Protocolo_1
Embalaje B,87.95,59.14,12.55,80.78,Normal,Origen D,Refrigerado,Protocolo_2
Embalaje C,68.74,65.58,73.73,71.77,Normal,Origen D,Refrigerado,Protocolo_1
Embalaje B,95.25,29.31,79.97,1.16,Normal,Origen B,Ambiente,Protocolo_1
Embalaje B,96.97,32.44,82.49,95.29,Normal,Origen A,Refrigerado,Protocolo_2
Embalaje A,95.29,94.31,83.51,79.4,Normal,Origen D,Ambiente,Protocolo_1
Embalaje C,58.11,37.33,18.51,22.82,Normal,Origen B,Ambiente,Protocolo_1
Embalaje B,48.35,70.08,87.68,3.04,Normal,Origen D,Refrigerado,Protocolo_1
Embalaje B,45.56,29.2,41.45,91.19,Normal,Origen A,Ambiente,Protocolo_2
Embalaje C,64.77,25.28,53.87,78.01,Normal,Origen C,Refrigerado,Protocolo_1
Embalaje C,71.26,97.92,68.22,72.46,Normal,Origen D,Ambiente,Protocolo_1
Embalaje A,77.39,33.41,30.58,68.19,Normal,Origen C,Ambiente,Protocolo_1
Embalaje A,31.7,73.19,36.82,42.84,Normal,Origen B,Ambiente,Protocolo_1
Embalaje A,35.04,45.45,30.24,76.37,Normal,Origen B,Ambiente,Protocolo_1
Embalaje C,14.76,42.76,14.5,62.5,Normal,Origen D,Ambiente,Protocolo_1
Embalaje B,14.61,26.23,93.66,17.1,Normal,Origen D,Ambiente,Protocolo_1
Embalaje C,31.72,92.11,82.18,73.27,Normal,Origen C,Ambiente,Protocolo_1
Embalaje B,81.45,84.39,48.79,18.84,Normal,Origen A,Ambiente,Protocolo_1
Embalaje A,42.86,24.3,24.55,99.26,Normal,Origen A,Ambiente,Protocolo_2
Embalaje C,62.39,36.32,50.77,38.08,Normal,Origen B,Ambiente,Protocolo_1
Embalaje A,91.69,74.54,90.85,74.61,Frágil,Origen A,Ambiente,Protocolo_2
Embalaje A,84.04,40.72,7.38,36.21,Normal,Origen C,Refrigerado,Protocolo_1
Embalaje B,35.82,26.21,23.98,77.16,Normal,Origen D,Refrigerado,Protocolo_1
Embalaje B,74.22,21.03,59.43,50.55,Normal,Origen D,Ambiente,Protocolo_1
Embalaje B,41.45,83.79,73.89,32.58,Normal,Origen C,Ambiente,Protocolo_1
Embalaje B,20.3,38.97,11.54,54.86,Normal,Origen C,Ambiente,Protocolo_1
Embalaje C,22.92,36.44,72.75,58.03,Frágil,Origen D,Ambiente,Protocolo_2
Embalaje A,93.32,37.96,65.38,57.51,Normal,Origen D,Ambiente,Protocolo_1
Embalaje A,93.27,23.19,9.08,75.3,Normal,Origen B,Ambiente,Protocolo_1
Embalaje C,18.5,76.54,37.64,1.43,Normal,Origen C,Ambiente,Protocolo_1
Embalaje B,11.99,11.28,27.34,31.58,Normal,Origen C,Ambiente,Protocolo_1
Embalaje A,29.31,51.39,87.88,95.07,Normal,Origen D,Ambiente,Protocolo_2
Embalaje B,26.84,85.92,69.14,85.34,Normal,Origen D,Ambiente,Protocolo_2
Embalaje A,41.42,38.37,77.11,97.12,Normal,Origen D,Ambiente,Protocolo_2
Embalaje A,53.93,57.32,86.21,76.73,Normal,Origen B,Ambiente,Protocolo_1
Embalaje C,28.32,99.67,21.81,24.29,Normal,Origen D,Ambiente,Protocolo_1
Embalaje C,38.27,93.54,84.52,15.52,Frágil,Origen C,Ambiente,Protocolo_2
Embalaje B,82.26,28.27,14.27,56.01,Normal,Origen C,Ambiente,Protocolo_1
Embalaje A,96.83,57.2,58.34,51.65,Normal,Origen B,Ambiente,Protocolo_1
Embalaje A,7.76,77.76,72.23,36.21,Normal,Origen B,Ambiente,Protocolo_1
Embalaje A,38.37,18.51,70.9,28.8,Normal,Origen A,Ambiente,Protocolo_1
Embalaje B,76.11,13.57,61.74,16.22,Normal,Origen A,Ambiente,Protocolo_1
Embalaje B,72.33,58.04,99.41,54.58,Frágil,Origen A,Ambiente,Protocolo_2
Embalaje C,10.1,13.77,39.93,61.76,Normal,Origen B,Ambiente,Protocolo_1
Embalaje C,28.18,34.84,57.72,28.54,Normal,Origen D,Ambiente,Protocolo_1
Embalaje B,29.97,79.46,53.17,37.74,Normal,Origen B,Ambiente,Protocolo_1
Embalaje A,37.31,94.6,96.77,10.08,Normal,Origen D,Refrigerado,Protocolo_1
Embalaje C,66.92,32.68,64.61,90.86,Normal,Origen D,Ambiente,Protocolo_2
Embalaje B,77.21,48.71,44.53,92.43,Normal,Origen C,Ambiente,Protocolo_2
Embalaje B,77.15,72.77,99.32,32.54,Normal,Origen D,Ambiente,Protocolo_1
Embalaje A,13.07,34.53,57.58,36.8,Normal,Origen A,Ambiente,Protocolo_1
Embalaje B,48.83,70.39,57.0,22.34,Normal,Origen C,Ambiente,Protocolo_1
Embalaje B,27.25,25.49,16.88,15.69,Frágil,Origen B,Ambiente,Protocolo_2
Embalaje C,70.19,70.22,23.44,89.56,Normal,Origen A,Ambiente,Protocolo_2
Embalaje C,9.82,8.73,10.79,52.86,Normal,Origen A,Ambiente,Protocolo_1
Embalaje A,27.01,69.03,72.76,57.79,Normal,Origen C,Ambiente,Protocolo_1
Embalaje C,19.3,10.04,90.69,83.5,Normal,Origen C,Ambiente,Protocolo_2
Embalaje B,87.4,8.14,61.63,45.14,Normal,Origen A,Ambiente,Protocolo_1
Embalaje C,56.46,71.25,27.63,43.03,Normal,Origen C,Ambiente,Protocolo_1
Embalaje C,91.39,5.13,68.2,90.67,Frágil,Origen D,Ambiente,Protocolo_2
Embalaje B,22.24,99.3,55.95,99.8,Frágil,Origen B,Ambiente,Protocolo_2
Embalaje A,47.65,100.0,48.92,22.54,Normal,Origen C,Ambiente,Protocolo_1
Embalaje B,33.48,12.69,46.12,58.99,Normal,Origen C,Ambiente,Protocolo_1
Embalaje A,29.71,13.2,22.47,26.08,Normal,Origen C,Ambiente,Protocolo_1
Embalaje A,48.97,69.77,63.02,89.38,Normal,Origen B,Ambiente,Protocolo_2
Embalaje C,40.98,74.6,51.94,69.8,Normal,Origen D,Refrigerado,Protocolo_1
Embalaje A,81.97,46.13,98.38,32.08,Normal,Origen C,Ambiente,Protocolo_1
Embalaje A,51.01,31.6,49.99,52.97,Normal,Origen B,Ambiente,Protocolo_1
Embalaje C,67.32,92.1,59.69,76.38,Normal,Origen D,Ambiente,Protocolo_1
Embalaje B,25.87,5.45,45.22,86.93,Normal,Origen D,Ambiente,Protocolo_2
Embalaje C,27.59,41.39,70.5,45.89,Normal,Origen C,Ambiente,Protocolo_1
Embalaje B,73.48,70.25,59.81,32.35,Normal,Origen B,Ambiente,Protocolo_1
Embalaje C,95.6,90.89,28.53,93.79,Frágil,Origen A,Ambiente,Protocolo_2
Embalaje C,5.96,20.16,83.59,83.95,Normal,Origen C,Ambiente,Protocolo_2
Embalaje C,90.19,80.47,84.03,89.9,Normal,Origen C,Ambiente,Protocolo_2
Embalaje B,9.73,83.57,92.17,4.71,Frágil,Origen C,Ambiente,Protocolo_2
Embalaje C,7.21,50.24,97.85,15.27,Frágil,Origen A,Ambiente,Protocolo_2
Embalaje B,33.24,43.45,26.09,28.4,Normal,Origen A,Ambiente,Protocolo_1
Embalaje C,65.57,43.47,29.32,52.84,Normal,Origen D,Ambiente,Protocolo_1
Embalaje C,23.69,42.28,35.84,77.6,Frágil,Origen B,Ambiente,Protocolo_2
Embalaje C,24.23,9.67,62.21,24.11,Normal,Origen B,Ambiente,Protocolo_1
Embalaje B,66.18,81.97,42.37,9.67,Normal,Origen C,Ambiente,Protocolo_1
Embalaje C,8.25,81.42,48.75,1.95,Frágil,Origen B,Ambiente,Protocolo_2
Embalaje A,14.38,57.58,81.77,28.64,Normal,Origen C,Ambiente,Protocolo_1
Embalaje B,11.6,92.43,78.2,32.87,Normal,Origen D,Ambiente,Protocolo_1
Embalaje A,38.45,76.76,74.88,61.4,Normal,Origen C,Ambiente,Protocolo_1
Embalaje B,38.89,70.29,35.69,27.0,Normal,Origen B,Ambiente,Protocolo_1
Embalaje B,48.1,85.41,95.36,52.07,Normal,Origen C,Ambiente,Protocolo_1
Embalaje B,7.48,53.46,48.48,87.42,Normal,Origen B,Refrigerado,Protocolo_2
Embalaje B,46.66,45.37,33.7,15.18,Normal,Origen A,Ambiente,Protocolo_1
Embalaje A,13.3,22.29,66.39,81.83,Normal,Origen B,Ambiente,Protocolo_2
Embalaje C,51.1,56.89,63.64,77.26,Normal,Origen D,Ambiente,Protocolo_1
Embalaje B,64.08,12.63,81.18,14.17,Normal,Origen B,Ambiente,Protocolo_1
Embalaje C,60.13,86.36,31.46,62.45,Normal,Origen A,Ambiente,Protocolo_1
Embalaje A,74.18,17.97,44.35,99.32,Frágil,Origen C,Ambiente,Protocolo_2
Embalaje A,95.19,75.55,7.2,17.19,Normal,Origen C,Ambiente,Protocolo_1
Embalaje B,18.49,66.9,85.34,20.89,Frágil,Origen D,Refrigerado,Protocolo_2
Embalaje C,70.43,46.96,84.3,70.76,Normal,Origen D,Ambiente,Protocolo_1
Embalaje B,72.44,61.23,63.71,10.51,Frágil,Origen C,Refrigerado,Protocolo_2
Embalaje A,51.77,17.77,77.17,81.3,Normal,Origen A,Ambiente,Protocolo_2
Embalaje B,9.77,92.94,45.11,18.03,Normal,Origen D,Ambiente,Protocolo_1
Embalaje A,92.77,79.22,45.19,55.66,Frágil,Origen D,Ambiente,Protocolo_2
Embalaje C,21.27,57.86,32.54,92.69,Normal,Origen C,Ambiente,Protocolo_2
Embalaje C,54.87,45.34,94.69,90.21,Normal,Origen A,Ambiente,Protocolo_2
Embalaje A,10.58,30.76,88.09,40.39,Normal,Origen C,Ambiente,Protocolo_1
Embalaje C,30.61,15.28,69.5,94.48,Normal,Origen D,Ambiente,Protocolo_2
Embalaje A,21.14,59.08,43.79,85.17,Normal,Origen D,Ambiente,Protocolo_2
Embalaje C,17.04,67.99,37.42,74.13,Normal,Origen C,Refrigerado,Protocolo_1
Embalaje C,85.26,34.79,68.23,84.05,Normal,Origen B,Ambiente,Protocolo_2
Embalaje B,27.98,59.61,67.26,25.69,Normal,Origen A,Ambiente,Protocolo_1
Embalaje B,65.34,44.29,21.59,30.19,Normal,Origen A,Ambiente,Protocolo_1
Embalaje A,46.18,79.0,98.8,35.62,Normal,Origen C,Ambiente,Protocolo_1
Embalaje B,25.72,25.87,78.81,49.45,Normal,Origen D,Ambiente,Protocolo_1
Embalaje A,38.76,47.21,12.18,67.95,Normal,Origen C,Ambiente,Protocolo_1
Embalaje A,66.3,43.28,21.04,10.02,Frágil,Origen D,Ambiente,Protocolo_2
Embalaje A,83.7,27.28,66.38,80.29,Frágil,Origen B,Ambiente,Protocolo_2
Embalaje B,67.69,61.54,88.66,58.26,Frágil,Origen D,Ambiente,Protocolo_2
Embalaje B,18.43,30.67,53.37,47.11,Normal,Origen A,Refrigerado,Protocolo_1
Embalaje B,94.28,16.96,56.31,84.7,Normal,Origen B,Ambiente,Protocolo_2
Embalaje C,93.29,46.95,69.42,80.09,Frágil,Origen B,Ambiente,Protocolo_2
Embalaje C,80.49,56.58,17.26,31.1,Normal,Origen A,Ambiente,Protocolo_1
Embalaje C,83.73,43.59,55.41,51.71,Normal,Origen B,Ambiente,Protocolo_1
Embalaje B,99.53,73.66,16.73,25.46,Normal,Origen C,Ambiente,Protocolo_1
Embalaje B,56.88,71.56,76.26,26.16,Normal,Origen D,Ambiente,Protocolo_1
Embalaje A,16.1,90.78,79.3,74.33,Frágil,Origen D,Ambiente,Protocolo_2
Embalaje B,15.04,97.7,72.39,17.51,Normal,Origen B,Ambiente,Protocolo_1
Embalaje C,82.1,22.07,84.0,16.46,Normal,Origen A,Ambiente,Protocolo_1
Embalaje B,27.81,89.63,41.35,58.03,Normal,Origen C,Ambiente,Protocolo_1
Embalaje B,10.93,51.72,63.32,13.03,Normal,Origen A,Ambiente,Protocolo_1
Embalaje A,28.15,76.0,98.12,11.16,Normal,Origen A,Ambiente,Protocolo_1
Embalaje B,97.11,11.6,87.45,93.45,Normal,Origen D,Ambiente,Protocolo_2
Embalaje A,52.66,33.35,37.56,89.38,Normal,Origen B,Ambiente,Protocolo_2
Embalaje A,99.41,76.73,57.75,31.52,Frágil,Origen C,Refrigerado,Protocolo_2
Embalaje C,91.84,71.87,28.92,13.54,Normal,Origen A,Ambiente,Protocolo_1
Embalaje C,25.65,60.51,35.84,71.61,Normal,Origen C,Ambiente,Protocolo_1
Embalaje B,46.27,73.3,70.43,41.39,Normal,Origen C,Ambiente,Protocolo_1
Embalaje C,97.87,29.23,85.93,51.36,Normal,Origen A,Ambiente,Protocolo_1
Embalaje A,36.49,33.99,29.97,74.81,Normal,Origen C,Ambiente,Protocolo_1
Embalaje A,47.25,68.63,52.26,53.07,Normal,Origen D,Ambiente,Protocolo_1
Embalaje A,36.63,25.61,84.31,55.74,Normal,Origen A,Ambiente,Protocolo_1
Embalaje A,21.02,66.35,49.97,63.37,Normal,Origen A,Ambiente,Protocolo_1
Embalaje C,16.43,46.27,27.29,72.79,Normal,Origen A,Ambiente,Protocolo_1
Embalaje A,76.82,58.51,92.51,79.89,Normal,Origen C,Ambiente,Protocolo_1
Embalaje A,58.63,12.03,71.24,39.42,Normal,Origen A,Ambiente,Protocolo_1
Embalaje C,80.9,98.23,93.77,49.57,Normal,Origen C,Ambiente,Protocolo_1
Embalaje C,92.6,28.46,40.58,45.1,Normal,Origen A,Ambiente,Protocolo_1
Embalaje C,49.63,15.06,56.6,22.08,Normal,Origen D,Ambiente,Protocolo_1
Embalaje A,40.32,98.07,8.63,23.01,Frágil,Origen C,Ambiente,Protocolo_2
Embalaje A,14.36,93.75,98.96,86.26,Frágil,Origen C,Refrigerado,Protocolo_2
Embalaje B,96.99,67.88,80.54,87.61,Normal,Origen D,Ambiente,Protocolo_2
Embalaje C,15.13,58.55,97.51,98.89,Normal,Origen D,Ambiente,Protocolo_2
Embalaje C,84.31,89.3,76.17,52.32,Normal,Origen B,Ambiente,Protocolo_1
Embalaje C,16.41,19.16,82.26,58.53,Normal,Origen D,Ambiente,Protocolo_1
Embalaje B,93.08,57.15,60.44,47.34,Frágil,Origen C,Ambiente,Protocolo_2
Embalaje B,90.06,49.74,18.2,83.06,Frágil,Origen C,Ambiente,Protocolo_2
Embalaje B,78.69,24.67,79.89,90.59,Normal,Origen D,Ambiente,Protocolo_2
Embalaje B,19.21,78.97,29.02,35.33,Frágil,Origen C,Refrigerado,Protocolo_2
Embalaje B,48.38,53.23,28.86,9.98,Normal,Origen A,Ambiente,Protocolo_1
Embalaje C,33.32,91.27,98.84,58.57,Normal,Origen B,Ambiente,Protocolo_1
Embalaje C,98.25,17.38,69.31,79.8,Normal,Origen C,Ambiente,Protocolo_1
Embalaje A,88.39,26.63,29.14,83.84,Frágil,Origen D,Refrigerado,Protocolo_2
Embalaje A,53.52,61.44,8.17,43.8,Normal,Origen A,Ambiente,Protocolo_1
Embalaje C,25.5,36.29,27.99,13.34,Normal,Origen B,Ambiente,Protocolo_1
Embalaje B,56.73,64.67,92.69,89.04,Frágil,Origen D,Ambiente,Protocolo_2
Embalaje B,62.91,94.31,46.9,39.74,Normal,Origen A,Ambiente,Protocolo_1
Embalaje C,90.28,50.09,95.39,61.63,Normal,Origen A,Ambiente,Protocolo_1
Embalaje B,12.14,83.23,34.71,68.8,Normal,Origen B,Ambiente,Protocolo_1
Embalaje A,82.92,93.59,43.12,32.16,Normal,Origen C,Ambiente,Protocolo_1
Embalaje A,60.51,26.99,55.1,51.29,Normal,Origen D,Ambiente,Protocolo_1
Embalaje B,29.68,96.9,12.69,28.16,Normal,Origen B,Ambiente,Protocolo_1
Embalaje A,26.81,73.61,75.95,80.14,Normal,Origen C,Ambiente,Protocolo_2
Embalaje A,87.37,75.71,47.33,78.95,Normal,Origen C,Ambiente,Protocolo_1
Embalaje B,22.59,93.37,60.29,19.01,Frágil,Origen B,Ambiente,Protocolo_2
Embalaje C,34.1,91.16,61.55,56.65,Normal,Origen A,Ambiente,Protocolo_1
Embalaje B,52.51,87.94,65.01,73.63,Frágil,Origen D,Ambiente,Protocolo_2
Embalaje B,61.07,19.48,63.25,29.25,Normal,Origen A,Ambiente,Protocolo_1
Embalaje A,7.21,65.62,57.2,43.08,Frágil,Origen A,Ambiente,Protocolo_2
Embalaje A,57.33,66.8,90.0,16.89,Frágil,Origen B,Ambiente,Protocolo_2
Embalaje B,23.42,57.84,54.88,82.42,Normal,Origen C,Ambiente,Protocolo_2
Embalaje C,91.15,74.75,28.51,43.86,Normal,Origen A,Ambiente,Protocolo_1
Embalaje B,99.49,85.6,69.08,15.21,Normal,Origen B,Ambiente,Protocolo_1
Embalaje A,28.07,9.59,18.75,5.63,Normal,Origen B,Ambiente,Protocolo_1
Embalaje A,21.52,37.63,30.3,62.83,Normal,Origen D,Ambiente,Protocolo_1
Embalaje A,27.65,67.43,15.6,90.62,Normal,Origen C,Ambiente,Protocolo_2
Embalaje A,22.07,75.99,88.86,82.61,Normal,Origen B,Ambiente,Protocolo_2
Embalaje C,13.8,85.2,13.41,94.1,Normal,Origen A,Ambiente,Protocolo_2
Embalaje B,7.29,21.24,11.83,71.07,Frágil,Origen B,Ambiente,Protocolo_2
Embalaje C,86.5,96.21,44.08,36.23,Normal,Origen D,Ambiente,Protocolo_1
Embalaje B,41.93,93.68,25.84,71.92,Frágil,Origen A,Ambiente,Protocolo_2
Embalaje A,82.33,34.31,57.16,41.52,Normal,Origen B,Ambiente,Protocolo_1
Embalaje B,27.66,24.5,90.57,20.14,Frágil,Origen D,Ambiente,Protocolo_2
Embalaje A,39.32,82.66,84.19,62.83,Normal,Origen C,Ambiente,Protocolo_1
Embalaje A,63.04,42.65,69.6,51.4,Normal,Origen A,Ambiente,Protocolo_1
Embalaje C,60.29,34.08,24.19,18.95,Normal,Origen C,Ambiente,Protocolo_1
Embalaje B,32.96,30.5,44.75,98.17,Frágil,Origen D,Ambiente,Protocolo_2
Embalaje C,70.94,48.73,89.95,6.63,Normal,Origen B,Refrigerado,Protocolo_1
Embalaje B,16.8,45.98,55.32,60.57,Normal,Origen A,Ambiente,Protocolo_1
Embalaje A,47.2,52.32,26.05,28.77,Normal,Origen C,Ambiente,Protocolo_1
Embalaje B,96.48,59.49,72.52,58.1,Normal,Origen A,Ambiente,Protocolo_1
Embalaje C,82.13,51.02,42.53,39.44,Normal,Origen A,Ambiente,Protocolo_1
Embalaje C,58.65,43.13,95.55,79.52,Normal,Origen C,Ambiente,Protocolo_1
Embalaje A,92.96,8.0,71.34,87.69,Normal,Origen C,Ambiente,Protocolo_2
Embalaje C,21.19,47.61,28.58,71.33,Frágil,Origen A,Ambiente,Protocolo_2
Embalaje B,41.02,75.77,24.64,58.71,Frágil,Origen A,Ambiente,Protocolo_2
Embalaje C,47.66,67.35,63.22,14.36,Normal,Origen A,Ambiente,Protocolo_1
Embalaje A,30.26,78.14,62.53,13.42,Normal,Origen D,Ambiente,Protocolo_1
Embalaje B,52.01,86.79,49.44,61.16,Frágil,Origen A,Ambiente,Protocolo_2
Embalaje C,94.89,20.69,14.71,17.93,Frágil,Origen D,Ambiente,Protocolo_2
Embalaje A,17.7,41.63,17.01,3.22,Normal,Origen B,Ambiente,Protocolo_1
Embalaje C,49.68,48.48,43.43,29.04,Frágil,Origen D,Ambiente,Protocolo_2
Embalaje C,76.62,49.03,31.47,38.62,Normal,Origen B,Ambiente,Protocolo_1
Embalaje A,12.49,69.65,50.81,33.19,Normal,Origen A,Ambiente,Protocolo_1
Embalaje C,38.4,70.92,39.67,84.29,Normal,Origen C,Refrigerado,Protocolo_2
Embalaje C,15.02,28.52,34.64,6.82,Normal,Origen C,Ambiente,Protocolo_1
Embalaje C,59.57,96.11,40.49,1.51,Normal,Origen D,Refrigerado,Protocolo_1
Embalaje C,52.17,86.66,82.77,47.83,Normal,Origen A,Ambiente,Protocolo_1
Embalaje C,32.63,38.29,15.45,95.04,Normal,Origen D,Ambiente,Protocolo_2
Embalaje B,29.6,55.31,37.13,27.66,Frágil,Origen B,Ambiente,Protocolo_2
Embalaje B,50.31,13.52,45.63,59.33,Normal,Origen A,Refrigerado,Protocolo_1
Embalaje B,72.45,68.32,52.53,5.86,Normal,Origen B,Ambiente,Protocolo_1
Embalaje C,45.73,78.47,93.75,52.02,Frágil,Origen A,Ambiente,Protocolo_2
Embalaje C,89.13,70.37,24.72,29.42,Frágil,Origen B,Ambiente,Protocolo_2
Embalaje A,16.57,34.96,39.41,62.18,Normal,Origen B,Ambiente,Protocolo_1
Embalaje B,71.73,43.32,5.42,21.64,Normal,Origen B,Ambiente,Protocolo_1
Embalaje B,41.26,44.36,25.51,86.73,Normal,Origen C,Ambiente,Protocolo_2
Embalaje A,33.99,37.0,39.98,64.52,Normal,Origen D,Ambiente,Protocolo_1
Embalaje A,42.05,98.32,37.39,19.87,Normal,Origen C,Ambiente,Protocolo_1
Embalaje C,53.91,50.7,94.33,50.66,Normal,Origen B,Ambiente,Protocolo_1
Embalaje A,58.66,68.11,77.09,45.39,Normal,Origen B,Refrigerado,Protocolo_1
Embalaje B,91.69,77.3,56.03,6.85,Normal,Origen C,Ambiente,Protocolo_1
Embalaje C,59.1,43.96,30.89,67.77,Normal,Origen B,Ambiente,Protocolo_1
Embalaje C,45.01,35.61,68.22,64.25,Frágil,Origen C,Ambiente,Protocolo_2
Embalaje B,25.48,67.02,91.84,30.19,Frágil,Origen B,Ambiente,Protocolo_2
Embalaje A,13.71,31.03,7.04,7.78,Normal,Origen B,Ambiente,Protocolo_1
Embalaje C,70.56,64.42,86.39,5.72,Normal,Origen A,Refrigerado,Protocolo_1
Embalaje C,56.2,86.8,71.25,56.4,Normal,Origen A,Refrigerado,Protocolo_1
Embalaje B,86.34,34.26,65.25,67.21,Normal,Origen C,Ambiente,Protocolo_1
Embalaje C,94.21,66.74,37.75,48.6,Normal,Origen A,Ambiente,Protocolo_1
Embalaje C,18.95,16.1,41.56,2.91,Normal,Origen C,Refrigerado,Protocolo_1
Embalaje A,51.29,5.78,50.26,4.73,Normal,Origen B,Ambiente,Protocolo_1
Embalaje C,50.53,59.52,94.96,91.49,Normal,Origen B,Ambiente,Protocolo_2
Embalaje C,33.34,6.93,19.74,15.39,Normal,Origen D,Refrigerado,Protocolo_1
Embalaje B,51.47,41.89,14.65,36.02,Normal,Origen D,Ambiente,Protocolo_1
Embalaje B,26.81,72.63,97.48,93.93,Normal,Origen B,Ambiente,Protocolo_2
Embalaje C,91.77,5.3,54.9,82.59,Normal,Origen B,Ambiente,Protocolo_2
Embalaje B,7.76,7.86,57.92,59.91,Normal,Origen B,Ambiente,Protocolo_1
Embalaje C,82.41,14.07,56.3,62.45,Normal,Origen D,Ambiente,Protocolo_1
Embalaje C,62.93,69.65,44.75,93.03,Normal,Origen B,Ambiente,Protocolo_2
Embalaje C,89.82,16.22,50.2,18.08,Normal,Origen A,Ambiente,Protocolo_1
Embalaje C,32.32,91.83,52.26,18.36,Normal,Origen D,Ambiente,Protocolo_1
Embalaje A,14.61,17.44,72.47,60.84,Frágil,Origen C,Ambiente,Protocolo_2
Embalaje B,44.97,79.37,37.96,14.34,Normal,Origen D,Ambiente,Protocolo_1
Embalaje A,38.72,14.31,28.55,51.5,Frágil,Origen A,Ambiente,Protocolo_2
Embalaje A,20.31,83.64,30.79,64.15,Normal,Origen C,Ambiente,Protocolo_1
Embalaje A,41.63,5.73,40.12,23.27,Normal,Origen C,Ambiente,Protocolo_1
Embalaje A,37.35,38.94,62.2,64.37,Normal,Origen A,Ambiente,Protocolo_1
Embalaje B,99.36,99.25,31.19,67.38,Normal,Origen C,Ambiente,Protocolo_1
Embalaje C,36.93,33.01,7.69,70.97,Normal,Origen C,Ambiente,Protocolo_1
Embalaje A,50.75,93.89,30.43,75.97,Frágil,Origen D,Ambiente,Protocolo_2
Embalaje C,6.39,63.51,65.95,72.09,Normal,Origen D,Ambiente,Protocolo_1
Embalaje B,9.62,48.01,30.77,50.38,Normal,Origen D,Ambiente,Protocolo_1
Embalaje A,26.27,76.04,59.81,21.82,Normal,Origen A,Refrigerado,Protocolo_1
Embalaje B,60.37,78.58,94.66,33.09,Frágil,Origen D,Ambiente,Protocolo_2
Embalaje A,29.14,88.07,40.08,63.4,Normal,Origen D,Ambiente,Protocolo_1
Embalaje B,77.39,55.22,58.4,22.08,Normal,Origen D,Ambiente,Protocolo_1
Embalaje B,7.53,69.74,31.35,92.68,Normal,Origen A,Ambiente,Protocolo_2
Embalaje B,8.41,32.65,9.93,45.28,Normal,Origen C,Ambiente,Protocolo_1
Embalaje C,39.67,7.37,79.88,81.48,Normal,Origen C,Ambiente,Protocolo_2
Embalaje A,6.53,33.04,69.05,85.08,Normal,Origen A,Ambiente,Protocolo_2
Embalaje A,83.25,29.6,39.7,52.72,Normal,Origen B,Ambiente,Protocolo_1
Embalaje B,27.58,47.62,62.07,37.02,Normal,Origen D,Ambiente,Protocolo_1
Embalaje C,13.68,7.3,89.08,48.05,Frágil,Origen D,Ambiente,Protocolo_2
Embalaje C,7.69,21.08,91.02,59.05,Normal,Origen D,Ambiente,Protocolo_1
Embalaje A,61.57,99.0,97.63,80.97,Normal,Origen D,Ambiente,Protocolo_2
Embalaje C,17.88,53.48,9.34,20.29,Normal,Origen B,Ambiente,Protocolo_1
Embalaje A,90.37,5.39,19.97,18.75,Normal,Origen A,Ambiente,Protocolo_1
Embalaje C,6.1,86.65,76.55,27.58,Normal,Origen B,Ambiente,Protocolo_1
Embalaje A,96.37,41.74,82.2,15.72,Normal,Origen A,Ambiente,Protocolo_1
Embalaje C,75.8,43.32,61.74,50.27,Normal,Origen C,Ambiente,Protocolo_1
Embalaje A,18.44,25.87,90.66,73.73,Normal,Origen D,Ambiente,Protocolo_1
Embalaje B,22.25,89.28,18.47,81.71,Normal,Origen B,Ambiente,Protocolo_2
Embalaje A,83.8,12.08,65.78,6.52,Normal,Origen B,Ambiente,Protocolo_1
Embalaje C,83.76,37.11,79.26,95.38,Normal,Origen A,Refrigerado,Protocolo_2
Embalaje C,81.85,32.0,29.55,21.5,Normal,Origen B,Ambiente,Protocolo_1
Embalaje C,94.46,41.6,22.64,35.08,Normal,Origen B,Ambiente,Protocolo_1
Embalaje A,42.5,97.61,69.29,68.33,Frágil,Origen D,Ambiente,Protocolo_2
Embalaje C,56.28,91.73,65.6,21.3,Frágil,Origen C,Ambiente,Protocolo_2
Embalaje B,98.18,72.1,84.88,43.79,Normal,Origen B,Ambiente,Protocolo_1
Embalaje A,89.17,24.1,22.32,92.01,Normal,Origen A,Ambiente,Protocolo_2
Embalaje B,67.36,88.03,15.82,23.42,Normal,Origen D,Ambiente,Protocolo_1
Embalaje B,29.71,89.93,58.47,4.07,Normal,Origen A,Ambiente,Protocolo_1
Embalaje B,59.28,43.25,59.17,17.28,Frágil,Origen A,Ambiente,Protocolo_2
Embalaje A,28.93,34.21,96.11,25.45,Normal,Origen D,Ambiente,Protocolo_1
Embalaje B,92.27,6.21,77.46,73.12,Frágil,Origen A,Refrigerado,Protocolo_2
Embalaje C,24.08,51.83,67.78,84.82,Normal,Origen C,Ambiente,Protocolo_2
Embalaje A,65.49,99.54,92.95,65.94,Normal,Origen D,Ambiente,Protocolo_1
Embalaje B,36.33,41.96,79.16,91.67,Normal,Origen C,Ambiente,Protocolo_2
Embalaje B,21.83,6.09,9.91,51.16,Normal,Origen B,Ambiente,Protocolo_1
Embalaje C,79.17,84.4,98.64,48.94,Normal,Origen D,Ambiente,Protocolo_1
Embalaje A,58.26,34.37,95.32,59.89,Frágil,Origen D,Ambiente,Protocolo_2
Embalaje C,93.84,98.75,39.59,72.4,Normal,Origen D,Ambiente,Protocolo_1
Embalaje A,5.4,32.09,72.21,33.7,Normal,Origen C,Ambiente,Protocolo_1
Embalaje C,94.11,86.57,63.39,32.9,Normal,Origen C,Refrigerado,Protocolo_1
Embalaje A,18.28,30.07,89.72,59.86,Normal,Origen C,Refrigerado,Protocolo_1
Embalaje B,41.33,29.18,88.96,28.5,Normal,Origen B,Ambiente,Protocolo_1
Embalaje C,79.92,88.26,60.79,15.23,Normal,Origen B,Ambiente,Protocolo_1
Embalaje B,61.64,68.84,46.11,6.89,Normal,Origen B,Ambiente,Protocolo_1
Embalaje C,72.64,14.15,21.55,74.44,Frágil,Origen D,Ambiente,Protocolo_2
Embalaje A,67.48,97.93,30.06,22.52,Normal,Origen D,Ambiente,Protocolo_1
Embalaje B,88.84,76.29,59.4,28.28,Normal,Origen D,Ambiente,Protocolo_1
Embalaje B,8.15,60.3,34.88,35.66,Normal,Origen D,Refrigerado,Protocolo_1
Embalaje A,30.41,50.17,13.03,11.6,Frágil,Origen C,Ambiente,Protocolo_2
Embalaje C,64.53,70.46,76.99,9.06,Normal,Origen C,Ambiente,Protocolo_1
Embalaje C,6.38,69.57,21.96,10.51,Normal,Origen B,Ambiente,Protocolo_1
Embalaje A,12.52,5.85,57.64,1.05,Normal,Origen C,Ambiente,Protocolo_1
Embalaje A,71.27,33.52,55.42,94.4,Normal,Origen D,Ambiente,Protocolo_2
Embalaje B,11.93,91.9,58.58,48.02,Normal,Origen B,Ambiente,Protocolo_1
Embalaje A,96.08,11.94,20.28,29.86,Normal,Origen B,Ambiente,Protocolo_1
Embalaje A,11.93,26.64,96.43,78.41,Normal,Origen B,Ambiente,Protocolo_1
Embalaje A,73.68,58.03,13.61,54.55,Normal,Origen D,Ambiente,Protocolo_1
Embalaje B,21.77,92.37,40.48,57.98,Normal,Origen C,Ambiente,Protocolo_1
Embalaje B,94.44,72.98,89.07,79.72,Normal,Origen A,Ambiente,Protocolo_1
Embalaje C,8.49,18.25,47.12,21.84,Normal,Origen D,Ambiente,Protocolo_1
Embalaje B,25.32,52.3,91.51,70.5,Normal,Origen D,Ambiente,Protocolo_1
Embalaje B,76.4,68.71,98.24,31.02,Frágil,Origen B,Ambiente,Protocolo_2
Embalaje C,65.85,12.2,20.26,19.23,Normal,Origen A,Ambiente,Protocolo_1
Embalaje A,81.5,82.94,22.67,12.14,Normal,Origen B,Ambiente,Protocolo_1
Embalaje B,63.76,69.25,88.95,1.83,Normal,Origen D,Refrigerado,Protocolo_1
Embalaje C,37.5,21.83,70.91,89.59,Normal,Origen C,Ambiente,Protocolo_2
Embalaje A,8.62,41.9,89.6,25.21,Normal,Origen D,Ambiente,Protocolo_1
Embalaje A,8.76,70.11,25.62,24.67,Normal,Origen C,Ambiente,Protocolo_1
Embalaje A,7.25,48.06,69.85,20.02,Frágil,Origen C,Ambiente,Protocolo_2
Embalaje C,43.09,37.05,73.59,80.76,Frágil,Origen C,Ambiente,Protocolo_2
Embalaje B,59.77,69.82,74.31,68.74,Normal,Origen D,Ambiente,Protocolo_1
Embalaje A,81.38,67.06,34.01,94.53,Normal,Origen D,Refrigerado,Protocolo_2
Embalaje C,69.14,92.0,92.48,62.96,Normal,Origen A,Ambiente,Protocolo_1
Embalaje A,86.8,10.13,81.92,73.25,Normal,Origen D,Ambiente,Protocolo_1
Embalaje B,37.03,24.46,9.32,49.92,Normal,Origen A,Ambiente,Protocolo_1
Embalaje C,30.76,97.95,25.72,4.0,Normal,Origen C,Refrigerado,Protocolo_1
Embalaje A,54.49,21.3,66.46,47.99,Normal,Origen A,Ambiente,Protocolo_1
Embalaje B,91.06,18.5,46.93,12.81,Normal,Origen D,Ambiente,Protocolo_1
Embalaje C,13.32,65.49,47.4,22.78,Normal,Origen D,Ambiente,Protocolo_1
Embalaje A,11.47,78.15,47.34,72.54,Normal,Origen D,Refrigerado,Protocolo_1
Embalaje C,22.62,14.9,53.55,69.72,Frágil,Origen D,Ambiente,Protocolo_2
Embalaje C,44.91,83.84,67.32,39.87,Frágil,Origen C,Ambiente,Protocolo_2
Embalaje C,68.74,76.56,96.86,14.6,Normal,Origen A,Ambiente,Protocolo_1
Embalaje A,80.32,25.79,96.1,29.55,Normal,Origen A,Ambiente,Protocolo_1
Embalaje A,94.92,39.96,42.35,77.68,Frágil,Origen D,Ambiente,Protocolo_2
Embalaje B,49.16,37.44,31.66,60.67,Normal,Origen D,Ambiente,Protocolo_1
Embalaje A,50.79,11.93,16.49,70.33,Normal,Origen A,Ambiente,Protocolo_1
Embalaje A,52.59,12.18,26.58,55.37,Normal,Origen B,Ambiente,Protocolo_1
Embalaje A,8.27,30.29,66.86,5.83,Normal,Origen B,Ambiente,Protocolo_1
Embalaje A,26.79,91.76,38.04,11.86,Normal,Origen D,Ambiente,Protocolo_1
Embalaje A,85.93,99.33,67.35,16.04,Normal,Origen D,Ambiente,Protocolo_1
Embalaje A,16.56,59.18,29.35,6.34,Normal,Origen B,Ambiente,Protocolo_1
Embalaje B,15.43,33.44,9.77,10.21,Frágil,Origen B,Ambiente,Protocolo_2
Embalaje C,94.14,10.54,87.37,44.72,Normal,Origen D,Ambiente,Protocolo_1
Embalaje B,70.4,43.46,15.99,81.07,Frágil,Origen B,Ambiente,Protocolo_2
Embalaje B,73.07,26.33,46.7,59.63,Normal,Origen B,Ambiente,Protocolo_1
Embalaje C,63.47,20.74,21.55,94.01,Normal,Origen A,Refrigerado,Protocolo_2
Embalaje B,34.75,27.62,53.36,40.26,Normal,Origen C,Ambiente,Protocolo_1
Embalaje C,90.13,69.04,52.57,50.99,Normal,Origen D,Ambiente,Protocolo_1
Embalaje B,33.14,91.76,14.06,71.58,Normal,Origen A,Ambiente,Protocolo_1
Embalaje A,14.7,64.96,82.24,79.78,Normal,Origen D,Ambiente,Protocolo_1
Embalaje C,29.79,78.75,7.98,53.86,Frágil,Origen C,Ambiente,Protocolo_2
Embalaje C,52.2,74.5,23.72,31.41,Normal,Origen D,Ambiente,Protocolo_1
Embalaje C,36.65,79.19,38.56,68.75,Normal,Origen A,Ambiente,Protocolo_1
Embalaje C,52.54,44.31,69.07,79.12,Normal,Origen B,Ambiente,Protocolo_1
Embalaje A,66.48,69.29,31.24,16.3,Normal,Origen D,Ambiente,Protocolo_1
Embalaje B,87.62,8.54,54.74,11.91,Normal,Origen C,Ambiente,Protocolo_1
Embalaje B,32.78,52.81,35.63,7.55,Frágil,Origen A,Ambiente,Protocolo_2
Embalaje A,29.5,86.1,10.99,32.32,Normal,Origen A,Ambiente,Protocolo_1
Embalaje C,95.55,90.11,62.81,46.69,Normal,Origen B,Ambiente,Protocolo_1
Embalaje B,93.42,18.86,5.52,28.91,Normal,Origen C,Ambiente,Protocolo_1
Embalaje A,35.14,18.43,69.42,85.68,Frágil,Origen B,Ambiente,Protocolo_2
Embalaje B,46.33,61.5,21.76,82.52,Normal,Origen C,Ambiente,Protocolo_2
Embalaje A,70.15,96.18,59.28,94.04,Normal,Origen B,Ambiente,Protocolo_2
Embalaje C,39.13,24.01,82.82,57.23,Normal,Origen D,Ambiente,Protocolo_1
Embalaje A,15.4,65.83,10.74,95.95,Normal,Origen A,Ambiente,Protocolo_2
Embalaje B,20.54,23.86,39.71,13.08,Normal,Origen B,Ambiente,Protocolo_1
Embalaje A,60.18,95.78,43.57,42.64,Normal,Origen D,Ambiente,Protocolo_1
Embalaje C,58.27,97.88,73.88,23.44,Normal,Origen C,Ambiente,Protocolo_1
Embalaje B,22.41,21.31,45.31,5.15,Normal,Origen C,Ambiente,Protocolo_1
Embalaje B,27.25,92.77,6.75,36.37,Normal,Origen C,Ambiente,Protocolo_1
Embalaje C,51.61,78.28,35.02,39.44,Normal,Origen A,Ambiente,Protocolo_1
Embalaje A,10.87,78.93,92.21,75.57,Normal,Origen D,Ambiente,Protocolo_1
Embalaje B,5.8,95.48,24.14,2.89,Frágil,Origen C,Ambiente,Protocolo_2
Embalaje A,19.9,88.17,63.8,7.43,Normal,Origen B,Ambiente,Protocolo_1
Embalaje A,9.71,64.22,12.4,21.64,Frágil,Origen C,Ambiente,Protocolo_2
Embalaje B,33.51,57.23,55.81,2.99,Normal,Origen B,Ambiente,Protocolo_1
Embalaje B,94.38,53.48,20.05,26.95,Normal,Origen A,Ambiente,Protocolo_1
Embalaje B,84.88,27.2,92.38,91.32,Normal,Origen D,Refrigerado,Protocolo_2
Embalaje A,48.42,74.3,80.33,98.42,Normal,Origen B,Ambiente,Protocolo_2
Embalaje C,79.42,24.98,53.64,11.2,Normal,Origen D,Ambiente,Protocolo_1
Embalaje B,71.43,52.7,13.98,27.5,Frágil,Origen A,Ambiente,Protocolo_2
Embalaje A,8.44,60.74,87.07,23.87,Normal,Origen C,Ambiente,Protocolo_1
Embalaje B,27.37,42.48,23.64,54.77,Normal,Origen D,Ambiente,Protocolo_1
Embalaje B,60.79,70.99,32.78,99.14,Normal,Origen D,Ambiente,Protocolo_2
Embalaje A,68.14,38.34,58.78,24.05,Normal,Origen A,Ambiente,Protocolo_1
Embalaje A,54.53,13.2,34.75,21.69,Frágil,Origen A,Ambiente,Protocolo_2
Embalaje B,29.15,46.32,64.94,39.17,Normal,Origen B,Ambiente,Protocolo_1
Embalaje B,8.79,62.01,84.74,41.6,Normal,Origen A,Ambiente,Protocolo_1
Embalaje B,88.11,22.67,94.43,11.71,Frágil,Origen A,Ambiente,Protocolo_2
Embalaje B,19.83,87.88,17.9,84.96,Normal,Origen A,Ambiente,Protocolo_2
Embalaje B,64.57,52.47,86.52,63.33,Normal,Origen C,Ambiente,Protocolo_1
Embalaje C,6.27,27.62,45.14,45.53,Normal,Origen C,Ambiente,Protocolo_1
Embalaje C,52.04,56.58,80.7,97.78,Normal,Origen A,Ambiente,Protocolo_2
Embalaje A,69.03,23.37,88.02,36.78,Normal,Origen B,Ambiente,Protocolo_1
Embalaje B,80.95,25.85,71.44,19.8,Normal,Origen D,Ambiente,Protocolo_1
Embalaje B,26.34,78.91,48.78,58.95,Normal,Origen C,Ambiente,Protocolo_1
Embalaje A,45.61,61.18,67.55,80.73,Normal,Origen B,Ambiente,Protocolo_2
Embalaje A,43.5,53.55,97.42,81.9,Normal,Origen A,Ambiente,Protocolo_2
Embalaje A,32.7,76.36,64.94,46.21,Normal,Origen B,Ambiente,Protocolo_1
Embalaje B,54.13,60.19,95.56,16.39,Normal,Origen A,Ambiente,Protocolo_1
Embalaje C,44.84,57.2,18.43,36.23,Normal,Origen D,Refrigerado,Protocolo_1
Embalaje C,66.68,97.88,66.69,24.69,Normal,Origen C,Ambiente,Protocolo_1
Embalaje B,84.99,20.54,82.64,72.17,Frágil,Origen B,Ambiente,Protocolo_2
Embalaje C,16.74,98.62,42.06,33.17,Frágil,Origen C,Refrigerado,Protocolo_2
Embalaje A,12.65,87.88,40.83,21.47,Normal,Origen D,Ambiente,Protocolo_1
Embalaje C,35.97,53.88,53.5,27.49,Normal,Origen C,Ambiente,Protocolo_1
Embalaje A,97.9,29.35,65.54,63.08,Normal,Origen B,Ambiente,Protocolo_1
Embalaje C,72.72,60.63,5.75,78.4,Frágil,Origen B,Refrigerado,Protocolo_2
Embalaje C,47.63,57.92,32.87,68.97,Normal,Origen C,Ambiente,Protocolo_1
Embalaje A,17.57,11.26,37.21,4.89,Normal,Origen B,Ambiente,Protocolo_1
Embalaje B,69.73,43.12,30.14,79.8,Frágil,Origen D,Ambiente,Protocolo_2
Embalaje A,60.79,12.79,32.0,10.32,Normal,Origen A,Ambiente,Protocolo_1
Embalaje A,63.46,83.63,38.2,89.13,Normal,Origen D,Ambiente,Protocolo_2
Embalaje B,46.47,47.88,47.24,75.86,Normal,Origen D,Ambiente,Protocolo_1
Embalaje A,10.92,97.74,34.32,13.58,Normal,Origen C,Ambiente,Protocolo_1
Embalaje B,76.63,60.35,15.75,81.18,Normal,Origen D,Ambiente,Protocolo_2
Embalaje B,51.07,82.74,47.42,13.53,Normal,Origen B,Ambiente,Protocolo_1
Embalaje A,78.07,53.16,54.25,13.52,Normal,Origen D,Ambiente,Protocolo_1
Embalaje B,88.12,52.68,6.67,72.26,Normal,Origen A,Ambiente,Protocolo_1
Embalaje B,78.87,98.04,42.01,66.52,Normal,Origen D,Ambiente,Protocolo_1
Embalaje A,11.11,30.04,74.93,49.6,Normal,Origen C,Ambiente,Protocolo_1
Embalaje C,75.35,11.64,20.28,62.66,Normal,Origen B,Refrigerado,Protocolo_1
Embalaje C,50.1,70.0,35.23,24.78,Normal,Origen C,Ambiente,Protocolo_1
Embalaje A,69.04,42.31,22.87,48.47,Normal,Origen B,Ambiente,Protocolo_1
Embalaje A,15.09,74.24,46.72,74.9,Normal,Origen A,Ambiente,Protocolo_1
Embalaje B,28.77,10.9,87.51,82.7,Normal,Origen A,Ambiente,Protocolo_2
Embalaje B,89.39,36.5,79.4,52.36,Normal,Origen C,Ambiente,Protocolo_1
Embalaje C,12.49,30.32,29.61,9.56,Normal,Origen D,Ambiente,Protocolo_1
Embalaje C,14.67,52.57,48.78,89.66,Normal,Origen B,Ambiente,Protocolo_2
Embalaje B,56.47,8.81,90.77,79.51,Normal,Origen B,Ambiente,Protocolo_1
Embalaje A,10.23,90.91,77.33,61.26,Normal,Origen D,Ambiente,Protocolo_1
Embalaje A,39.84,61.38,67.98,78.86,Frágil,Origen D,Ambiente,Protocolo_2
Embalaje B,84.99,36.52,49.47,84.36,Normal,Origen C,Ambiente,Protocolo_2
Embalaje A,36.05,74.31,65.11,99.63,Normal,Origen A,Ambiente,Protocolo_2
Embalaje B,28.69,38.79,38.31,27.46,Normal,Origen B,Ambiente,Protocolo_1
Embalaje B,74.6,78.39,53.52,32.64,Normal,Origen A,Ambiente,Protocolo_1
Embalaje C,65.0,75.24,18.79,44.92,Frágil,Origen D,Ambiente,Protocolo_2
Embalaje C,78.0,17.52,11.18,63.7,Normal,Origen A,Ambiente,Protocolo_1
Embalaje B,18.27,70.25,37.44,65.22,Normal,Origen B,Ambiente,Protocolo_1
Embalaje B,36.73,59.28,28.73,44.57,Normal,Origen D,Ambiente,Protocolo_1
Embalaje C,17.41,65.9,23.26,3.41,Normal,Origen C,Ambiente,Protocolo_1
Embalaje A,77.77,62.85,55.19,92.36,Normal,Origen B,Ambiente,Protocolo_2
Embalaje A,58.17,50.56,42.5,46.46,Normal,Origen D,Ambiente,Protocolo_1
Embalaje A,90.07,47.45,85.59,83.13,Normal,Origen C,Ambiente,Protocolo_2
Embalaje B,12.11,32.39,56.2,25.95,Frágil,Origen B,Ambiente,Protocolo_2
Embalaje A,37.09,84.39,18.66,2.44,Normal,Origen A,Refrigerado,Protocolo_1
Embalaje C,94.62,44.66,81.2,55.72,Normal,Origen A,Ambiente,Protocolo_1
Embalaje B,73.58,62.99,35.55,72.11,Normal,Origen D,Ambiente,Protocolo_1
Embalaje C,40.2,9.37,21.58,9.25,Normal,Origen C,Ambiente,Protocolo_1
Embalaje A,77.39,60.27,79.85,40.36,Normal,Origen B,Ambiente,Protocolo_1
Embalaje C,35.78,52.78,5.35,15.62,Normal,Origen C,Ambiente,Protocolo_1
Embalaje C,41.33,62.16,36.65,62.1,Normal,Origen C,Ambiente,Protocolo_1
Embalaje C,84.68,6.72,58.9,62.49,Normal,Origen B,Ambiente,Protocolo_1
Embalaje B,34.91,45.21,25.75,91.84,Normal,Origen A,Ambiente,Protocolo_2
Embalaje C,24.32,69.91,99.06,59.8,Normal,Origen A,Ambiente,Protocolo_1
Embalaje A,94.24,56.27,81.4,75.7,Normal,Origen B,Ambiente,Protocolo_1
Embalaje A,47.63,12.35,78.47,81.85,Frágil,Origen C,Ambiente,Protocolo_2
Embalaje B,80.68,37.43,32.59,93.15,Normal,Origen B,Ambiente,Protocolo_2
Embalaje B,12.36,48.25,85.69,82.42,Normal,Origen C,Ambiente,Protocolo_2
Embalaje C,89.45,11.43,43.15,75.33,Frágil,Origen D,Ambiente,Protocolo_2
Embalaje C,61.91,81.79,30.28,19.45,Normal,Origen B,Refrigerado,Protocolo_1
Embalaje A,71.0,37.76,43.42,85.18,Normal,Origen B,Ambiente,Protocolo_2
Embalaje A,56.86,21.14,21.14,75.22,Normal,Origen A,Ambiente,Protocolo_1
Embalaje B,22.64,39.26,94.47,43.92,Frágil,Origen A,Ambiente,Protocolo_2
Embalaje A,35.73,50.66,83.46,50.48,Normal,Origen A,Ambiente,Protocolo_1
Embalaje C,27.97,53.75,35.0,50.36,Normal,Origen C,Refrigerado,Protocolo_1
Embalaje C,47.73,26.52,12.19,73.8,Frágil,Origen C,Ambiente,Protocolo_2
Embalaje C,64.98,95.22,45.8,39.58,Normal,Origen D,Ambiente,Protocolo_1
Embalaje C,12.31,96.77,91.5,74.56,Normal,Origen C,Ambiente,Protocolo_1
Embalaje A,78.09,88.26,54.27,59.8,Frágil,Origen D,Ambiente,Protocolo_2
Embalaje C,38.84,86.81,93.86,76.91,Frágil,Origen B,Ambiente,Protocolo_2
Embalaje B,80.26,78.88,19.66,91.51,Normal,Origen B,Ambiente,Protocolo_2
Embalaje A,59.89,94.82,95.66,79.12,Frágil,Origen D,Ambiente,Protocolo_2
Embalaje B,63.63,63.3,54.63,45.57,Normal,Origen D,Ambiente,Protocolo_1
Embalaje B,16.02,39.24,28.04,79.61,Frágil,Origen D,Refrigerado,Protocolo_2
Embalaje C,80.66,26.82,17.92,5.91,Normal,Origen D,Ambiente,Protocolo_1
Embalaje C,7.99,70.33,15.31,92.87,Normal,Origen A,Ambiente,Protocolo_2
Embalaje B,75.5,45.39,59.31,47.82,Normal,Origen C,Ambiente,Protocolo_1
Embalaje A,38.72,42.44,78.52,33.66,Normal,Origen C,Ambiente,Protocolo_1
Embalaje B,81.14,35.68,12.67,28.77,Normal,Origen D,Ambiente,Protocolo_1
Embalaje B,5.57,81.85,70.65,90.83,Frágil,Origen C,Ambiente,Protocolo_2
Embalaje A,51.4,24.63,65.35,95.7,Normal,Origen C,Ambiente,Protocolo_2
Embalaje B,16.63,25.09,66.28,87.89,Frágil,Origen D,Ambiente,Protocolo_2
Embalaje B,16.74,62.31,90.13,99.7,Frágil,Origen A,Ambiente,Protocolo_2
Embalaje C,5.2,16.89,14.1,23.82,Frágil,Origen A,Refrigerado,Protocolo_2
Embalaje A,35.41,48.16,8.67,2.07,Frágil,Origen A,Ambiente,Protocolo_2
Embalaje A,33.42,33.49,19.66,3.23,Normal,Origen B,Ambiente,Protocolo_1
Embalaje B,77.47,11.8,69.28,34.05,Normal,Origen B,Refrigerado,Protocolo_1
Embalaje A,17.79,54.72,26.95,99.35,Normal,Origen B,Ambiente,Protocolo_2
Embalaje C,13.77,50.22,39.72,44.56,Normal,Origen C,Ambiente,Protocolo_1
Embalaje B,47.8,39.08,13.36,23.49,Normal,Origen A,Ambiente,Protocolo_1
Embalaje A,66.9,58.76,13.61,8.79,Normal,Origen D,Ambiente,Protocolo_1
Embalaje B,46.92,90.81,82.44,48.19,Normal,Origen C,Ambiente,Protocolo_1
Embalaje B,38.3,58.65,9.26,40.29,Normal,Origen C,Refrigerado,Protocolo_1
Embalaje B,21.61,19.66,51.1,5.77,Normal,Origen C,Refrigerado,Protocolo_1
Embalaje C,27.24,69.17,41.28,33.65,Normal,Origen A,Ambiente,Protocolo_1
Embalaje C,70.24,70.35,80.25,62.59,Frágil,Origen A,Ambiente,Protocolo_2
Embalaje B,77.18,92.33,78.06,37.1,Normal,Origen B,Ambiente,Protocolo_1
Embalaje C,13.64,12.69,19.36,46.05,Normal,Origen C,Ambiente,Protocolo_1
Embalaje C,79.74,43.35,40.12,4.27,Normal,Origen D,Ambiente,Protocolo_1
Embalaje C,79.57,10.09,40.08,61.16,Normal,Origen A,Ambiente,Protocolo_1
Embalaje B,75.28,51.36,63.78,62.98,Normal,Origen B,Ambiente,Protocolo_1
Embalaje C,22.52,36.44,64.19,16.2,Normal,Origen B,Refrigerado,Protocolo_1
Embalaje B,67.92,30.75,8.54,97.14,Normal,Origen B,Ambiente,Protocolo_2
Embalaje B,45.07,62.31,82.12,32.97,Normal,Origen C,Ambiente,Protocolo_1
Embalaje B,38.24,39.14,8.11,12.14,Normal,Origen D,Ambiente,Protocolo_1
Embalaje C,91.82,14.79,8.56,86.88,Normal,Origen D,Ambiente,Protocolo_2
Embalaje C,77.06,27.27,68.93,9.69,Normal,Origen D,Ambiente,Protocolo_1
Embalaje C,52.29,74.89,89.0,25.5,Normal,Origen D,Ambiente,Protocolo_1
Embalaje A,61.42,49.21,11.16,33.11,Normal,Origen B,Ambiente,Protocolo_1
Embalaje C,21.4,77.4,64.04,65.1,Normal,Origen A,Ambiente,Protocolo_1
Embalaje A,20.96,20.69,45.66,35.93,Normal,Origen D,Ambiente,Protocolo_1
Embalaje C,42.01,62.36,18.51,63.84,Frágil,Origen A,Ambiente,Protocolo_2
Embalaje B,41.58,21.24,70.71,8.6,Frágil,Origen B,Ambiente,Protocolo_2
Embalaje B,64.12,44.83,77.75,67.06,Normal,Origen B,Ambiente,Protocolo_1
Embalaje C,62.64,77.44,87.82,2.29,Normal,Origen B,Ambiente,Protocolo_1
Embalaje B,46.92,22.54,90.46,22.12,Normal,Origen C,Ambiente,Protocolo_1
Embalaje A,44.65,55.09,48.95,16.29,Normal,Origen D,Ambiente,Protocolo_1
Embalaje B,48.65,17.95,35.99,8.15,Normal,Origen B,Ambiente,Protocolo_1
Embalaje C,70.14,59.66,59.03,6.62,Normal,Origen C,Ambiente,Protocolo_1
Embalaje B,43.1,31.62,63.89,66.08,Normal,Origen B,Ambiente,Protocolo_1
Embalaje A,45.03,71.29,30.92,15.37,Normal,Origen B,Ambiente,Protocolo_1
Embalaje C,35.11,43.26,63.06,69.29,Normal,Origen C,Ambiente,Protocolo_1
Embalaje B,69.28,46.95,55.63,72.22,Frágil,Origen B,Ambiente,Protocolo_2
Embalaje B,75.81,56.13,34.17,86.94,Normal,Origen D,Ambiente,Protocolo_2
Embalaje C,29.97,88.02,56.64,25.8,Frágil,Origen A,Ambiente,Protocolo_2
Embalaje B,98.75,97.64,49.15,35.03,Frágil,Origen D,Ambiente,Protocolo_2
Embalaje C,28.7,20.65,35.18,78.15,Normal,Origen D,Ambiente,Protocolo_1
Embalaje B,81.13,38.29,47.45,18.83,Normal,Origen B,Ambiente,Protocolo_1
Embalaje A,14.21,68.55,97.87,1.73,Normal,Origen D,Ambiente,Protocolo_1
Embalaje B,60.27,52.22,53.09,65.07,Frágil,Origen A,Ambiente,Protocolo_2
Embalaje C,7.53,63.16,49.53,22.89,Frágil,Origen D,Ambiente,Protocolo_2
Embalaje C,44.92,43.09,72.28,31.3,Normal,Origen C,Ambiente,Protocolo_1
Embalaje A,32.69,96.38,60.0,61.4,Normal,Origen A,Ambiente,Protocolo_1
Embalaje B,34.78,95.8,76.82,48.56,Frágil,Origen D,Ambiente,Protocolo_2
Embalaje C,40.16,86.74,93.39,2.26,Frágil,Origen C,Ambiente,Protocolo_2
Embalaje B,59.16,24.36,67.17,63.92,Normal,Origen D,Ambiente,Protocolo_1
Embalaje C,57.5,78.03,92.55,27.79,Normal,Origen C,Ambiente,Protocolo_1
Embalaje B,55.47,6.25,41.93,38.28,Normal,Origen B,Refrigerado,Protocolo_1
Embalaje A,53.15,77.74,40.49,58.37,Frágil,Origen A,Ambiente,Protocolo_2
Embalaje B,96.64,71.77,82.77,23.6,Normal,Origen B,Refrigerado,Protocolo_1
Embalaje A,22.36,47.75,83.3,25.86,Normal,Origen A,Ambiente,Protocolo_1
Embalaje C,80.47,19.73,73.84,70.07,Normal,Origen A,Ambiente,Protocolo_1
Embalaje C,11.14,51.08,79.5,3.82,Normal,Origen A,Ambiente,Protocolo_1
Embalaje B,54.49,38.94,87.19,36.65,Frágil,Origen C,Ambiente,Protocolo_2
Embalaje C,52.43,24.51,58.38,45.5,Normal,Origen C,Refrigerado,Protocolo_1
Embalaje C,96.8,51.66,21.24,38.73,Normal,Origen D,Ambiente,Protocolo_1
Embalaje C,37.73,65.85,70.22,63.25,Normal,Origen D,Ambiente,Protocolo_1
Embalaje C,94.99,24.74,18.45,91.36,Frágil,Origen C,Ambiente,Protocolo_2
Embalaje A,41.48,62.49,15.91,71.31,Normal,Origen A,Ambiente,Protocolo_1
Embalaje C,74.04,36.08,9.7,74.45,Normal,Origen B,Ambiente,Protocolo_1
Embalaje C,95.55,31.77,69.05,88.79,Normal,Origen D,Ambiente,Protocolo_2
Embalaje C,94.81,61.89,55.24,42.85,Frágil,Origen D,Ambiente,Protocolo_2
Embalaje B,61.5,74.95,92.05,11.82,Normal,Origen C,Ambiente,Protocolo_1
Embalaje A,74.2,58.23,43.65,58.43,Normal,Origen B,Ambiente,Protocolo_1
Embalaje C,90.42,27.59,30.02,65.92,Normal,Origen C,Ambiente,Protocolo_1
Embalaje C,32.35,50.14,32.64,78.67,Frágil,Origen A,Ambiente,Protocolo_2
Embalaje A,34.13,71.35,19.82,54.35,Normal,Origen C,Ambiente,Protocolo_1
Embalaje A,57.39,99.27,25.59,61.04,Normal,Origen C,Ambiente,Protocolo_1
Embalaje C,16.02,77.42,83.73,36.54,Normal,Origen D,Ambiente,Protocolo_1
Embalaje C,61.71,97.73,87.99,16.75,Frágil,Origen A,Ambiente,Protocolo_2
Embalaje C,34.68,98.59,69.08,42.77,Normal,Origen D,Ambiente,Protocolo_1
Embalaje A,15.56,46.64,97.73,70.52,Normal,Origen D,Ambiente,Protocolo_1
Embalaje A,16.51,28.34,40.52,75.45,Normal,Origen D,Ambiente,Protocolo_1
Embalaje C,81.29,97.32,51.95,69.25,Normal,Origen B,Ambiente,Protocolo_1
Embalaje C,26.78,36.9,59.08,77.56,Normal,Origen C,Ambiente,Protocolo_1
Embalaje C,7.97,82.89,40.14,84.94,Normal,Origen A,Ambiente,Protocolo_2
Embalaje A,91.65,76.45,22.48,25.76,Normal,Origen A,Ambiente,Protocolo_1
Embalaje C,71.61,82.69,73.14,87.55,Normal,Origen A,Ambiente,Protocolo_2
Embalaje B,22.63,22.8,52.59,18.89,Frágil,Origen A,Ambiente,Protocolo_2
Embalaje A,56.49,67.62,5.77,24.42,Normal,Origen C,Ambiente,Protocolo_1
Embalaje A,84.61,93.14,29.53,85.89,Normal,Origen A,Ambiente,Protocolo_2
Embalaje B,61.78,53.16,62.2,1.45,Frágil,Origen D,Refrigerado,Protocolo_2
Embalaje C,98.22,90.22,86.53,46.64,Normal,Origen B,Ambiente,Protocolo_1
Embalaje A,20.94,93.31,9.07,19.52,Normal,Origen D,Ambiente,Protocolo_1
Embalaje B,74.37,91.18,29.67,56.12,Normal,Origen A,Ambiente,Protocolo_1
Embalaje A,91.33,90.74,29.93,39.89,Frágil,Origen C,Ambiente,Protocolo_2
Embalaje C,49.91,32.92,79.83,84.2,Frágil,Origen C,Ambiente,Protocolo_2
Embalaje C,33.49,8.74,70.35,67.79,Frágil,Origen A,Ambiente,Protocolo_2
Embalaje C,98.04,25.29,98.61,52.67,Normal,Origen A,Ambiente,Protocolo_1
Embalaje A,89.04,38.79,63.24,59.37,Normal,Origen A,Ambiente,Protocolo_1
Embalaje C,32.78,16.87,69.47,33.08,Normal,Origen D,Ambiente,Protocolo_1
Embalaje B,74.45,46.92,62.65,8.14,Normal,Origen A,Ambiente,Protocolo_1
Embalaje A,29.01,60.21,37.34,6.71,Frágil,Origen B,Ambiente,Protocolo_2
Embalaje A,26.87,8.92,63.19,52.4,Normal,Origen B,Ambiente,Protocolo_1
Embalaje B,48.51,21.83,54.29,20.05,Normal,Origen A,Ambiente,Protocolo_1
Embalaje C,38.54,50.89,65.16,70.83,Normal,Origen C,Ambiente,Protocolo_1
Embalaje B,55.03,55.53,22.89,67.41,Normal,Origen B,Ambiente,Protocolo_1
Embalaje C,83.53,26.68,67.62,97.94,Normal,Origen C,Ambiente,Protocolo_2
Embalaje C,70.24,15.32,83.15,88.51,Normal,Origen B,Ambiente,Protocolo_2
Embalaje C,46.07,81.01,58.19,33.02,Normal,Origen C,Ambiente,Protocolo_1
Embalaje C,60.02,27.33,11.64,40.04,Normal,Origen A,Ambiente,Protocolo_1
Embalaje B,60.0,21.17,82.65,49.67,Frágil,Origen A,Ambiente,Protocolo_2
Embalaje A,5.48,53.3,70.98,96.91,Frágil,Origen A,Ambiente,Protocolo_2
Embalaje A,20.67,17.65,29.86,84.44,Normal,Origen D,Ambiente,Protocolo_2
Embalaje B,80.83,23.91,56.18,62.29,Frágil,Origen B,Ambiente,Protocolo_2
Embalaje C,81.0,19.95,46.9,62.61,Frágil,Origen A,Ambiente,Protocolo_2
Embalaje A,17.04,35.49,57.39,31.05,Normal,Origen B,Ambiente,Protocolo_1
Embalaje B,19.17,50.48,36.59,15.09,Normal,Origen C,Ambiente,Protocolo_1
Embalaje A,13.32,65.41,37.72,56.07,Frágil,Origen A,Ambiente,Protocolo_2
Embalaje C,89.99,10.14,76.29,28.74,Normal,Origen A,Ambiente,Protocolo_1
Embalaje C,47.53,88.09,60.94,38.99,Frágil,Origen D,Ambiente,Protocolo_2
Embalaje A,86.48,66.38,73.13,24.93,Frágil,Origen A,Ambiente,Protocolo_2
Embalaje A,35.77,49.34,92.03,47.36,Normal,Origen D,Ambiente,Protocolo_1
Embalaje A,87.36,62.03,70.82,26.5,Frágil,Origen A,Ambiente,Protocolo_2
Embalaje B,45.96,44.27,71.0,29.97,Normal,Origen D,Ambiente,Protocolo_1
Embalaje C,22.95,95.54,97.5,40.47,Normal,Origen D,Ambiente,Protocolo_1
Embalaje B,27.51,28.69,78.46,56.92,Normal,Origen A,Ambiente,Protocolo_1
Embalaje B,57.93,65.25,66.13,2.7,Normal,Origen A,Ambiente,Protocolo_1
Embalaje C,60.1,77.05,28.74,49.2,Normal,Origen D,Ambiente,Protocolo_1
Embalaje C,80.67,30.22,16.5,72.04,Normal,Origen A,Ambiente,Protocolo_1
Embalaje C,53.16,83.38,18.91,49.84,Frágil,Origen B,Ambiente,Protocolo_2
Embalaje C,39.6,45.84,12.1,10.93,Frágil,Origen B,Ambiente,Protocolo_2
Embalaje C,43.14,47.28,90.87,5.98,Frágil,Origen C,Ambiente,Protocolo_2
Embalaje C,34.0,70.15,12.07,75.26,Frágil,Origen D,Ambiente,Protocolo_2
Embalaje C,18.42,13.82,13.93,36.11,Normal,Origen C,Refrigerado,Protocolo_1
Embalaje B,65.12,74.08,28.75,57.28,Normal,Origen C,Ambiente,Protocolo_1
Embalaje B,75.57,33.5,37.73,11.01,Normal,Origen D,Ambiente,Protocolo_1
Embalaje C,9.38,20.69,55.48,69.76,Normal,Origen A,Ambiente,Protocolo_1
Embalaje B,22.05,83.97,60.13,81.04,Frágil,Origen B,Ambiente,Protocolo_2
Embalaje B,16.47,82.87,65.18,98.29,Frágil,Origen A,Refrigerado,Protocolo_2
Embalaje B,93.94,17.04,67.13,54.12,Frágil,Origen A,Ambiente,Protocolo_2
Embalaje A,83.57,88.26,49.39,6.96,Normal,Origen B,Ambiente,Protocolo_1
Embalaje A,46.01,83.05,21.16,52.14,Frágil,Origen C,Ambiente,Protocolo_2
Embalaje A,76.87,73.87,78.02,69.05,Normal,Origen A,Ambiente,Protocolo_1
Embalaje C,22.64,78.69,76.72,13.15,Frágil,Origen A,Ambiente,Protocolo_2
Embalaje C,69.04,32.1,90.4,32.13,Normal,Origen A,Ambiente,Protocolo_1
Embalaje A,14.25,27.62,55.55,12.37,Normal,Origen D,Ambiente,Protocolo_1
Embalaje B,32.47,41.26,54.32,36.06,Normal,Origen D,Ambiente,Protocolo_1
Embalaje B,5.55,63.4,100.0,36.8,Normal,Origen D,Ambiente,Protocolo_1
Embalaje C,8.3,56.24,21.46,77.03,Normal,Origen D,Ambiente,Protocolo_1
Embalaje A,43.69,50.19,33.27,11.97,Normal,Origen C,Ambiente,Protocolo_1
Embalaje B,28.96,20.15,7.32,81.17,Normal,Origen C,Ambiente,Protocolo_2
Embalaje A,83.29,80.1,45.98,58.96,Normal,Origen C,Ambiente,Protocolo_1
Embalaje B,83.5,21.37,79.43,46.28,Normal,Origen C,Ambiente,Protocolo_1
Embalaje A,17.18,95.87,97.31,89.11,Normal,Origen A,Ambiente,Protocolo_2
Embalaje B,35.94,91.34,42.39,55.11,Normal,Origen D,Ambiente,Protocolo_1
Embalaje C,43.33,84.06,62.85,62.44,Normal,Origen D,Ambiente,Protocolo_1
Embalaje C,48.76,21.89,40.89,93.61,Normal,Origen C,Ambiente,Protocolo_2
Embalaje B,57.93,44.71,18.82,2.86,Normal,Origen B,Ambiente,Protocolo_1
Embalaje B,45.22,9.48,97.7,37.54,Normal,Origen A,Ambiente,Protocolo_1
Embalaje C,98.49,18.86,34.7,20.49,Normal,Origen C,Ambiente,Protocolo_1
Embalaje B,17.28,34.93,63.39,87.8,Normal,Origen C,Ambiente,Protocolo_2
Embalaje B,17.1,83.67,37.75,20.05,Normal,Origen C,Ambiente,Protocolo_1
Embalaje B,38.36,84.54,43.41,96.59,Normal,Origen D,Ambiente,Protocolo_2
Embalaje C,25.09,87.32,33.02,91.43,Normal,Origen C,Ambiente,Protocolo_2
Embalaje A,39.21,25.58,10.34,93.19,Normal,Origen B,Ambiente,Protocolo_2
Embalaje A,40.0,83.23,12.56,48.43,Normal,Origen B,Ambiente,Protocolo_1
Embalaje C,72.5,34.5,32.46,98.82,Frágil,Origen C,Ambiente,Protocolo_2
Embalaje B,35.6,11.09,42.96,98.1,Normal,Origen D,Ambiente,Protocolo_2
Embalaje B,25.48,98.79,21.68,23.84,Normal,Origen D,Refrigerado,Protocolo_1
Embalaje C,56.01,47.77,6.61,25.85,Normal,Origen B,Ambiente,Protocolo_1
Embalaje C,91.13,26.62,40.24,20.83,Normal,Origen A,Ambiente,Protocolo_1
Embalaje B,29.07,82.09,9.76,53.96,Normal,Origen B,Ambiente,Protocolo_1
Embalaje C,39.7,93.02,90.87,62.27,Frágil,Origen A,Refrigerado,Protocolo_2
Embalaje A,15.83,57.29,17.43,74.94,Normal,Origen C,Ambiente,Protocolo_1
Embalaje C,45.33,97.54,86.18,12.73,Normal,Origen C,Ambiente,Protocolo_1
Embalaje C,93.58,20.64,52.41,52.91,Normal,Origen B,Ambiente,Protocolo_1
Embalaje A,9.38,20.03,37.13,45.62,Frágil,Origen D,Ambiente,Protocolo_2
Embalaje A,24.59,95.68,13.34,28.47,Normal,Origen C,Refrigerado,Protocolo_1
Embalaje C,7.17,10.64,52.72,90.8,Frágil,Origen A,Ambiente,Protocolo_2
Embalaje A,24.38,16.81,19.39,77.8,Normal,Origen C,Ambiente,Protocolo_1
Embalaje B,81.02,37.75,88.69,91.28,Frágil,Origen D,Ambiente,Protocolo_2
Embalaje B,59.76,38.32,27.58,89.48,Normal,Origen D,Ambiente,Protocolo_2
Embalaje C,13.46,47.13,26.9,17.64,Normal,Origen D,Ambiente,Protocolo_1
Embalaje A,56.23,94.81,28.89,47.79,Frágil,Origen D,Ambiente,Protocolo_2
Embalaje B,25.51,57.59,69.74,26.02,Normal,Origen D,Ambiente,Protocolo_1
Embalaje A,72.87,41.62,93.21,91.63,Normal,Origen A,Ambiente,Protocolo_2
Embalaje C,56.11,67.41,47.59,79.96,Normal,Origen D,Ambiente,Protocolo_1
Embalaje A,28.94,15.14,56.75,61.45,Normal,Origen D,Refrigerado,Protocolo_1
Embalaje B,55.6,95.26,54.6,80.17,Normal,Origen A,Ambiente,Protocolo_2
Embalaje A,71.9,29.5,85.62,81.19,Normal,Origen C,Ambiente,Protocolo_2
Embalaje B,89.87,25.3,9.66,46.81,Frágil,Origen A,Ambiente,Protocolo_2
Embalaje A,98.89,83.42,83.53,71.66,Normal,Origen C,Ambiente,Protocolo_1
Embalaje B,93.76,9.07,82.84,47.23,Normal,Origen A,Ambiente,Protocolo_1
Embalaje C,73.37,96.57,46.59,97.06,Normal,Origen B,Ambiente,Protocolo_2
Embalaje C,11.74,11.82,78.57,53.69,Normal,Origen C,Ambiente,Protocolo_1
Embalaje B,57.44,48.36,80.81,75.08,Frágil,Origen A,Refrigerado,Protocolo_2
Embalaje A,12.23,12.04,95.02,21.58,Normal,Origen A,Ambiente,Protocolo_1
Embalaje C,9.11,56.04,79.52,69.76,Frágil,Origen A,Ambiente,Protocolo_2
Embalaje A,27.34,91.42,7.15,75.43,Normal,Origen A,Ambiente,Protocolo_1
Embalaje B,8.5,59.88,72.61,54.36,Normal,Origen C,Ambiente,Protocolo_1
Embalaje A,16.91,27.63,69.15,84.91,Frágil,Origen A,Ambiente,Protocolo_2
Embalaje A,99.46,18.32,72.67,6.9,Normal,Origen A,Ambiente,Protocolo_1
Embalaje B,85.65,90.73,59.02,98.37,Normal,Origen B,Ambiente,Protocolo_2
Embalaje B,88.81,42.05,95.75,59.94,Normal,Origen D,Ambiente,Protocolo_1
Embalaje C,98.45,56.19,31.05,93.68,Normal,Origen B,Ambiente,Protocolo_2
Embalaje A,79.12,49.8,24.68,33.74,Normal,Origen B,Refrigerado,Protocolo_1
Embalaje A,36.41,6.78,41.98,43.31,Frágil,Origen D,Ambiente,Protocolo_2
Embalaje B,15.83,60.85,45.09,49.17,Normal,Origen C,Ambiente,Protocolo_1
Embalaje C,91.82,91.5,84.42,97.96,Normal,Origen D,Ambiente,Protocolo_2
Embalaje B,32.82,97.32,20.66,32.14,Normal,Origen A,Ambiente,Protocolo_1
Embalaje B,12.54,31.13,20.51,42.82,Normal,Origen A,Ambiente,Protocolo_1
Embalaje C,26.38,46.88,9.73,47.4,Normal,Origen B,Ambiente,Protocolo_1
Embalaje A,8.87,95.68,88.16,72.06,Normal,Origen A,Ambiente,Protocolo_1
Embalaje A,9.64,65.49,29.74,59.86,Normal,Origen B,Ambiente,Protocolo_1
Embalaje A,33.15,86.83,60.89,43.3,Normal,Origen D,Ambiente,Protocolo_1
Embalaje A,30.99,69.97,44.36,27.06,Normal,Origen D,Ambiente,Protocolo_1
Embalaje B,84.76,33.34,9.82,45.28,Normal,Origen B,Ambiente,Protocolo_1
Embalaje A,57.55,36.3,7.82,64.41,Normal,Origen A,Ambiente,Protocolo_1
Embalaje A,14.74,93.54,57.11,80.49,Normal,Origen C,Ambiente,Protocolo_2
Embalaje A,32.36,25.64,94.87,40.71,Normal,Origen D,Ambiente,Protocolo_1
Embalaje B,83.82,11.4,20.0,55.86,Normal,Origen B,Ambiente,Protocolo_1
Embalaje A,60.44,74.18,63.68,60.28,Normal,Origen C,Refrigerado,Protocolo_1
Embalaje A,72.07,89.42,74.27,17.28,Normal,Origen B,Ambiente,Protocolo_1
Embalaje B,31.77,94.74,62.9,25.1,Normal,Origen B,Ambiente,Protocolo_1
Embalaje B,22.02,53.65,79.72,22.14,Normal,Origen A,Ambiente,Protocolo_1
Embalaje C,87.89,99.25,66.06,50.54,Normal,Origen D,Ambiente,Protocolo_1
Embalaje A,81.07,54.81,90.97,9.38,Normal,Origen B,Refrigerado,Protocolo_1
Embalaje B,7.42,43.11,79.42,83.17,Normal,Origen B,Ambiente,Protocolo_2
Embalaje B,44.32,5.51,63.92,33.11,Normal,Origen B,Ambiente,Protocolo_1
Embalaje C,91.72,75.18,33.16,87.97,Normal,Origen B,Ambiente,Protocolo_2
Embalaje A,48.12,36.89,46.26,52.81,Normal,Origen D,Ambiente,Protocolo_1
Embalaje B,63.01,59.22,39.63,96.91,Normal,Origen B,Refrigerado,Protocolo_2
Embalaje A,32.77,68.15,80.34,99.32,Normal,Origen B,Ambiente,Protocolo_2
Embalaje C,27.4,54.99,52.12,13.49,Normal,Origen D,Ambiente,Protocolo_1
Embalaje A,67.49,32.66,63.89,81.81,Normal,Origen B,Ambiente,Protocolo_2
Embalaje B,97.13,16.87,97.74,24.5,Normal,Origen A,Ambiente,Protocolo_1
Embalaje C,8.21,8.78,72.64,49.49,Frágil,Origen D,Refrigerado,Protocolo_2
Embalaje B,73.82,33.15,15.79,59.48,Normal,Origen B,Ambiente,Protocolo_1
Embalaje C,59.96,67.32,16.34,96.97,Normal,Origen C,Ambiente,Protocolo_2
Embalaje C,60.82,51.22,14.21,64.55,Normal,Origen D,Ambiente,Protocolo_1
Embalaje B,43.88,63.96,6.18,43.49,Normal,Origen D,Ambiente,Protocolo_1
Embalaje A,32.71,28.27,34.67,50.04,Normal,Origen D,Ambiente,Protocolo_1
Embalaje C,70.59,74.08,56.46,97.32,Normal,Origen D,Refrigerado,Protocolo_2
Embalaje A,62.02,19.4,69.83,6.77,Normal,Origen B,Ambiente,Protocolo_1
Embalaje B,86.35,51.45,22.45,59.09,Normal,Origen A,Refrigerado,Protocolo_1
Embalaje B,93.14,49.97,82.96,36.71,Normal,Origen B,Ambiente,Protocolo_1
Embalaje A,43.23,78.78,55.07,8.59,Normal,Origen B,Ambiente,Protocolo_1
Embalaje A,83.91,42.29,42.7,26.4,Normal,Origen C,Ambiente,Protocolo_1
Embalaje B,77.02,86.87,47.35,66.3,Normal,Origen B,Refrigerado,Protocolo_1
Embalaje A,16.62,88.06,94.26,35.82,Normal,Origen D,Ambiente,Protocolo_1
Embalaje C,16.44,7.54,63.82,39.95,Normal,Origen C,Ambiente,Protocolo_1
Embalaje C,34.35,67.37,97.16,41.47,Normal,Origen D,Refrigerado,Protocolo_1
Embalaje B,66.51,62.32,8.61,30.97,Normal,Origen C,Ambiente,Protocolo_1
Embalaje B,95.13,33.07,98.57,92.08,Normal,Origen A,Refrigerado,Protocolo_2
Embalaje C,5.98,79.03,91.22,21.26,Normal,Origen A,Refrigerado,Protocolo_1
Embalaje B,12.43,29.68,36.28,35.63,Normal,Origen B,Ambiente,Protocolo_1
Embalaje A,93.63,85.88,21.39,23.08,Normal,Origen D,Ambiente,Protocolo_1
Embalaje C,56.3,12.32,86.04,55.51,Normal,Origen D,Ambiente,Protocolo_1
Embalaje A,62.03,46.84,83.93,93.47,Normal,Origen B,Ambiente,Protocolo_2
Embalaje A,59.75,13.18,98.21,54.48,Frágil,Origen C,Ambiente,Protocolo_2
Embalaje A,44.22,89.11,19.32,57.95,Frágil,Origen C,Refrigerado,Protocolo_2
Embalaje B,85.33,39.39,82.25,57.58,Normal,Origen B,Ambiente,Protocolo_1
Embalaje B,85.9,49.62,74.37,34.64,Frágil,Origen C,Ambiente,Protocolo_2
Embalaje B,86.72,8.85,9.98,78.66,Normal,Origen B,Ambiente,Protocolo_1
Embalaje A,29.2,93.36,97.23,56.28,Normal,Origen C,Ambiente,Protocolo_1
Embalaje C,78.83,97.72,77.43,76.11,Normal,Origen A,Ambiente,Protocolo_1
Embalaje C,17.16,10.59,91.81,12.82,Frágil,Origen B,Refrigerado,Protocolo_2
Embalaje A,85.63,65.36,52.71,55.27,Normal,Origen C,Ambiente,Protocolo_1
Embalaje B,67.17,89.61,13.38,79.72,Normal,Origen A,Ambiente,Protocolo_1
Embalaje A,88.06,11.62,58.26,4.95,Normal,Origen A,Ambiente,Protocolo_1
Embalaje C,40.06,26.79,11.42,17.4,Normal,Origen A,Ambiente,Protocolo_1
Embalaje B,64.02,73.41,44.32,27.35,Normal,Origen D,Ambiente,Protocolo_1
Embalaje B,65.48,7.01,84.23,59.13,Frágil,Origen B,Ambiente,Protocolo_2
Embalaje B,12.26,85.65,84.24,3.36,Normal,Origen D,Ambiente,Protocolo_1
Embalaje B,48.79,48.42,16.66,65.61,Normal,Origen C,Refrigerado,Protocolo_1
Embalaje A,42.74,10.4,26.01,26.01,Normal,Origen C,Ambiente,Protocolo_1
Embalaje B,54.69,88.99,64.77,82.21,Normal,Origen B,Ambiente,Protocolo_2
Embalaje A,25.61,26.79,81.56,34.3,Normal,Origen A,Refrigerado,Protocolo_1
Embalaje B,60.35,26.89,71.29,41.5,Normal,Origen A,Ambiente,Protocolo_1
Embalaje B,64.85,44.16,79.81,82.91,Normal,Origen D,Ambiente,Protocolo_2
Embalaje B,55.82,30.03,39.41,36.99,Normal,Origen C,Ambiente,Protocolo_1
Embalaje C,21.64,39.02,48.77,12.17,Frágil,Origen B,Ambiente,Protocolo_2
Embalaje A,22.87,93.34,95.38,5.69,Normal,Origen B,Ambiente,Protocolo_1
Embalaje B,96.34,73.71,33.88,88.55,Normal,Origen D,Ambiente,Protocolo_2
Embalaje C,50.54,35.77,77.02,53.58,Normal,Origen C,Ambiente,Protocolo_1
Embalaje A,87.82,93.7,11.01,38.69,Normal,Origen C,Refrigerado,Protocolo_1
Embalaje A,14.35,54.59,86.16,98.88,Normal,Origen A,Ambiente,Protocolo_2
Embalaje B,5.62,80.93,54.88,43.74,Normal,Origen B,Ambiente,Protocolo_1
Embalaje B,49.3,38.17,12.16,50.13,Normal,Origen A,Ambiente,Protocolo_1
Embalaje B,13.83,9.29,6.1,97.67,Normal,Origen D,Refrigerado,Protocolo_2
Embalaje A,82.03,5.16,51.44,32.19,Normal,Origen C,Ambiente,Protocolo_1
Embalaje A,61.13,67.3,57.18,3.29,Normal,Origen B,Ambiente,Protocolo_1
Embalaje B,94.52,96.86,88.75,99.3,Normal,Origen B,Ambiente,Protocolo_2
Embalaje B,30.74,40.82,36.48,22.75,Normal,Origen A,Refrigerado,Protocolo_1
Embalaje B,38.34,99.52,84.01,7.79,Frágil,Origen A,Ambiente,Protocolo_2
Embalaje C,71.04,67.19,73.26,13.84,Frágil,Origen D,Ambiente,Protocolo_2
Embalaje C,70.52,64.37,13.82,68.53,Normal,Origen B,Ambiente,Protocolo_1
Embalaje C,67.16,13.18,66.12,66.69,Normal,Origen D,Ambiente,Protocolo_1
Embalaje B,22.92,46.32,78.7,4.36,Normal,Origen A,Ambiente,Protocolo_1
Embalaje B,64.55,82.86,13.97,97.25,Normal,Origen D,Ambiente,Protocolo_2
Embalaje B,85.12,21.56,22.42,85.02,Normal,Origen B,Ambiente,Protocolo_2
Embalaje A,61.09,63.15,73.13,61.63,Normal,Origen A,Ambiente,Protocolo_1
Embalaje C,62.73,24.99,52.33,18.05,Normal,Origen A,Ambiente,Protocolo_1
Embalaje A,8.73,34.97,60.84,15.88,Normal,Origen C,Ambiente,Protocolo_1
Embalaje B,77.93,51.73,26.59,91.09,Normal,Origen D,Ambiente,Protocolo_2
Embalaje A,46.55,36.71,32.66,69.85,Normal,Origen A,Ambiente,Protocolo_1
Embalaje A,39.85,14.56,27.51,51.43,Normal,Origen B,Ambiente,Protocolo_1
Embalaje C,58.93,32.2,38.06,61.88,Normal,Origen A,Ambiente,Protocolo_1
Embalaje C,58.91,98.95,51.36,44.94,Normal,Origen A,Ambiente,Protocolo_1
Embalaje C,64.45,56.64,87.85,79.22,Normal,Origen C,Ambiente,Protocolo_1
Embalaje B,47.2,47.96,38.7,62.77,Normal,Origen A,Ambiente,Protocolo_1
Embalaje A,37.53,47.89,16.25,82.41,Normal,Origen D,Ambiente,Protocolo_2
Embalaje A,84.13,8.74,54.23,91.02,Normal,Origen A,Ambiente,Protocolo_2
Embalaje B,92.83,67.61,24.24,51.18,Normal,Origen C,Refrigerado,Protocolo_1
Embalaje B,8.16,16.19,71.15,31.09,Normal,Origen A,Ambiente,Protocolo_1
Embalaje A,31.47,57.59,87.3,52.11,Normal,Origen D,Ambiente,Protocolo_1
Embalaje A,45.71,9.51,93.65,4.27,Normal,Origen C,Ambiente,Protocolo_1
Embalaje B,58.82,9.1,57.92,95.78,Normal,Origen C,Ambiente,Protocolo_2
Embalaje A,21.68,31.99,46.37,76.72,Frágil,Origen B,Ambiente,Protocolo_2
Embalaje B,60.53,36.91,81.04,95.34,Normal,Origen C,Ambiente,Protocolo_2
Embalaje C,18.77,58.91,94.4,23.37,Normal,Origen B,Ambiente,Protocolo_1
Embalaje B,71.47,25.95,54.55,37.97,Normal,Origen D,Ambiente,Protocolo_1
Embalaje B,20.75,46.26,20.75,95.22,Normal,Origen B,Ambiente,Protocolo_2
Embalaje C,59.9,92.63,98.63,4.52,Normal,Origen B,Ambiente,Protocolo_1
Embalaje B,55.81,61.41,6.89,32.27,Normal,Origen C,Ambiente,Protocolo_1
Embalaje C,84.34,19.0,42.27,91.25,Normal,Origen B,Ambiente,Protocolo_2
Embalaje C,44.83,73.14,25.36,15.81,Normal,Origen A,Ambiente,Protocolo_1
Embalaje A,28.07,59.7,83.57,51.7,Frágil,Origen A,Ambiente,Protocolo_2
Embalaje A,74.47,85.37,77.85,32.63,Normal,Origen A,Ambiente,Protocolo_1
Embalaje C,59.25,78.37,80.79,92.17,Frágil,Origen D,Ambiente,Protocolo_2
Embalaje C,44.52,20.7,84.84,66.79,Frágil,Origen D,Ambiente,Protocolo_2
Embalaje C,57.41,78.95,29.16,26.57,Normal,Origen B,Ambiente,Protocolo_1
Embalaje C,17.94,72.2,82.55,3.46,Normal,Origen D,Ambiente,Protocolo_1
Embalaje A,82.5,39.62,16.57,95.98,Normal,Origen B,Ambiente,Protocolo_2
Embalaje C,44.29,25.67,18.54,22.31,Frágil,Origen B,Ambiente,Protocolo_2
Embalaje A,27.49,84.32,56.51,43.67,Normal,Origen B,Ambiente,Protocolo_1
Embalaje B,51.58,47.96,20.26,3.78,Normal,Origen C,Ambiente,Protocolo_1
Embalaje C,19.74,58.02,97.68,54.58,Normal,Origen C,Ambiente,Protocolo_1
Embalaje A,54.82,25.85,71.88,25.99,Normal,Origen C,Ambiente,Protocolo_1
Embalaje B,73.1,9.16,70.29,74.62,Normal,Origen C,Ambiente,Protocolo_1
Embalaje C,92.19,21.14,5.68,57.96,Normal,Origen D,Ambiente,Protocolo_1
Embalaje A,52.64,99.57,39.6,59.22,Frágil,Origen A,Ambiente,Protocolo_2
Embalaje C,16.02,65.5,13.86,65.56,Normal,Origen B,Ambiente,Protocolo_1
Embalaje B,98.2,38.18,82.68,38.5,Normal,Origen A,Ambiente,Protocolo_1
Embalaje B,82.53,58.77,19.95,42.92,Normal,Origen B,Ambiente,Protocolo_1
Embalaje C,13.62,34.97,56.25,46.52,Normal,Origen D,Ambiente,Protocolo_1
Embalaje C,38.62,60.58,90.09,16.81,Normal,Origen C,Refrigerado,Protocolo_1
Embalaje A,23.55,92.7,87.45,66.85,Normal,Origen D,Ambiente,Protocolo_1
Embalaje A,21.93,98.88,73.73,75.6,Normal,Origen A,Ambiente,Protocolo_1
Embalaje A,28.19,65.14,13.38,8.9,Normal,Origen D,Ambiente,Protocolo_1
Embalaje C,60.5,12.13,46.12,22.0,Normal,Origen C,Ambiente,Protocolo_1
Embalaje C,89.19,6.63,30.15,19.61,Normal,Origen A,Ambiente,Protocolo_1
Embalaje B,14.01,31.27,95.08,15.12,Frágil,Origen A,Ambiente,Protocolo_2
Embalaje A,72.65,95.06,20.51,63.15,Normal,Origen A,Ambiente,Protocolo_1
Embalaje A,20.92,83.39,99.91,95.79,Normal,Origen D,Ambiente,Protocolo_2
Embalaje C,19.99,6.68,25.42,8.21,Normal,Origen A,Ambiente,Protocolo_1
Embalaje B,28.21,45.42,86.74,49.93,Normal,Origen A,Refrigerado,Protocolo_1
Embalaje B,43.77,5.15,32.26,36.91,Normal,Origen B,Ambiente,Protocolo_1
Embalaje B,53.22,21.5,12.7,26.85,Normal,Origen A,Refrigerado,Protocolo_1
Embalaje A,95.61,80.32,27.97,56.8,Frágil,Origen C,Ambiente,Protocolo_2
Embalaje A,97.57,12.67,84.19,75.01,Normal,Origen A,Ambiente,Protocolo_1
Embalaje B,83.11,52.49,44.41,70.29,Normal,Origen C,Ambiente,Protocolo_1
Embalaje B,38.51,26.82,86.8,83.88,Frágil,Origen B,Refrigerado,Protocolo_2
Embalaje B,68.34,74.72,13.32,24.08,Normal,Origen D,Ambiente,Protocolo_1
Embalaje B,49.78,44.49,85.5,74.91,Normal,Origen A,Ambiente,Protocolo_1
Embalaje B,77.57,80.76,37.24,39.24,Frágil,Origen B,Ambiente,Protocolo_2
Embalaje A,87.89,67.72,72.44,70.82,Normal,Origen C,Ambiente,Protocolo_1
Embalaje C,49.99,7.08,20.81,95.41,Frágil,Origen A,Refrigerado,Protocolo_2
Embalaje C,56.68,6.1,71.4,52.69,Normal,Origen C,Ambiente,Protocolo_1
Embalaje C,36.16,71.18,16.45,24.24,Normal,Origen C,Ambiente,Protocolo_1
Embalaje C,6.87,44.73,17.05,72.83,Normal,Origen C,Refrigerado,Protocolo_1
Embalaje B,52.59,34.2,22.12,63.87,Normal,Origen B,Ambiente,Protocolo_1
Embalaje A,50.93,27.17,79.18,90.42,Normal,Origen A,Ambiente,Protocolo_2
Embalaje B,96.65,12.13,27.63,57.64,Normal,Origen D,Ambiente,Protocolo_1
Embalaje A,19.85,11.81,9.78,80.82,Frágil,Origen A,Ambiente,Protocolo_2
Embalaje B,43.32,50.4,77.13,51.76,Frágil,Origen A,Refrigerado,Protocolo_2
Embalaje B,49.54,29.97,11.22,70.79,Normal,Origen B,Ambiente,Protocolo_1
Embalaje C,41.34,59.13,44.74,79.27,Normal,Origen C,Ambiente,Protocolo_1
Embalaje C,59.89,14.48,78.8,68.64,Normal,Origen B,Ambiente,Protocolo_1
Embalaje C,98.88,84.71,51.25,73.18,Frágil,Origen A,Ambiente,Protocolo_2
Embalaje C,55.83,84.94,76.8,44.06,Normal,Origen D,Ambiente,Protocolo_1
Embalaje B,24.11,79.41,70.39,28.42,Normal,Origen A,Ambiente,Protocolo_1
Embalaje A,33.0,49.88,99.09,42.89,Normal,Origen C,Ambiente,Protocolo_1
Embalaje C,59.45,35.12,86.97,66.55,Normal,Origen D,Ambiente,Protocolo_1
Embalaje C,84.22,85.09,42.23,20.66,Normal,Origen D,Ambiente,Protocolo_1
Embalaje A,81.16,30.42,21.53,48.11,Normal,Origen D,Ambiente,Protocolo_1
Embalaje B,85.82,32.57,82.0,5.47,Normal,Origen B,Ambiente,Protocolo_1
Embalaje B,63.68,55.46,9.99,39.19,Normal,Origen D,Ambiente,Protocolo_1
Embalaje A,57.97,77.66,23.25,1.29,Normal,Origen C,Ambiente,Protocolo_1
Embalaje C,86.88,68.9,46.16,45.54,Normal,Origen D,Ambiente,Protocolo_1
Embalaje A,58.34,20.8,34.69,61.57,Normal,Origen B,Ambiente,Protocolo_1
Embalaje C,91.94,74.54,51.49,24.15,Normal,Origen C,Ambiente,Protocolo_1
Embalaje C,15.06,16.88,11.57,94.2,Normal,Origen D,Ambiente,Protocolo_2
Embalaje C,64.08,68.16,46.86,16.21,Normal,Origen A,Ambiente,Protocolo_1
Embalaje B,70.23,85.24,40.82,22.13,Normal,Origen C,Ambiente,Protocolo_1
Embalaje C,73.43,20.2,91.03,66.49,Normal,Origen B,Ambiente,Protocolo_1
Embalaje A,29.96,56.58,98.03,68.51,Normal,Origen D,Ambiente,Protocolo_1
Embalaje C,36.12,39.65,39.5,16.51,Normal,Origen B,Refrigerado,Protocolo_1
Embalaje B,49.47,96.11,49.37,33.13,Normal,Origen C,Ambiente,Protocolo_1
Embalaje C,67.68,84.43,87.94,70.33,Normal,Origen D,Ambiente,Protocolo_1
Embalaje A,95.31,58.78,70.58,41.59,Normal,Origen B,Ambiente,Protocolo_1
Embalaje C,5.95,19.79,11.29,82.24,Normal,Origen D,Ambiente,Protocolo_2
Embalaje A,52.24,14.25,74.34,5.76,Normal,Origen B,Ambiente,Protocolo_1
Embalaje C,38.68,54.7,54.76,86.27,Normal,Origen D,Ambiente,Protocolo_2
Embalaje C,96.51,49.62,9.0,69.2,Normal,Origen D,Refrigerado,Protocolo_1
Embalaje B,35.49,70.9,86.27,53.53,Normal,Origen C,Refrigerado,Protocolo_1
Embalaje A,71.52,59.12,54.4,77.87,Normal,Origen D,Ambiente,Protocolo_1
Embalaje C,46.01,57.73,31.07,31.19,Normal,Origen A,Ambiente,Protocolo_1
Embalaje C,10.26,41.36,20.93,75.98,Normal,Origen A,Refrigerado,Protocolo_1
Embalaje A,81.53,27.06,56.87,76.08,Normal,Origen C,Ambiente,Protocolo_1
Embalaje B,6.43,84.39,46.06,63.13,Normal,Origen C,Ambiente,Protocolo_1
Embalaje B,6.15,40.6,14.9,68.65,Normal,Origen B,Refrigerado,Protocolo_1
Embalaje A,10.62,93.55,68.84,64.07,Normal,Origen C,Ambiente,Protocolo_1
Embalaje C,10.28,50.55,46.16,72.34,Normal,Origen A,Refrigerado,Protocolo_1
Embalaje C,83.19,81.27,74.21,87.92,Frágil,Origen A,Ambiente,Protocolo_2
Embalaje B,91.39,91.01,37.59,10.96,Normal,Origen D,Ambiente,Protocolo_1
Embalaje B,70.23,85.28,80.66,80.78,Normal,Origen C,Ambiente,Protocolo_2
Embalaje B,12.69,70.37,44.03,45.62,Normal,Origen C,Ambiente,Protocolo_1
Embalaje A,23.36,86.56,71.43,29.36,Frágil,Origen B,Ambiente,Protocolo_2
Embalaje B,72.6,30.26,70.66,4.92,Normal,Origen C,Ambiente,Protocolo_1
Embalaje A,83.62,80.98,93.32,93.55,Frágil,Origen B,Ambiente,Protocolo_2
Embalaje A,37.47,52.59,55.78,99.26,Normal,Origen A,Ambiente,Protocolo_2
Embalaje B,10.3,85.98,49.26,52.09,Normal,Origen A,Ambiente,Protocolo_1
Embalaje A,56.09,19.29,62.21,10.32,Normal,Origen D,Ambiente,Protocolo_1
Embalaje C,74.54,7.45,7.44,98.68,Normal,Origen A,Ambiente,Protocolo_2
Embalaje A,21.83,85.16,26.34,57.87,Normal,Origen A,Ambiente,Protocolo_1
Embalaje B,67.66,63.16,88.02,94.32,Frágil,Origen A,Ambiente,Protocolo_2
Embalaje A,41.76,81.6,12.67,72.18,Normal,Origen D,Ambiente,Protocolo_1
Embalaje B,51.91,42.3,45.62,8.58,Normal,Origen D,Ambiente,Protocolo_1
Embalaje C,90.24,31.27,19.24,95.78,Normal,Origen B,Ambiente,Protocolo_2
Embalaje A,69.19,99.5,93.74,14.05,Normal,Origen D,Refrigerado,Protocolo_1
Embalaje A,95.48,98.27,35.62,79.56,Normal,Origen D,Ambiente,Protocolo_1
Embalaje B,40.74,32.98,10.89,91.16,Normal,Origen B,Ambiente,Protocolo_2
Embalaje C,8.38,37.09,33.71,39.85,Frágil,Origen C,Refrigerado,Protocolo_2
Embalaje C,16.11,99.94,56.8,86.0,Normal,Origen C,Ambiente,Protocolo_2
Embalaje A,36.44,34.28,56.43,55.24,Normal,Origen D,Ambiente,Protocolo_1
Embalaje B,13.14,10.75,25.96,63.52,Normal,Origen D,Ambiente,Protocolo_1
Embalaje C,73.85,99.15,45.59,16.97,Normal,Origen A,Ambiente,Protocolo_1
Embalaje A,6.92,52.6,31.49,53.89,Normal,Origen C,Ambiente,Protocolo_1
Embalaje A,93.34,36.24,55.23,43.91,Normal,Origen B,Ambiente,Protocolo_1
Embalaje C,46.44,50.18,58.9,95.38,Frágil,Origen B,Ambiente,Protocolo_2
Embalaje C,76.16,28.77,15.78,34.39,Normal,Origen D,Ambiente,Protocolo_1
Embalaje A,82.91,42.95,84.83,71.14,Normal,Origen A,Ambiente,Protocolo_1
Embalaje C,45.06,97.74,63.54,3.74,Normal,Origen C,Refrigerado,Protocolo_1
Embalaje C,67.33,46.17,67.89,32.08,Normal,Origen B,Ambiente,Protocolo_1
Embalaje B,78.94,90.94,65.03,81.3,Normal,Origen A,Ambiente,Protocolo_2
Embalaje A,77.59,42.52,35.62,19.62,Frágil,Origen D,Ambiente,Protocolo_2
Embalaje B,54.25,88.64,45.19,23.07,Normal,Origen D,Ambiente,Protocolo_1
Embalaje C,22.0,62.84,30.5,52.61,Normal,Origen C,Refrigerado,Protocolo_1
Embalaje A,87.53,31.98,27.39,80.34,Normal,Origen A,Ambiente,Protocolo_2
Embalaje A,81.57,24.18,95.2,18.36,Normal,Origen A,Ambiente,Protocolo_1
Embalaje C,20.3,63.02,20.64,76.76,Normal,Origen D,Ambiente,Protocolo_1
Embalaje C,58.62,46.17,15.12,87.73,Frágil,Origen D,Ambiente,Protocolo_2
Embalaje B,17.39,52.9,91.04,89.9,Normal,Origen A,Ambiente,Protocolo_2
Embalaje A,62.22,19.4,98.93,88.58,Normal,Origen B,Ambiente,Protocolo_2
Embalaje A,38.54,52.28,66.57,87.54,Frágil,Origen B,Ambiente,Protocolo_2
Embalaje A,73.89,78.79,83.46,29.29,Normal,Origen B,Ambiente,Protocolo_1
Embalaje B,15.21,54.26,45.32,59.46,Normal,Origen A,Ambiente,Protocolo_1
Embalaje A,93.4,88.7,83.65,96.64,Frágil,Origen D,Ambiente,Protocolo_2
Embalaje A,45.69,57.05,18.42,38.96,Normal,Origen D,Ambiente,Protocolo_1
Embalaje A,81.81,22.7,52.06,47.71,Frágil,Origen C,Ambiente,Protocolo_2
Embalaje B,90.06,56.52,39.46,81.93,Normal,Origen A,Ambiente,Protocolo_2
Embalaje A,96.44,6.01,78.07,74.86,Normal,Origen D,Ambiente,Protocolo_1
Embalaje C,7.35,54.81,86.95,48.46,Normal,Origen C,Ambiente,Protocolo_1
Embalaje C,86.82,82.31,21.18,38.14,Normal,Origen A,Ambiente,Protocolo_1
Embalaje A,6.01,84.81,6.26,45.37,Normal,Origen D,Ambiente,Protocolo_1
Embalaje C,80.55,49.71,83.6,6.31,Frágil,Origen B,Ambiente,Protocolo_2
Embalaje C,75.63,45.23,51.91,27.32,Frágil,Origen C,Ambiente,Protocolo_2
Embalaje A,71.74,67.49,19.18,70.81,Normal,Origen B,Ambiente,Protocolo_1
Embalaje B,17.92,64.4,51.65,30.79,Normal,Origen A,Ambiente,Protocolo_1
Embalaje C,73.82,79.31,41.2,10.36,Frágil,Origen C,Ambiente,Protocolo_2
Embalaje A,61.8,93.2,30.01,66.74,Normal,Origen B,Ambiente,Protocolo_1
Embalaje C,21.74,76.28,81.99,63.0,Normal,Origen D,Ambiente,Protocolo_1
Embalaje B,13.21,28.24,94.56,16.04,Normal,Origen C,Refrigerado,Protocolo_1
Embalaje B,61.25,23.83,16.17,16.43,Normal,Origen A,Ambiente,Protocolo_1
Embalaje C,78.29,25.3,18.78,45.49,Normal,Origen C,Ambiente,Protocolo_1
Embalaje C,99.63,72.87,52.25,58.14,Normal,Origen A,Ambiente,Protocolo_1
Embalaje A,31.99,62.43,21.17,52.38,Normal,Origen B,Ambiente,Protocolo_1
Embalaje A,77.66,14.4,69.4,83.55,Normal,Origen A,Ambiente,Protocolo_2
Embalaje B,57.94,28.91,81.25,10.2,Normal,Origen C,Ambiente,Protocolo_1
Embalaje A,7.63,51.93,83.09,34.12,Frágil,Origen B,Ambiente,Protocolo_2
Embalaje A,51.55,79.42,71.99,78.38,Normal,Origen C,Ambiente,Protocolo_1
Embalaje C,99.44,94.5,94.3,46.43,Normal,Origen B,Ambiente,Protocolo_1
Embalaje C,76.47,64.93,79.51,76.46,Frágil,Origen A,Refrigerado,Protocolo_2
Embalaje A,11.33,32.31,60.68,92.73,Normal,Origen D,Ambiente,Protocolo_2
Embalaje C,41.34,12.54,46.51,79.23,Frágil,Origen D,Ambiente,Protocolo_2
Embalaje C,85.97,41.39,59.02,14.34,Normal,Origen A,Ambiente,Protocolo_1
Embalaje B,27.13,60.6,52.63,37.02,Frágil,Origen C,Ambiente,Protocolo_2
Embalaje C,36.89,78.35,45.53,66.98,Normal,Origen B,Refrigerado,Protocolo_1
Embalaje B,40.13,17.09,57.53,67.18,Frágil,Origen D,Ambiente,Protocolo_2
Embalaje B,83.86,47.71,26.17,16.58,Normal,Origen B,Ambiente,Protocolo_1
Embalaje A,44.92,32.3,30.87,54.4,Normal,Origen A,Ambiente,Protocolo_1
Embalaje B,62.27,16.65,20.93,60.18,Normal,Origen D,Refrigerado,Protocolo_1
Embalaje B,72.97,10.97,42.1,83.64,Frágil,Origen A,Ambiente,Protocolo_2
Embalaje C,10.53,23.17,49.57,70.63,Normal,Origen C,Ambiente,Protocolo_1
Embalaje B,54.72,78.25,54.66,49.02,Normal,Origen D,Ambiente,Protocolo_1
Embalaje B,6.31,10.03,17.74,71.05,Frágil,Origen B,Ambiente,Protocolo_2
Embalaje B,63.82,71.48,9.82,10.27,Normal,Origen C,Ambiente,Protocolo_1
Embalaje C,7.35,17.11,48.72,39.98,Normal,Origen B,Ambiente,Protocolo_1
Embalaje A,77.24,26.67,29.99,97.29,Normal,Origen C,Ambiente,Protocolo_2
Embalaje B,55.31,33.91,75.91,76.05,Normal,Origen A,Ambiente,Protocolo_1
Embalaje B,22.69,77.03,79.68,63.26,Normal,Origen A,Ambiente,Protocolo_1
Embalaje B,46.37,66.32,53.84,30.19,Frágil,Origen B,Ambiente,Protocolo_2
Embalaje C,74.46,82.26,12.82,65.92,Normal,Origen A,Ambiente,Protocolo_1
Embalaje A,14.35,36.89,28.24,30.97,Normal,Origen D,Ambiente,Protocolo_1
Embalaje A,6.58,36.87,66.25,49.0,Normal,Origen D,Ambiente,Protocolo_1
Embalaje C,56.0,64.72,86.96,34.38,Normal,Origen A,Ambiente,Protocolo_1
Embalaje C,41.04,40.51,66.45,90.54,Normal,Origen A,Ambiente,Protocolo_2
Embalaje C,69.52,42.44,68.91,60.64,Normal,Origen D,Ambiente,Protocolo_1
Embalaje A,79.41,23.75,30.15,78.05,Normal,Origen A,Ambiente,Protocolo_1
Embalaje B,87.91,99.33,80.32,24.0,Frágil,Origen B,Ambiente,Protocolo_2
Embalaje C,86.84,69.55,31.66,17.87,Normal,Origen A,Ambiente,Protocolo_1
Embalaje C,45.0,93.58,23.7,51.12,Normal,Origen A,Ambiente,Protocolo_1
Embalaje B,29.36,27.35,55.66,77.35,Normal,Origen B,Ambiente,Protocolo_1
Embalaje A,62.11,77.3,30.89,5.42,Normal,Origen A,Ambiente,Protocolo_1
Embalaje C,66.38,37.0,62.38,67.75,Normal,Origen D,Ambiente,Protocolo_1
Embalaje A,77.74,87.65,16.02,35.95,Normal,Origen C,Ambiente,Protocolo_1
Embalaje A,28.49,35.52,61.48,59.65,Normal,Origen B,Ambiente,Protocolo_1
Embalaje A,93.48,83.82,54.75,18.85,Normal,Origen C,Ambiente,Protocolo_1
Embalaje B,74.01,7.16,94.3,27.89,Normal,Origen D,Ambiente,Protocolo_1
Embalaje C,93.2,48.96,11.96,56.9,Normal,Origen D,Ambiente,Protocolo_1
Embalaje A,98.62,61.48,64.63,45.15,Normal,Origen D,Ambiente,Protocolo_1
Embalaje B,71.33,23.73,63.75,71.43,Normal,Origen B,Refrigerado,Protocolo_1
Embalaje C,10.4,29.29,11.38,96.57,Normal,Origen A,Ambiente,Protocolo_2
Embalaje C,13.06,86.71,33.49,16.25,Normal,Origen D,Ambiente,Protocolo_1
Embalaje A,29.9,91.59,14.15,95.64,Frágil,Origen A,Ambiente,Protocolo_2
Embalaje B,99.18,86.52,14.2,87.52,Normal,Origen B,Ambiente,Protocolo_2
Embalaje C,68.02,85.07,67.74,25.1,Normal,Origen D,Refrigerado,Protocolo_1
Embalaje A,63.76,35.18,50.89,39.79,Frágil,Origen B,Ambiente,Protocolo_2
Embalaje A,76.89,65.59,52.78,81.94,Normal,Origen A,Ambiente,Protocolo_2
Embalaje C,27.87,52.43,97.77,67.05,Normal,Origen B,Ambiente,Protocolo_1
Embalaje A,77.85,66.67,73.75,19.64,Normal,Origen A,Ambiente,Protocolo_1
Embalaje B,99.84,45.16,94.41,48.0,Normal,Origen C,Ambiente,Protocolo_1
Embalaje A,24.45,88.0,58.17,6.39,Normal,Origen B,Ambiente,Protocolo_1
Embalaje C,46.26,83.22,35.68,77.45,Normal,Origen C,Ambiente,Protocolo_1
Embalaje C,29.1,87.27,93.64,70.46,Normal,Origen D,Ambiente,Protocolo_1
Embalaje C,6.44,82.92,61.44,90.43,Normal,Origen D,Ambiente,Protocolo_2
Embalaje B,40.69,93.86,42.45,64.48,Frágil,Origen B,Ambiente,Protocolo_2
Embalaje A,72.62,80.53,70.04,11.95,Frágil,Origen D,Ambiente,Protocolo_2
Embalaje C,74.96,91.27,83.97,47.92,Frágil,Origen A,Ambiente,Protocolo_2
Embalaje C,96.37,33.42,33.47,13.65,Normal,Origen C,Ambiente,Protocolo_1
Embalaje B,87.27,9.19,58.15,17.7,Normal,Origen A,Ambiente,Protocolo_1
Embalaje C,98.59,42.97,97.49,91.51,Normal,Origen D,Ambiente,Protocolo_2
Embalaje B,64.38,87.28,23.03,18.32,Normal,Origen C,Ambiente,Protocolo_1
Embalaje A,38.16,29.77,9.83,97.88,Normal,Origen A,Ambiente,Protocolo_2
Embalaje A,76.58,97.35,60.14,52.33,Normal,Origen C,Ambiente,Protocolo_1
Embalaje B,32.45,34.81,18.06,37.5,Normal,Origen D,Ambiente,Protocolo_1
Embalaje B,25.38,9.13,99.47,60.41,Normal,Origen B,Ambiente,Protocolo_1
Embalaje B,76.15,40.52,42.64,46.36,Normal,Origen C,Ambiente,Protocolo_1
Embalaje A,38.73,17.64,50.91,82.4,Normal,Origen A,Ambiente,Protocolo_2
Embalaje B,38.33,30.83,54.63,41.51,Normal,Origen C,Ambiente,Protocolo_1
Embalaje C,19.39,18.14,67.95,68.68,Normal,Origen D,Ambiente,Protocolo_1
Embalaje B,11.1,20.19,9.74,84.41,Normal,Origen A,Ambiente,Protocolo_2
Embalaje A,77.51,24.15,6.61,43.27,Frágil,Origen D,Ambiente,Protocolo_2
Embalaje A,5.56,29.53,85.94,23.24,Normal,Origen A,Ambiente,Protocolo_1
Embalaje C,71.9,71.74,54.61,23.78,Normal,Origen D,Ambiente,Protocolo_1
Embalaje B,27.39,98.02,98.08,37.75,Normal,Origen D,Ambiente,Protocolo_1
Embalaje A,41.23,31.86,43.29,81.71,Normal,Origen A,Refrigerado,Protocolo_2
Embalaje A,40.91,71.2,7.88,15.68,Normal,Origen C,Ambiente,Protocolo_1
Embalaje A,70.96,96.42,62.4,99.95,Frágil,Origen D,Ambiente,Protocolo_2
Embalaje C,90.72,34.21,98.78,21.9,Normal,Origen B,Ambiente,Protocolo_1
Embalaje A,28.26,69.39,65.22,50.24,Normal,Origen A,Refrigerado,Protocolo_1
Embalaje B,74.27,80.68,71.45,70.71,Normal,Origen C,Ambiente,Protocolo_1
Embalaje C,55.02,96.14,72.98,77.19,Normal,Origen A,Ambiente,Protocolo_1
Embalaje C,99.75,62.97,69.59,62.32,Normal,Origen D,Ambiente,Protocolo_1
Embalaje C,68.95,83.83,55.64,97.52,Normal,Origen D,Ambiente,Protocolo_2
Embalaje A,9.16,95.06,92.28,20.68,Frágil,Origen D,Ambiente,Protocolo_2
Embalaje C,49.47,60.03,41.08,61.89,Normal,Origen B,Ambiente,Protocolo_1
Embalaje A,48.27,39.92,93.4,80.08,Normal,Origen B,Ambiente,Protocolo_2
Embalaje C,10.64,98.08,64.23,29.91,Normal,Origen A,Ambiente,Protocolo_1
Embalaje A,16.42,31.16,17.4,71.7,Frágil,Origen A,Ambiente,Protocolo_2
Embalaje A,59.47,25.89,58.7,95.06,Normal,Origen A,Ambiente,Protocolo_2
Embalaje A,69.81,55.01,84.27,48.05,Normal,Origen B,Ambiente,Protocolo_1
Embalaje C,81.39,98.69,8.83,17.65,Normal,Origen A,Ambiente,Protocolo_1
Embalaje A,99.31,82.02,86.47,70.42,Normal,Origen D,Ambiente,Protocolo_1
Embalaje C,23.39,10.88,82.62,85.49,Normal,Origen D,Ambiente,Protocolo_2
Embalaje A,99.36,43.55,48.03,46.07,Normal,Origen D,Ambiente,Protocolo_1
Embalaje C,68.03,23.14,76.87,53.3,Normal,Origen D,Ambiente,Protocolo_1
Embalaje C,22.88,44.64,57.4,91.01,Frágil,Origen A,Ambiente,Protocolo_2
Embalaje C,87.41,25.77,25.54,40.81,Normal,Origen C,Ambiente,Protocolo_1
Embalaje C,84.42,48.57,16.44,51.37,Normal,Origen B,Ambiente,Protocolo_1
Embalaje A,56.39,92.05,59.97,14.62,Normal,Origen B,Ambiente,Protocolo_1
Embalaje A,80.31,84.8,84.98,33.43,Normal,Origen C,Ambiente,Protocolo_1
Embalaje C,76.67,49.45,97.0,48.37,Normal,Origen B,Ambiente,Protocolo_1
Embalaje A,52.28,7.96,89.38,63.27,Frágil,Origen B,Ambiente,Protocolo_2
Embalaje C,23.82,55.24,69.3,15.4,Normal,Origen B,Refrigerado,Protocolo_1
Embalaje C,83.92,6.58,65.31,48.5,Normal,Origen D,Ambiente,Protocolo_1
Embalaje C,11.58,82.74,12.43,94.48,Frágil,Origen B,Ambiente,Protocolo_2
Embalaje B,58.38,67.43,64.76,74.57,Frágil,Origen B,Ambiente,Protocolo_2
Embalaje A,39.0,71.79,41.6,42.77,Normal,Origen B,Refrigerado,Protocolo_1
Embalaje B,94.88,12.69,70.41,31.84,Normal,Origen D,Refrigerado,Protocolo_1
Embalaje B,62.77,40.85,71.04,55.33,Normal,Origen B,Ambiente,Protocolo_1
Embalaje A,35.97,45.18,77.07,92.36,Frágil,Origen A,Ambiente,Protocolo_2
Embalaje B,30.52,48.3,58.08,28.09,Normal,Origen B,Ambiente,Protocolo_1
Embalaje A,42.91,47.27,14.2,27.82,Frágil,Origen C,Ambiente,Protocolo_2
Embalaje C,94.0,7.47,75.09,82.07,Frágil,Origen B,Ambiente,Protocolo_2
Embalaje A,5.37,63.05,67.22,51.82,Normal,Origen D,Ambiente,Protocolo_1
Embalaje A,17.88,12.1,45.61,19.92,Normal,Origen A,Refrigerado,Protocolo_1
Embalaje B,41.86,96.13,31.57,38.86,Normal,Origen C,Ambiente,Protocolo_1
Embalaje C,25.07,24.05,98.74,66.8,Normal,Origen B,Ambiente,Protocolo_1
Embalaje C,75.69,73.12,43.69,75.49,Normal,Origen A,Ambiente,Protocolo_1
Embalaje B,36.39,72.39,6.62,19.56,Normal,Origen C,Ambiente,Protocolo_1
Embalaje A,91.08,10.64,13.04,24.44,Normal,Origen C,Ambiente,Protocolo_1
Embalaje A,76.8,65.15,15.86,80.42,Normal,Origen A,Ambiente,Protocolo_2
Embalaje A,48.88,60.66,76.85,86.13,Normal,Origen D,Ambiente,Protocolo_2
Embalaje B,92.6,12.06,71.51,92.4,Normal,Origen C,Ambiente,Protocolo_2
Embalaje B,68.42,60.59,66.04,39.35,Normal,Origen D,Ambiente,Protocolo_1
Embalaje A,14.1,99.41,13.61,72.56,Normal,Origen A,Ambiente,Protocolo_1
Embalaje C,15.29,23.56,91.5,63.05,Normal,Origen B,Ambiente,Protocolo_1
Embalaje B,51.69,94.75,11.59,25.14,Normal,Origen B,Ambiente,Protocolo_1
Embalaje B,7.39,11.71,51.95,78.78,Normal,Origen A,Ambiente,Protocolo_1
Embalaje C,74.69,67.88,33.2,32.41,Normal,Origen D,Ambiente,Protocolo_1
Embalaje C,59.23,20.25,76.87,44.23,Normal,Origen A,Ambiente,Protocolo_1
Embalaje B,21.42,33.53,43.69,9.35,Normal,Origen A,Ambiente,Protocolo_1
Embalaje C,38.17,9.93,14.22,3.07,Normal,Origen C,Ambiente,Protocolo_1
Embalaje C,58.34,59.66,63.32,85.08,Normal,Origen B,Ambiente,Protocolo_2
Embalaje A,39.06,21.27,13.05,36.9,Normal,Origen B,Ambiente,Protocolo_1
Embalaje C,51.7,71.61,17.91,39.63,Normal,Origen D,Ambiente,Protocolo_1
Embalaje C,44.74,15.84,89.37,94.43,Normal,Origen D,Ambiente,Protocolo_2
Embalaje B,66.02,74.22,28.83,2.61,Normal,Origen B,Ambiente,Protocolo_1
Embalaje B,10.69,8.8,43.42,65.37,Normal,Origen B,Refrigerado,Protocolo_1
Embalaje A,49.83,11.0,38.03,49.02,Frágil,Origen D,Ambiente,Protocolo_2
Embalaje A,85.2,32.38,69.38,4.19,Frágil,Origen B,Ambiente,Protocolo_2
Embalaje C,34.7,61.46,33.6,95.68,Normal,Origen B,Ambiente,Protocolo_2
Embalaje B,17.05,44.55,70.22,49.31,Normal,Origen A,Ambiente,Protocolo_1
Embalaje B,9.28,45.5,52.09,93.81,Normal,Origen B,Ambiente,Protocolo_2
Embalaje B,28.43,71.78,28.3,5.73,Normal,Origen A,Ambiente,Protocolo_1
Embalaje B,81.28,9.27,93.72,7.34,Normal,Origen A,Ambiente,Protocolo_1
Embalaje B,8.46,5.13,94.17,58.71,Normal,Origen B,Ambiente,Protocolo_1
Embalaje B,12.91,96.14,21.7,45.7,Normal,Origen A,Ambiente,Protocolo_1
Embalaje B,19.94,93.07,48.03,88.81,Normal,Origen D,Ambiente,Protocolo_2
Embalaje C,79.26,13.08,55.13,4.61,Normal,Origen C,Ambiente,Protocolo_1
Embalaje C,10.49,36.73,19.51,53.04,Normal,Origen C,Refrigerado,Protocolo_1
Embalaje B,73.7,68.55,21.84,11.65,Normal,Origen C,Ambiente,Protocolo_1
Embalaje A,36.9,22.2,91.76,24.75,Frágil,Origen D,Refrigerado,Protocolo_2
Embalaje A,24.88,35.77,44.09,46.15,Normal,Origen A,Ambiente,Protocolo_1
Embalaje A,25.35,38.74,45.62,88.41,Normal,Origen C,Ambiente,Protocolo_2
Embalaje C,22.38,21.02,61.25,38.42,Frágil,Origen D,Ambiente,Protocolo_2
Embalaje A,35.98,44.99,43.75,89.92,Normal,Origen B,Refrigerado,Protocolo_2
Embalaje C,45.28,71.55,86.9,98.62,Normal,Origen B,Ambiente,Protocolo_2
Embalaje B,78.36,31.01,13.91,16.24,Normal,Origen A,Ambiente,Protocolo_1
Embalaje B,47.3,83.38,79.68,13.63,Normal,Origen B,Refrigerado,Protocolo_1
Embalaje B,32.9,29.57,92.73,49.61,Normal,Origen C,Ambiente,Protocolo_1
Embalaje A,75.45,95.61,71.89,89.92,Normal,Origen D,Ambiente,Protocolo_2
Embalaje A,17.07,13.26,63.91,41.69,Normal,Origen C,Ambiente,Protocolo_1
Embalaje A,36.37,64.5,21.12,11.47,Normal,Origen D,Ambiente,Protocolo_1
Embalaje B,75.91,52.88,36.24,89.88,Normal,Origen A,Ambiente,Protocolo_2
Embalaje B,17.44,43.68,11.7,7.48,Normal,Origen D,Refrigerado,Protocolo_1
Embalaje B,81.12,35.54,91.98,19.62,Normal,Origen C,Ambiente,Protocolo_1
Embalaje A,33.65,24.97,38.77,13.23,Normal,Origen B,Ambiente,Protocolo_1
Embalaje A,56.65,21.76,39.15,95.42,Normal,Origen B,Ambiente,Protocolo_2
Embalaje B,5.98,95.63,90.07,29.73,Normal,Origen D,Ambiente,Protocolo_1
Embalaje B,11.34,95.98,7.42,53.03,Normal,Origen B,Ambiente,Protocolo_1
Embalaje B,89.08,82.51,15.39,74.53,Normal,Origen B,Ambiente,Protocolo_1
Embalaje B,27.04,12.95,11.26,52.41,Normal,Origen B,Ambiente,Protocolo_1
Embalaje C,75.62,6.93,55.34,67.95,Normal,Origen A,Ambiente,Protocolo_1
Embalaje C,74.0,5.71,22.5,66.94,Normal,Origen D,Ambiente,Protocolo_1
Embalaje B,93.93,71.76,10.92,4.56,Normal,Origen A,Ambiente,Protocolo_1
Embalaje B,66.33,26.71,59.36,44.16,Normal,Origen C,Ambiente,Protocolo_1
Embalaje C,64.12,34.45,15.89,50.13,Normal,Origen A,Ambiente,Protocolo_1
Embalaje B,64.87,58.89,55.22,98.8,Normal,Origen D,Ambiente,Protocolo_2
Embalaje B,25.04,20.75,88.83,36.04,Frágil,Origen B,Ambiente,Protocolo_2
Embalaje C,61.63,15.94,20.9,83.48,Normal,Origen B,Ambiente,Protocolo_2
Embalaje A,34.77,76.01,21.17,11.15,Normal,Origen D,Ambiente,Protocolo_1
Embalaje B,27.52,42.38,53.88,20.98,Normal,Origen A,Ambiente,Protocolo_1
Embalaje A,36.25,96.11,40.34,60.85,Frágil,Origen C,Ambiente,Protocolo_2
Embalaje A,91.05,19.49,85.91,43.87,Normal,Origen D,Ambiente,Protocolo_1
Embalaje A,94.0,73.13,84.74,99.32,Normal,Origen D,Ambiente,Protocolo_2
Embalaje A,19.0,87.74,43.39,54.86,Normal,Origen D,Ambiente,Protocolo_1
Embalaje B,51.58,30.79,38.07,73.25,Normal,Origen A,Ambiente,Protocolo_1
Embalaje C,27.34,89.95,84.08,13.35,Normal,Origen A,Ambiente,Protocolo_1
Embalaje A,40.89,12.43,11.24,88.26,Normal,Origen D,Ambiente,Protocolo_2
Embalaje A,84.79,40.65,30.0,33.29,Normal,Origen A,Ambiente,Protocolo_1
Embalaje A,84.25,40.05,35.74,69.65,Normal,Origen A,Ambiente,Protocolo_1
Embalaje B,22.17,96.55,71.79,20.97,Normal,Origen C,Ambiente,Protocolo_1
Embalaje B,49.24,86.19,45.79,18.24,Normal,Origen D,Refrigerado,Protocolo_1
Embalaje C,41.59,99.16,14.98,9.15,Normal,Origen C,Ambiente,Protocolo_1
Embalaje B,93.39,70.18,24.43,52.58,Frágil,Origen C,Ambiente,Protocolo_2
Embalaje B,85.74,14.82,10.14,48.11,Normal,Origen C,Ambiente,Protocolo_1
Embalaje A,63.12,75.22,77.78,15.97,Normal,Origen A,Ambiente,Protocolo_1
Embalaje C,38.72,9.15,9.88,16.51,Normal,Origen C,Ambiente,Protocolo_1
Embalaje C,56.58,74.32,89.2,2.66,Frágil,Origen B,Ambiente,Protocolo_2
Embalaje B,54.8,31.17,96.82,21.35,Normal,Origen B,Ambiente,Protocolo_1
Embalaje B,69.68,77.01,23.83,64.0,Normal,Origen C,Ambiente,Protocolo_1
Embalaje B,86.23,85.52,17.73,98.79,Normal,Origen D,Ambiente,Protocolo_2
Embalaje B,66.66,49.27,43.12,52.83,Normal,Origen C,Ambiente,Protocolo_1
Embalaje A,53.59,64.31,47.09,4.73,Normal,Origen B,Ambiente,Protocolo_1
Embalaje B,20.14,40.13,27.63,59.59,Frágil,Origen D,Ambiente,Protocolo_2
Embalaje B,41.6,37.64,62.03,53.05,Normal,Origen D,Ambiente,Protocolo_1
Embalaje C,22.5,65.63,41.96,41.71,Normal,Origen C,Ambiente,Protocolo_1
Embalaje A,69.04,82.73,64.22,61.14,Frágil,Origen C,Ambiente,Protocolo_2
Embalaje C,89.6,74.83,12.94,18.74,Normal,Origen C,Ambiente,Protocolo_1
Embalaje A,47.88,61.38,98.54,39.64,Frágil,Origen A,Ambiente,Protocolo_2
Embalaje A,36.03,80.27,59.63,11.55,Normal,Origen B,Ambiente,Protocolo_1
Embalaje A,63.39,96.57,10.08,81.58,Normal,Origen C,Ambiente,Protocolo_2
Embalaje A,74.39,80.01,82.43,76.02,Frágil,Origen D,Ambiente,Protocolo_2
Embalaje A,61.27,67.23,29.31,31.39,Frágil,Origen B,Ambiente,Protocolo_2
Embalaje B,67.02,23.93,94.95,15.85,Normal,Origen C,Ambiente,Protocolo_1
Embalaje A,71.33,99.28,45.09,53.73,Normal,Origen B,Ambiente,Protocolo_1
Embalaje A,75.46,66.24,55.95,15.72,Normal,Origen C,Ambiente,Protocolo_1
Embalaje C,96.62,31.2,28.06,60.98,Normal,Origen A,Ambiente,Protocolo_1
Embalaje C,18.94,15.01,35.39,65.18,Frágil,Origen B,Ambiente,Protocolo_2
Embalaje A,71.62,96.82,27.82,92.42,Normal,Origen D,Ambiente,Protocolo_2
Embalaje A,75.22,81.49,58.46,8.48,Normal,Origen D,Refrigerado,Protocolo_1
Embalaje B,92.85,31.81,8.62,35.25,Normal,Origen C,Ambiente,Protocolo_1
Embalaje B,25.04,81.32,78.17,44.34,Normal,Origen C,Ambiente,Protocolo_1
Embalaje C,24.58,32.75,19.2,35.12,Frágil,Origen C,Ambiente,Protocolo_2
Embalaje B,25.98,83.23,37.62,15.56,Frágil,Origen C,Ambiente,Protocolo_2
Embalaje B,50.57,89.13,87.9,31.45,Normal,Origen A,Refrigerado,Protocolo_1
Embalaje B,61.66,89.89,60.88,82.16,Normal,Origen B,Ambiente,Protocolo_2
Embalaje C,14.55,58.35,95.4,31.15,Frágil,Origen A,Ambiente,Protocolo_2
Embalaje A,80.48,42.71,64.39,47.21,Normal,Origen A,Ambiente,Protocolo_1
Embalaje A,37.57,12.5,42.27,83.16,Normal,Origen D,Ambiente,Protocolo_2
Embalaje C,56.48,50.01,33.64,44.37,Normal,Origen C,Ambiente,Protocolo_1
Embalaje C,71.4,48.43,15.45,23.57,Normal,Origen B,Ambiente,Protocolo_1
Embalaje A,94.59,54.2,78.45,87.58,Normal,Origen A,Ambiente,Protocolo_2
Embalaje A,86.02,88.68,44.4,67.08,Normal,Origen A,Ambiente,Protocolo_1
Embalaje C,7.21,6.03,19.64,78.85,Normal,Origen D,Ambiente,Protocolo_1
Embalaje A,64.52,77.32,27.5,32.1,Normal,Origen C,Ambiente,Protocolo_1
Embalaje C,79.59,45.56,58.74,45.4,Normal,Origen A,Ambiente,Protocolo_1
Embalaje B,55.54,79.43,12.01,94.87,Normal,Origen D,Ambiente,Protocolo_2
Embalaje C,8.65,84.96,86.13,22.23,Normal,Origen B,Ambiente,Protocolo_1
Embalaje C,11.8,53.38,35.58,37.4,Normal,Origen C,Ambiente,Protocolo_1
Embalaje C,82.01,35.06,87.25,45.59,Normal,Origen D,Ambiente,Protocolo_1
Embalaje B,87.79,13.54,61.1,43.26,Normal,Origen B,Ambiente,Protocolo_1
Embalaje C,51.29,73.11,13.78,67.03,Frágil,Origen D,Ambiente,Protocolo_2
Embalaje A,17.98,7.71,23.83,52.57,Normal,Origen A,Ambiente,Protocolo_1
Embalaje B,49.69,29.69,44.39,71.1,Normal,Origen B,Ambiente,Protocolo_1
Embalaje B,23.74,47.8,13.33,20.74,Normal,Origen C,Ambiente,Protocolo_1
Embalaje B,80.41,97.58,79.43,11.51,Frágil,Origen D,Ambiente,Protocolo_2
Embalaje C,53.8,22.83,16.99,44.1,Normal,Origen D,Ambiente,Protocolo_1
Embalaje A,41.87,94.41,63.32,98.13,Normal,Origen D,Ambiente,Protocolo_2
Embalaje A,39.12,64.58,51.41,44.76,Frágil,Origen C,Refrigerado,Protocolo_2
Embalaje A,98.38,92.41,38.2,8.62,Normal,Origen C,Ambiente,Protocolo_1
Embalaje C,34.2,5.47,16.88,41.75,Normal,Origen A,Ambiente,Protocolo_1
Embalaje C,23.95,93.19,11.14,94.17,Normal,Origen D,Refrigerado,Protocolo_2
Embalaje A,25.22,37.0,13.04,62.55,Normal,Origen B,Ambiente,Protocolo_1
Embalaje B,60.52,9.19,81.77,75.89,Normal,Origen A,Ambiente,Protocolo_1
Embalaje B,85.75,79.3,77.5,34.65,Normal,Origen D,Ambiente,Protocolo_1
Embalaje C,81.95,15.53,50.49,83.25,Frágil,Origen D,Refrigerado,Protocolo_2
Embalaje B,81.81,22.93,55.66,33.36,Normal,Origen B,Ambiente,Protocolo_1
Embalaje A,74.33,75.29,50.62,59.33,Normal,Origen A,Ambiente,Protocolo_1
Embalaje A,26.9,48.87,23.99,19.15,Normal,Origen D,Ambiente,Protocolo_1
Embalaje A,27.95,58.65,36.55,74.44,Normal,Origen A,Ambiente,Protocolo_1
Embalaje C,65.29,51.08,93.98,29.44,Normal,Origen A,Ambiente,Protocolo_1
Embalaje B,31.17,15.8,12.49,35.1,Normal,Origen B,Ambiente,Protocolo_1
Embalaje A,13.67,35.34,13.02,90.34,Normal,Origen D,Refrigerado,Protocolo_2
Embalaje C,74.05,43.68,67.71,73.0,Frágil,Origen A,Ambiente,Protocolo_2
Embalaje B,23.0,5.88,90.23,37.25,Normal,Origen D,Ambiente,Protocolo_1
Embalaje C,19.37,65.86,20.79,99.75,Normal,Origen D,Ambiente,Protocolo_2
Embalaje C,83.76,22.22,45.25,82.82,Normal,Origen B,Ambiente,Protocolo_2
Embalaje B,47.43,17.42,94.92,37.35,Frágil,Origen B,Ambiente,Protocolo_2
Embalaje B,71.36,78.87,38.49,81.27,Normal,Origen B,Ambiente,Protocolo_2
Embalaje C,8.95,70.36,34.73,58.98,Normal,Origen D,Ambiente,Protocolo_1
Embalaje A,82.97,69.45,6.73,25.65,Normal,Origen D,Refrigerado,Protocolo_1
Embalaje A,43.01,75.03,78.97,33.35,Normal,Origen D,Ambiente,Protocolo_1
Embalaje A,37.11,14.27,13.27,39.21,Normal,Origen A,Ambiente,Protocolo_1
Embalaje A,91.28,72.91,42.19,94.48,Normal,Origen B,Ambiente,Protocolo_2
Embalaje C,56.75,59.94,10.85,39.02,Normal,Origen D,Ambiente,Protocolo_1
Embalaje C,69.15,45.17,6.64,15.07,Normal,Origen D,Ambiente,Protocolo_1
Embalaje C,70.86,43.39,76.71,40.28,Normal,Origen B,Ambiente,Protocolo_1
Embalaje C,85.93,21.26,20.14,69.27,Frágil,Origen B,Ambiente,Protocolo_2
Embalaje C,83.66,57.99,8.81,57.93,Normal,Origen A,Ambiente,Protocolo_1
Embalaje C,73.15,38.43,36.67,95.05,Normal,Origen C,Ambiente,Protocolo_2
Embalaje C,51.25,70.22,24.41,66.06,Frágil,Origen D,Ambiente,Protocolo_2
Embalaje A,35.15,21.7,63.56,68.93,Normal,Origen B,Ambiente,Protocolo_1
Embalaje A,18.28,12.26,87.25,31.73,Normal,Origen D,Ambiente,Protocolo_1
Embalaje A,67.51,32.09,40.49,68.31,Normal,Origen A,Ambiente,Protocolo_1
Embalaje A,70.12,15.29,46.47,26.02,Normal,Origen B,Refrigerado,Protocolo_1
Embalaje C,74.95,25.37,32.09,94.95,Frágil,Origen D,Ambiente,Protocolo_2
Embalaje B,89.11,28.43,65.77,56.91,Normal,Origen B,Ambiente,Protocolo_1
Embalaje C,81.8,65.96,24.13,35.23,Normal,Origen C,Ambiente,Protocolo_1
Embalaje B,84.36,27.52,13.48,29.16,Frágil,Origen B,Ambiente,Protocolo_2
Embalaje C,29.13,71.96,26.82,5.74,Normal,Origen C,Ambiente,Protocolo_1
Embalaje B,94.3,88.78,36.18,41.29,Normal,Origen B,Ambiente,Protocolo_1
Embalaje C,63.67,82.02,41.89,10.57,Normal,Origen D,Ambiente,Protocolo_1
Embalaje C,13.18,40.77,73.44,31.73,Frágil,Origen D,Ambiente,Protocolo_2
Embalaje C,27.16,61.99,99.49,55.89,Normal,Origen A,Refrigerado,Protocolo_1
Embalaje A,6.43,91.65,62.57,19.48,Normal,Origen D,Ambiente,Protocolo_1
Embalaje A,32.84,57.16,45.86,56.08,Normal,Origen D,Ambiente,Protocolo_1
Embalaje B,85.99,26.32,40.06,98.51,Normal,Origen B,Ambiente,Protocolo_2
Embalaje B,40.79,42.88,58.56,79.22,Normal,Origen A,Ambiente,Protocolo_1
Embalaje C,45.36,41.85,36.06,4.96,Frágil,Origen D,Ambiente,Protocolo_2
Embalaje B,20.09,6.02,44.2,93.83,Normal,Origen D,Ambiente,Protocolo_2
Embalaje C,79.4,79.7,50.25,52.06,Normal,Origen C,Ambiente,Protocolo_1
Embalaje A,14.08,79.48,79.81,89.0,Frágil,Origen A,Ambiente,Protocolo_2
Embalaje C,37.03,62.86,59.49,87.65,Normal,Origen A,Ambiente,Protocolo_2
Embalaje C,28.48,29.72,49.56,90.97,Normal,Origen C,Ambiente,Protocolo_2
Embalaje C,63.05,11.21,48.47,97.94,Normal,Origen C,Ambiente,Protocolo_2
Embalaje C,22.56,31.56,97.71,16.52,Normal,Origen A,Ambiente,Protocolo_1
Embalaje C,19.96,74.97,64.85,23.05,Normal,Origen A,Ambiente,Protocolo_1
Embalaje B,81.32,71.31,74.41,98.38,Frágil,Origen A,Ambiente,Protocolo_2
Embalaje B,58.91,14.14,58.05,16.75,Normal,Origen B,Ambiente,Protocolo_1
Embalaje B,30.86,15.54,44.45,90.77,Normal,Origen D,Ambiente,Protocolo_2
Embalaje C,10.4,98.87,74.77,79.73,Normal,Origen D,Ambiente,Protocolo_1
Embalaje A,20.4,10.4,46.06,31.69,Normal,Origen C,Ambiente,Protocolo_1
Embalaje A,74.94,17.27,54.11,85.03,Normal,Origen B,Ambiente,Protocolo_2
Embalaje B,10.45,86.5,52.07,89.74,Normal,Origen C,Ambiente,Protocolo_2
Embalaje C,54.3,14.87,39.68,29.06,Normal,Origen C,Ambiente,Protocolo_1
Embalaje A,73.17,90.39,79.41,90.54,Normal,Origen D,Ambiente,Protocolo_2
Embalaje B,13.02,64.45,85.72,4.73,Normal,Origen C,Refrigerado,Protocolo_1
Embalaje B,22.84,73.38,73.34,29.98,Normal,Origen D,Ambiente,Protocolo_1
Embalaje B,87.45,32.59,53.24,2.46,Normal,Origen A,Refrigerado,Protocolo_1
Embalaje C,40.81,58.67,40.02,88.29,Normal,Origen B,Ambiente,Protocolo_2
Embalaje B,15.2,66.3,70.86,84.77,Normal,Origen A,Ambiente,Protocolo_2
Embalaje A,58.09,59.94,84.59,2.96,Normal,Origen D,Ambiente,Protocolo_1
Embalaje B,24.55,90.75,93.99,60.45,Normal,Origen A,Ambiente,Protocolo_1
Embalaje B,34.28,47.45,49.2,72.58,Normal,Origen C,Refrigerado,Protocolo_1
Embalaje B,98.11,58.48,75.44,41.69,Frágil,Origen D,Ambiente,Protocolo_2
Embalaje B,81.68,10.58,87.54,70.45,Normal,Origen A,Ambiente,Protocolo_1
Embalaje C,75.47,75.53,78.76,14.26,Frágil,Origen D,Ambiente,Protocolo_2
Embalaje B,43.03,57.65,66.11,17.43,Normal,Origen D,Ambiente,Protocolo_1
Embalaje A,73.83,79.34,45.68,48.92,Normal,Origen B,Ambiente,Protocolo_1
Embalaje B,19.05,69.76,99.52,74.87,Normal,Origen D,Ambiente,Protocolo_1
Embalaje C,44.56,11.16,63.44,39.48,Normal,Origen C,Ambiente,Protocolo_1
Embalaje C,90.77,70.32,61.67,16.32,Normal,Origen B,Ambiente,Protocolo_1
Embalaje C,12.81,87.84,21.62,85.19,Normal,Origen D,Ambiente,Protocolo_2
Embalaje C,92.42,38.59,98.18,42.76,Frágil,Origen B,Ambiente,Protocolo_2
Embalaje A,48.07,19.52,35.41,70.21,Normal,Origen D,Ambiente,Protocolo_1
Embalaje C,42.34,65.79,46.22,66.91,Frágil,Origen B,Ambiente,Protocolo_2
Embalaje A,65.68,31.02,79.42,73.53,Normal,Origen B,Ambiente,Protocolo_1
Embalaje C,55.66,90.99,91.25,11.85,Normal,Origen A,Ambiente,Protocolo_1
Embalaje C,95.42,23.19,7.23,14.54,Normal,Origen A,Ambiente,Protocolo_1
Embalaje A,8.55,57.44,13.33,41.09,Normal,Origen A,Ambiente,Protocolo_1
Embalaje B,65.37,83.16,31.4,48.52,Normal,Origen B,Ambiente,Protocolo_1
Embalaje C,40.72,6.78,45.23,94.48,Normal,Origen C,Ambiente,Protocolo_2
Embalaje B,44.56,58.86,68.06,8.43,Normal,Origen A,Ambiente,Protocolo_1
Embalaje A,5.74,93.3,92.21,95.9,Normal,Origen A,Ambiente,Protocolo_2
Embalaje B,81.4,20.94,64.62,65.3,Normal,Origen C,Refrigerado,Protocolo_1
Embalaje C,67.06,82.67,11.54,96.71,Normal,Origen A,Refrigerado,Protocolo_2
Embalaje C,24.85,37.47,57.28,36.93,Frágil,Origen C,Ambiente,Protocolo_2
Embalaje A,46.31,93.96,82.91,10.08,Normal,Origen B,Ambiente,Protocolo_1
Embalaje B,60.76,25.26,82.08,86.85,Normal,Origen D,Ambiente,Protocolo_2
Embalaje C,6.83,94.59,17.95,93.49,Frágil,Origen D,Refrigerado,Protocolo_2
Embalaje B,85.25,9.63,65.79,3.92,Normal,Origen B,Ambiente,Protocolo_1
Embalaje C,50.73,89.19,99.73,29.51,Frágil,Origen D,Ambiente,Protocolo_2
Embalaje A,55.59,91.96,7.8,13.8,Normal,Origen D,Ambiente,Protocolo_1
Embalaje C,67.1,33.34,62.82,93.41,Normal,Origen D,Ambiente,Protocolo_2
Embalaje B,5.6,38.31,81.41,8.52,Normal,Origen D,Ambiente,Protocolo_1
Embalaje A,66.52,15.56,40.34,65.63,Normal,Origen B,Ambiente,Protocolo_1
Embalaje C,85.22,98.36,8.88,67.11,Normal,Origen A,Refrigerado,Protocolo_1
Embalaje C,15.83,94.13,35.43,55.05,Normal,Origen B,Ambiente,Protocolo_1
Embalaje A,39.74,86.42,94.08,13.22,Normal,Origen A,Ambiente,Protocolo_1
Embalaje C,62.34,28.37,34.01,12.15,Normal,Origen D,Ambiente,Protocolo_1
Embalaje C,66.61,66.95,66.29,27.46,Normal,Origen A,Ambiente,Protocolo_1
Embalaje B,55.47,31.38,19.87,67.51,Normal,Origen C,Ambiente,Protocolo_1
Embalaje A,59.46,40.92,53.88,34.83,Normal,Origen A,Ambiente,Protocolo_1
Embalaje B,42.74,61.8,98.83,11.59,Normal,Origen C,Ambiente,Protocolo_1
Embalaje C,22.46,64.05,58.33,21.62,Normal,Origen B,Ambiente,Protocolo_1
Embalaje B,68.02,32.16,32.83,17.83,Frágil,Origen A,Ambiente,Protocolo_2
Embalaje B,98.51,55.61,26.93,22.4,Frágil,Origen B,Ambiente,Protocolo_2
Embalaje B,9.86,35.15,64.72,79.81,Normal,Origen D,Ambiente,Protocolo_1
Embalaje A,30.93,91.45,15.16,95.78,Normal,Origen C,Ambiente,Protocolo_2
Embalaje B,24.16,42.56,39.12,51.38,Normal,Origen A,Refrigerado,Protocolo_1
Embalaje C,74.35,64.56,11.04,57.97,Frágil,Origen C,Ambiente,Protocolo_2
Embalaje A,5.62,61.91,38.93,52.21,Normal,Origen C,Refrigerado,Protocolo_1
Embalaje A,99.6,85.02,29.63,5.48,Normal,Origen B,Ambiente,Protocolo_1
Embalaje C,12.9,90.09,32.34,9.31,Normal,Origen B,Ambiente,Protocolo_1
Embalaje A,82.73,16.94,5.37,95.1,Normal,Origen C,Ambiente,Protocolo_2
Embalaje C,25.3,73.98,27.16,76.27,Normal,Origen C,Ambiente,Protocolo_1
Embalaje A,90.77,50.5,20.55,31.27,Normal,Origen D,Ambiente,Protocolo_1
Embalaje A,63.23,28.92,8.58,3.97,Normal,Origen A,Ambiente,Protocolo_1
Embalaje A,79.52,97.79,18.47,2.83,Normal,Origen B,Ambiente,Protocolo_1
Embalaje A,8.64,46.53,71.07,23.35,Normal,Origen B,Ambiente,Protocolo_1
Embalaje A,84.43,60.72,24.14,40.48,Frágil,Origen C,Refrigerado,Protocolo_2
Embalaje A,49.81,86.69,33.39,15.03,Normal,Origen B,Refrigerado,Protocolo_1
Embalaje C,98.86,48.24,95.67,22.61,Frágil,Origen B,Refrigerado,Protocolo_2
Embalaje A,51.7,76.18,80.51,94.17,Frágil,Origen C,Ambiente,Protocolo_2
Embalaje C,43.62,37.49,98.65,80.12,Normal,Origen A,Ambiente,Protocolo_2
Embalaje B,55.46,21.93,75.9,63.95,Normal,Origen B,Ambiente,Protocolo_1
Embalaje C,20.31,83.44,32.95,87.17,Normal,Origen B,Ambiente,Protocolo_2
Embalaje A,5.9,9.17,10.33,67.87,Frágil,Origen D,Ambiente,Protocolo_2
Embalaje C,22.1,20.32,34.36,70.61,Normal,Origen B,Ambiente,Protocolo_1
Embalaje B,47.74,60.77,36.12,97.87,Normal,Origen B,Ambiente,Protocolo_2
Embalaje A,57.04,65.01,88.93,39.95,Normal,Origen C,Ambiente,Protocolo_1
Embalaje B,47.22,96.95,70.59,58.55,Frágil,Origen B,Ambiente,Protocolo_2
Embalaje C,86.92,39.01,32.49,95.11,Normal,Origen D,Ambiente,Protocolo_2
Embalaje B,24.79,39.99,95.78,95.5,Normal,Origen A,Refrigerado,Protocolo_2
Embalaje A,83.37,59.83,82.86,89.64,Normal,Origen C,Ambiente,Protocolo_2
Embalaje A,64.28,68.76,95.67,43.89,Normal,Origen B,Ambiente,Protocolo_1
Embalaje C,50.52,81.33,89.92,35.38,Normal,Origen C,Ambiente,Protocolo_1
Embalaje C,23.41,74.23,7.58,76.82,Normal,Origen A,Refrigerado,Protocolo_1
Embalaje A,78.38,69.36,68.85,92.74,Normal,Origen C,Ambiente,Protocolo_2
Embalaje B,50.59,42.88,16.82,23.2,Normal,Origen B,Ambiente,Protocolo_1
Embalaje A,75.7,15.19,64.66,9.28,Frágil,Origen D,Ambiente,Protocolo_2
Embalaje C,29.33,23.36,52.75,90.86,Frágil,Origen B,Ambiente,Protocolo_2
Embalaje C,27.39,53.22,13.7,65.98,Normal,Origen A,Ambiente,Protocolo_1
Embalaje B,57.14,57.96,64.66,20.23,Normal,Origen C,Ambiente,Protocolo_1
Embalaje C,19.26,98.99,47.73,87.87,Normal,Origen A,Refrigerado,Protocolo_2
Embalaje C,20.18,40.02,57.94,42.42,Frágil,Origen B,Ambiente,Protocolo_2
Embalaje A,10.67,37.65,87.75,28.86,Normal,Origen D,Ambiente,Protocolo_1
Embalaje B,84.72,49.03,65.11,71.59,Normal,Origen B,Ambiente,Protocolo_1
Embalaje B,59.17,61.67,50.17,23.74,Normal,Origen A,Ambiente,Protocolo_1
Embalaje C,29.91,63.97,39.99,51.27,Frágil,Origen B,Ambiente,Protocolo_2
Embalaje A,91.78,43.5,89.1,97.86,Normal,Origen A,Refrigerado,Protocolo_2
Embalaje A,71.1,7.61,55.08,17.68,Normal,Origen C,Ambiente,Protocolo_1
Embalaje C,11.76,37.58,49.44,12.34,Normal,Origen D,Ambiente,Protocolo_1
Embalaje B,76.43,23.36,66.63,84.43,Normal,Origen D,Ambiente,Protocolo_2
Embalaje B,97.4,70.56,84.68,61.93,Frágil,Origen D,Ambiente,Protocolo_2
Embalaje C,81.38,59.62,69.98,97.53,Normal,Origen D,Ambiente,Protocolo_2
Embalaje A,9.38,84.49,94.23,70.19,Frágil,Origen A,Ambiente,Protocolo_2
Embalaje C,21.57,11.32,13.81,4.65,Normal,Origen D,Ambiente,Protocolo_1
Embalaje C,11.23,38.25,54.2,83.1,Normal,Origen A,Ambiente,Protocolo_2
Embalaje C,33.97,36.74,28.06,91.26,Normal,Origen C,Ambiente,Protocolo_2
Embalaje A,44.86,95.96,53.16,3.0,Normal,Origen D,Ambiente,Protocolo_1
Embalaje C,22.35,57.01,85.4,12.55,Normal,Origen B,Ambiente,Protocolo_1
Embalaje B,48.92,25.35,74.15,38.08,Normal,Origen B,Ambiente,Protocolo_1
Embalaje C,17.18,76.51,84.97,95.33,Normal,Origen B,Ambiente,Protocolo_2
Embalaje C,7.77,23.14,43.47,19.29,Frágil,Origen D,Ambiente,Protocolo_2
Embalaje A,87.81,12.3,43.99,88.17,Normal,Origen C,Ambiente,Protocolo_2
Embalaje C,59.31,95.97,19.23,58.76,Frágil,Origen A,Ambiente,Protocolo_2
Embalaje B,77.09,97.3,50.79,19.43,Normal,Origen B,Ambiente,Protocolo_1
Embalaje B,80.05,76.31,29.39,95.44,Normal,Origen C,Refrigerado,Protocolo_2
Embalaje B,99.39,88.55,39.2,56.03,Normal,Origen D,Ambiente,Protocolo_1
Embalaje C,45.46,61.33,78.06,93.66,Normal,Origen B,Ambiente,Protocolo_2
Embalaje A,66.34,32.86,15.52,98.45,Normal,Origen D,Ambiente,Protocolo_2
Embalaje C,64.92,96.8,70.76,54.11,Normal,Origen A,Refrigerado,Protocolo_1
Embalaje A,19.16,15.02,65.97,42.35,Normal,Origen B,Ambiente,Protocolo_1
Embalaje A,48.2,23.39,80.11,7.43,Frágil,Origen B,Ambiente,Protocolo_2
Embalaje B,82.88,26.19,17.6,16.4,Frágil,Origen C,Ambiente,Protocolo_2
Embalaje B,75.21,58.43,81.99,77.63,Normal,Origen B,Ambiente,Protocolo_1
Embalaje C,41.9,25.68,52.52,40.14,Frágil,Origen D,Ambiente,Protocolo_2
Embalaje C,72.72,48.27,98.65,76.1,Frágil,Origen A,Ambiente,Protocolo_2
Embalaje A,10.12,57.11,31.74,69.07,Normal,Origen C,Ambiente,Protocolo_1
Embalaje B,40.11,70.46,58.04,24.32,Normal,Origen A,Ambiente,Protocolo_1
Embalaje A,27.87,68.33,14.64,54.15,Normal,Origen C,Ambiente,Protocolo_1
Embalaje C,11.26,40.51,98.9,9.9,Frágil,Origen A,Ambiente,Protocolo_2
Embalaje C,52.17,16.54,10.56,71.7,Normal,Origen D,Ambiente,Protocolo_1
Embalaje B,24.13,99.89,65.17,60.82,Normal,Origen D,Refrigerado,Protocolo_1
Embalaje C,13.31,39.69,32.47,56.61,Normal,Origen A,Ambiente,Protocolo_1
Embalaje A,34.74,87.91,15.49,61.63,Normal,Origen C,Ambiente,Protocolo_1
Embalaje C,90.87,12.42,83.02,32.04,Normal,Origen A,Ambiente,Protocolo_1
Embalaje C,73.53,37.95,75.81,55.94,Normal,Origen C,Ambiente,Protocolo_1
Embalaje C,23.73,19.16,51.93,54.93,Normal,Origen B,Refrigerado,Protocolo_1
Embalaje C,71.04,15.12,31.89,5.3,Normal,Origen B,Refrigerado,Protocolo_1
Embalaje C,76.22,5.63,60.33,96.79,Frágil,Origen A,Ambiente,Protocolo_2
Embalaje B,95.98,47.61,72.65,95.98,Normal,Origen C,Ambiente,Protocolo_2
Embalaje C,20.06,23.03,26.14,1.2,Normal,Origen B,Ambiente,Protocolo_1
Embalaje C,57.85,52.47,70.37,6.92,Normal,Origen C,Ambiente,Protocolo_1
Embalaje B,72.75,98.11,56.17,73.37,Normal,Origen B,Ambiente,Protocolo_1
Embalaje A,58.82,28.93,85.4,20.36,Normal,Origen D,Ambiente,Protocolo_1
Embalaje C,39.66,33.01,20.25,74.47,Normal,Origen D,Ambiente,Protocolo_1
Embalaje A,60.17,49.2,61.75,81.04,Normal,Origen B,Ambiente,Protocolo_2
Embalaje C,80.05,72.64,76.19,64.02,Normal,Origen C,Refrigerado,Protocolo_1
Embalaje B,82.34,29.38,14.38,54.15,Normal,Origen A,Ambiente,Protocolo_1
Embalaje A,50.56,24.85,47.51,23.3,Frágil,Origen B,Refrigerado,Protocolo_2
Embalaje B,61.48,80.69,14.29,50.4,Normal,Origen D,Ambiente,Protocolo_1
Embalaje C,37.22,45.8,96.25,11.99,Normal,Origen B,Ambiente,Protocolo_1
Embalaje A,83.41,65.13,99.08,36.89,Normal,Origen D,Ambiente,Protocolo_1
Embalaje A,77.5,23.78,17.09,60.06,Normal,Origen C,Ambiente,Protocolo_1
Embalaje B,20.21,71.17,64.1,83.52,Normal,Origen A,Ambiente,Protocolo_2
Embalaje C,58.67,37.79,89.67,24.31,Frágil,Origen D,Refrigerado,Protocolo_2
Embalaje C,44.98,53.01,29.56,80.04,Normal,Origen B,Ambiente,Protocolo_2
Embalaje B,46.62,47.81,47.89,47.53,Normal,Origen D,Ambiente,Protocolo_1
Embalaje B,60.34,6.36,90.9,72.35,Normal,Origen C,Ambiente,Protocolo_1
Embalaje B,30.33,48.8,66.88,20.25,Normal,Origen C,Ambiente,Protocolo_1
Embalaje C,73.92,61.94,34.5,12.4,Normal,Origen B,Ambiente,Protocolo_1
Embalaje C,76.34,36.9,90.21,30.98,Normal,Origen B,Ambiente,Protocolo_1
Embalaje A,44.27,27.96,68.8,96.2,Normal,Origen A,Ambiente,Protocolo_2
Embalaje B,68.25,70.04,55.14,99.41,Normal,Origen A,Refrigerado,Protocolo_2
Embalaje B,18.61,15.31,43.44,65.97,Normal,Origen A,Ambiente,Protocolo_1
Embalaje A,28.31,88.0,83.01,26.36,Normal,Origen C,Ambiente,Protocolo_1
Embalaje B,72.14,43.02,63.42,10.43,Normal,Origen A,Ambiente,Protocolo_1
Embalaje B,29.22,78.4,97.67,24.98,Normal,Origen A,Ambiente,Protocolo_1
Embalaje B,31.61,83.13,89.55,34.56,Normal,Origen B,Ambiente,Protocolo_1
Embalaje C,12.06,93.39,48.22,31.12,Normal,Origen D,Ambiente,Protocolo_1
Embalaje A,18.71,59.09,65.59,33.58,Normal,Origen D,Ambiente,Protocolo_1
Embalaje A,95.6,45.36,31.75,32.51,Normal,Origen A,Ambiente,Protocolo_1
Embalaje B,9.73,90.91,57.08,52.2,Normal,Origen B,Ambiente,Protocolo_1
Embalaje A,22.94,29.95,68.14,3.0,Normal,Origen C,Ambiente,Protocolo_1
Embalaje C,67.78,48.48,56.93,84.71,Frágil,Origen D,Ambiente,Protocolo_2
Embalaje B,5.7,35.11,42.07,93.05,Normal,Origen D,Ambiente,Protocolo_2
Embalaje C,86.78,84.99,47.84,99.53,Normal,Origen B,Ambiente,Protocolo_2
Embalaje C,85.31,28.04,33.61,94.77,Frágil,Origen B,Ambiente,Protocolo_2
Embalaje C,88.95,22.57,15.88,28.09,Normal,Origen D,Ambiente,Protocolo_1
Embalaje C,78.5,40.99,95.17,15.14,Frágil,Origen D,Ambiente,Protocolo_2
Embalaje C,63.21,11.53,45.8,79.03,Normal,Origen D,Ambiente,Protocolo_1
Embalaje A,36.24,96.5,60.47,35.12,Normal,Origen D,Ambiente,Protocolo_1
Embalaje A,50.68,7.21,33.84,32.42,Normal,Origen C,Ambiente,Protocolo_1
Embalaje A,65.83,88.48,76.27,91.98,Normal,Origen D,Ambiente,Protocolo_2
Embalaje B,53.76,28.86,24.99,57.68,Normal,Origen C,Ambiente,Protocolo_1
Embalaje B,41.45,21.78,92.83,50.79,Normal,Origen B,Ambiente,Protocolo_1
Embalaje A,76.76,96.11,59.38,96.24,Normal,Origen D,Refrigerado,Protocolo_2
Embalaje B,41.97,55.15,19.96,12.32,Normal,Origen B,Refrigerado,Protocolo_1
Embalaje B,11.21,41.18,40.64,46.55,Normal,Origen B,Ambiente,Protocolo_1
Embalaje B,85.56,66.65,16.65,58.37,Normal,Origen D,Ambiente,Protocolo_1
Embalaje A,60.7,66.19,80.88,97.51,Normal,Origen B,Ambiente,Protocolo_2
Embalaje C,50.83,12.16,40.85,57.48,Normal,Origen B,Ambiente,Protocolo_1
Embalaje C,77.43,97.68,49.83,99.76,Normal,Origen A,Ambiente,Protocolo_2
Embalaje C,29.72,39.59,86.82,47.17,Normal,Origen D,Ambiente,Protocolo_1
Embalaje C,96.14,55.54,94.21,60.89,Normal,Origen B,Ambiente,Protocolo_1
Embalaje B,77.67,37.53,58.19,24.71,Normal,Origen D,Refrigerado,Protocolo_1
Embalaje B,11.4,5.09,94.1,50.09,Normal,Origen A,Ambiente,Protocolo_1
Embalaje B,44.1,81.73,21.28,60.72,Frágil,Origen B,Ambiente,Protocolo_2
Embalaje B,95.33,40.81,65.77,33.79,Normal,Origen D,Ambiente,Protocolo_1
Embalaje A,23.04,53.19,41.11,62.8,Normal,Origen D,Ambiente,Protocolo_1
Embalaje A,58.66,52.17,89.08,98.61,Normal,Origen C,Ambiente,Protocolo_2
Embalaje C,63.56,19.29,24.86,14.09,Normal,Origen D,Ambiente,Protocolo_1
Embalaje B,99.79,90.05,28.99,85.85,Normal,Origen C,Ambiente,Protocolo_2
Embalaje A,52.49,70.53,44.64,51.63,Normal,Origen D,Ambiente,Protocolo_1
Embalaje B,45.96,14.22,42.96,23.39,Normal,Origen D,Refrigerado,Protocolo_1
Embalaje B,64.52,45.72,26.98,37.28,Normal,Origen D,Ambiente,Protocolo_1
Embalaje B,64.88,24.97,79.33,45.57,Normal,Origen D,Refrigerado,Protocolo_1
Embalaje C,54.6,54.41,88.63,21.29,Frágil,Origen A,Ambiente,Protocolo_2
Embalaje C,80.53,21.28,23.81,60.45,Normal,Origen C,Ambiente,Protocolo_1
Embalaje B,10.31,24.56,81.44,62.57,Frágil,Origen D,Ambiente,Protocolo_2
Embalaje A,92.72,59.33,75.3,89.08,Frágil,Origen B,Ambiente,Protocolo_2
Embalaje A,38.01,17.35,93.75,30.81,Normal,Origen C,Refrigerado,Protocolo_1
Embalaje B,44.67,28.92,82.29,26.24,Normal,Origen D,Ambiente,Protocolo_1
Embalaje C,87.91,82.43,99.03,7.54,Normal,Origen C,Ambiente,Protocolo_1
Embalaje C,69.76,62.96,32.64,43.25,Normal,Origen B,Ambiente,Protocolo_1
Embalaje A,63.47,67.5,91.68,69.05,Normal,Origen C,Ambiente,Protocolo_1
Embalaje A,44.22,12.42,19.13,74.98,Normal,Origen C,Refrigerado,Protocolo_1
Embalaje A,20.58,23.24,11.99,42.97,Frágil,Origen B,Ambiente,Protocolo_2
Embalaje B,96.35,63.94,49.25,30.77,Normal,Origen D,Ambiente,Protocolo_1
Embalaje A,6.9,41.05,92.34,66.11,Normal,Origen D,Ambiente,Protocolo_1
Embalaje B,15.8,68.82,21.43,5.82,Normal,Origen B,Ambiente,Protocolo_1
Embalaje C,33.58,56.54,9.06,52.06,Frágil,Origen B,Ambiente,Protocolo_2
Embalaje C,49.99,9.13,18.24,73.12,Frágil,Origen C,Ambiente,Protocolo_2
Embalaje B,64.62,64.16,87.44,85.84,Normal,Origen A,Ambiente,Protocolo_2
Embalaje C,13.48,83.46,35.08,47.18,Frágil,Origen C,Ambiente,Protocolo_2
Embalaje A,69.98,78.57,81.35,90.76,Normal,Origen B,Ambiente,Protocolo_2
Embalaje C,62.61,59.67,90.86,18.04,Frágil,Origen C,Ambiente,Protocolo_2
Embalaje B,13.16,74.9,21.6,24.98,Normal,Origen C,Ambiente,Protocolo_1
Embalaje B,67.61,60.47,71.24,97.6,Normal,Origen C,Refrigerado,Protocolo_2
Embalaje C,7.04,19.03,33.45,60.42,Frágil,Origen A,Ambiente,Protocolo_2
Embalaje C,62.43,83.24,43.03,30.81,Normal,Origen C,Ambiente,Protocolo_1
Embalaje A,41.66,25.28,52.05,18.4,Frágil,Origen D,Ambiente,Protocolo_2
Embalaje B,79.83,88.73,40.04,74.77,Normal,Origen C,Ambiente,Protocolo_1
Embalaje C,63.44,13.36,69.95,14.89,Normal,Origen B,Ambiente,Protocolo_1
Embalaje C,13.82,15.84,9.71,80.91,Normal,Origen C,Ambiente,Protocolo_2
Embalaje A,46.98,45.29,20.86,56.69,Frágil,Origen C,Ambiente,Protocolo_2
Embalaje A,88.02,73.34,94.75,62.68,Normal,Origen A,Ambiente,Protocolo_1
Embalaje B,77.19,57.63,86.95,5.12,Normal,Origen D,Ambiente,Protocolo_1
Embalaje C,87.31,80.65,69.57,60.66,Normal,Origen A,Ambiente,Protocolo_1
Embalaje B,32.74,45.82,30.39,22.64,Normal,Origen B,Ambiente,Protocolo_1
Embalaje A,87.02,68.83,79.08,23.7,Normal,Origen A,Ambiente,Protocolo_1
Embalaje A,5.4,26.7,37.23,38.46,Normal,Origen C,Ambiente,Protocolo_1
Embalaje B,41.0,77.26,63.11,72.72,Normal,Origen D,Ambiente,Protocolo_1
Embalaje B,30.6,32.72,33.9,65.62,Normal,Origen A,Ambiente,Protocolo_1
Embalaje A,79.07,35.67,81.37,4.01,Normal,Origen D,Ambiente,Protocolo_1
Embalaje A,32.05,58.03,96.97,41.4,Normal,Origen A,Ambiente,Protocolo_1
Embalaje B,10.28,42.68,11.34,99.9,Normal,Origen A,Ambiente,Protocolo_2
Embalaje B,19.06,48.19,94.5,66.6,Frágil,Origen B,Ambiente,Protocolo_2
Embalaje B,6.42,91.88,89.26,61.49,Normal,Origen A,Ambiente,Protocolo_1
Embalaje A,80.02,83.95,69.97,50.57,Frágil,Origen D,Ambiente,Protocolo_2
Embalaje C,71.38,65.32,8.42,37.95,Normal,Origen B,Ambiente,Protocolo_1
Embalaje B,36.52,48.4,77.62,52.6,Frágil,Origen C,Ambiente,Protocolo_2
Embalaje A,46.24,32.8,87.79,78.22,Normal,Origen D,Ambiente,Protocolo_1
Embalaje C,7.26,37.79,9.26,43.5,Normal,Origen C,Ambiente,Protocolo_1
Embalaje C,62.37,7.83,59.69,43.36,Normal,Origen D,Ambiente,Protocolo_1
Embalaje B,52.32,28.19,40.98,99.99,Frágil,Origen B,Ambiente,Protocolo_2
Embalaje C,29.41,98.78,96.29,20.87,Normal,Origen D,Ambiente,Protocolo_1
Embalaje C,20.32,23.91,95.08,84.66,Frágil,Origen D,Ambiente,Protocolo_2
Embalaje A,96.82,93.5,25.94,85.01,Normal,Origen D,Ambiente,Protocolo_2
Embalaje B,62.52,5.47,14.22,11.89,Frágil,Origen D,Ambiente,Protocolo_2
Embalaje C,46.07,47.96,51.49,21.81,Normal,Origen C,Ambiente,Protocolo_1
Embalaje C,88.35,71.61,23.06,27.52,Normal,Origen B,Ambiente,Protocolo_1
Embalaje B,45.39,78.58,54.54,40.05,Normal,Origen B,Ambiente,Protocolo_1
Embalaje A,46.04,47.16,25.44,66.26,Normal,Origen A,Ambiente,Protocolo_1
Embalaje A,73.7,57.85,34.57,44.76,Normal,Origen D,Ambiente,Protocolo_1
Embalaje C,11.89,67.57,81.18,71.58,Normal,Origen B,Refrigerado,Protocolo_1
Embalaje C,11.81,42.56,93.46,36.45,Normal,Origen C,Ambiente,Protocolo_1
Embalaje C,41.77,70.77,24.68,45.05,Normal,Origen C,Refrigerado,Protocolo_1
Embalaje A,36.55,73.42,94.89,7.29,Normal,Origen C,Ambiente,Protocolo_1
Embalaje C,46.3,28.0,50.37,21.02,Normal,Origen D,Ambiente,Protocolo_1
Embalaje C,23.21,76.55,49.48,69.52,Normal,Origen D,Refrigerado,Protocolo_1
Embalaje B,40.92,58.62,31.52,61.28,Normal,Origen C,Ambiente,Protocolo_1
Embalaje B,44.45,13.89,50.06,18.66,Normal,Origen C,Ambiente,Protocolo_1
Embalaje A,28.89,37.79,74.37,48.78,Normal,Origen A,Ambiente,Protocolo_1
Embalaje A,99.46,18.3,14.49,7.38,Normal,Origen C,Refrigerado,Protocolo_1
Embalaje A,53.61,64.35,82.56,22.04,Normal,Origen A,Refrigerado,Protocolo_1
Embalaje C,66.6,86.93,71.33,36.86,Frágil,Origen C,Ambiente,Protocolo_2
Embalaje B,82.66,54.7,61.76,69.9,Frágil,Origen A,Ambiente,Protocolo_2
Embalaje A,55.07,39.31,83.7,52.11,Normal,Origen B,Ambiente,Protocolo_1
Embalaje A,27.98,89.94,20.8,43.38,Normal,Origen B,Ambiente,Protocolo_1
Embalaje A,77.92,88.25,59.57,15.21,Normal,Origen A,Ambiente,Protocolo_1
Embalaje B,62.41,60.28,82.02,49.32,Normal,Origen A,Ambiente,Protocolo_1
Embalaje A,98.88,97.64,43.56,67.09,Normal,Origen D,Ambiente,Protocolo_1
Embalaje A,38.54,70.46,57.43,55.5,Normal,Origen A,Ambiente,Protocolo_1
Embalaje C,66.0,40.03,45.64,72.35,Normal,Origen D,Ambiente,Protocolo_1
Embalaje C,57.96,36.86,7.09,31.84,Normal,Origen C,Ambiente,Protocolo_1
Embalaje B,99.74,94.82,43.48,31.7,Normal,Origen D,Ambiente,Protocolo_1
Embalaje C,75.28,76.68,25.45,49.78,Normal,Origen B,Ambiente,Protocolo_1
Embalaje B,89.12,94.36,45.14,72.51,Frágil,Origen C,Ambiente,Protocolo_2
Embalaje C,6.49,11.84,5.8,39.06,Frágil,Origen D,Ambiente,Protocolo_2
Embalaje B,28.58,83.47,14.26,4.77,Normal,Origen B,Refrigerado,Protocolo_1
Embalaje A,78.91,33.85,69.55,75.5,Frágil,Origen C,Ambiente,Protocolo_2
Embalaje C,88.0,80.71,27.98,20.62,Normal,Origen D,Ambiente,Protocolo_1
Embalaje B,69.83,78.9,42.21,54.87,Frágil,Origen B,Ambiente,Protocolo_2
Embalaje A,27.51,38.42,93.2,96.45,Normal,Origen B,Ambiente,Protocolo_2
Embalaje C,54.77,79.52,21.49,97.24,Normal,Origen A,Refrigerado,Protocolo_2
Embalaje C,39.11,88.33,97.72,64.68,Normal,Origen A,Ambiente,Protocolo_1
Embalaje B,17.45,62.61,92.0,3.57,Normal,Origen A,Refrigerado,Protocolo_1
Embalaje A,72.14,43.83,88.46,51.12,Frágil,Origen B,Ambiente,Protocolo_2
Embalaje B,67.54,70.42,59.02,3.5,Normal,Origen A,Ambiente,Protocolo_1
Embalaje A,61.7,54.36,96.64,87.1,Normal,Origen B,Ambiente,Protocolo_2
Embalaje A,23.33,67.52,98.88,99.9,Normal,Origen D,Ambiente,Protocolo_2
Embalaje B,26.51,93.85,59.36,96.28,Normal,Origen D,Ambiente,Protocolo_2
Embalaje C,25.78,85.52,14.86,4.8,Frágil,Origen B,Ambiente,Protocolo_2
Embalaje A,88.98,93.17,97.94,3.28,Frágil,Origen A,Refrigerado,Protocolo_2
Embalaje A,11.69,91.99,54.11,44.6,Normal,Origen A,Ambiente,Protocolo_1
Embalaje B,14.65,78.57,32.28,86.27,Frágil,Origen D,Ambiente,Protocolo_2
Embalaje A,31.79,97.1,33.57,39.24,Normal,Origen D,Ambiente,Protocolo_1
Embalaje B,33.84,68.75,81.24,80.25,Normal,Origen D,Ambiente,Protocolo_2
Embalaje B,11.2,59.05,9.76,10.1,Normal,Origen D,Ambiente,Protocolo_1
Embalaje B,13.17,5.36,37.72,49.15,Normal,Origen D,Refrigerado,Protocolo_1
Embalaje B,68.38,58.49,87.11,91.48,Normal,Origen D,Ambiente,Protocolo_2
Embalaje B,39.77,87.62,44.65,55.46,Frágil,Origen A,Ambiente,Protocolo_2
Embalaje A,66.4,7.06,46.29,69.88,Frágil,Origen D,Ambiente,Protocolo_2
Embalaje C,54.17,58.69,73.05,74.19,Frágil,Origen A,Ambiente,Protocolo_2
Embalaje A,36.26,9.44,81.46,34.83,Normal,Origen B,Ambiente,Protocolo_1
Embalaje A,82.13,86.21,84.43,40.91,Frágil,Origen B,Ambiente,Protocolo_2
Embalaje C,96.03,43.66,54.63,2.13,Normal,Origen B,Ambiente,Protocolo_1
Embalaje A,48.98,51.27,19.38,45.51,Frágil,Origen C,Ambiente,Protocolo_2
Embalaje B,92.07,47.7,20.82,88.61,Normal,Origen D,Ambiente,Protocolo_2
Embalaje B,39.54,53.15,45.94,69.65,Normal,Origen B,Ambiente,Protocolo_1
Embalaje A,75.8,76.27,75.14,51.77,Normal,Origen A,Ambiente,Protocolo_1
Embalaje B,96.01,58.64,69.43,90.88,Normal,Origen A,Refrigerado,Protocolo_2
Embalaje C,30.09,27.26,5.26,29.9,Normal,Origen D,Ambiente,Protocolo_1
Embalaje B,30.24,5.58,70.89,38.84,Normal,Origen B,Ambiente,Protocolo_1
Embalaje C,9.36,98.11,97.76,32.9,Normal,Origen A,Ambiente,Protocolo_1
Embalaje A,27.29,27.83,55.66,31.39,Normal,Origen C,Ambiente,Protocolo_1
Embalaje B,52.9,74.57,45.74,71.24,Normal,Origen D,Ambiente,Protocolo_1
Embalaje B,48.52,92.95,52.33,25.41,Normal,Origen D,Refrigerado,Protocolo_1
Embalaje A,8.35,22.69,41.87,25.85,Frágil,Origen D,Ambiente,Protocolo_2
Embalaje B,26.94,39.4,21.4,51.55,Normal,Origen A,Ambiente,Protocolo_1
Embalaje B,73.28,63.68,43.09,58.1,Frágil,Origen D,Ambiente,Protocolo_2
Embalaje C,30.36,89.85,84.87,61.66,Normal,Origen C,Ambiente,Protocolo_1
Embalaje A,98.74,49.87,76.98,28.28,Normal,Origen D,Ambiente,Protocolo_1
Embalaje C,34.21,54.64,27.73,57.63,Frágil,Origen D,Ambiente,Protocolo_2
Embalaje A,98.83,47.41,85.62,95.96,Normal,Origen D,Ambiente,Protocolo_2
Embalaje A,19.42,32.0,15.54,1.93,Normal,Origen D,Ambiente,Protocolo_1
Embalaje B,94.93,78.03,40.68,37.71,Normal,Origen C,Refrigerado,Protocolo_1
Embalaje B,33.18,61.63,58.32,28.54,Normal,Origen A,Ambiente,Protocolo_1
Embalaje B,18.55,36.67,91.19,68.64,Normal,Origen B,Ambiente,Protocolo_1
Embalaje A,43.16,35.74,45.39,11.23,Normal,Origen C,Ambiente,Protocolo_1
Embalaje A,34.81,42.43,74.12,11.98,Normal,Origen D,Ambiente,Protocolo_1
Embalaje A,21.66,46.45,18.36,70.22,Normal,Origen B,Ambiente,Protocolo_1
Embalaje C,99.66,48.85,87.91,2.15,Normal,Origen D,Ambiente,Protocolo_1
Embalaje C,58.03,62.55,34.82,83.13,Frágil,Origen B,Ambiente,Protocolo_2
Embalaje B,51.11,69.57,16.31,59.84,Frágil,Origen B,Ambiente,Protocolo_2
Embalaje B,96.36,62.46,27.74,45.19,Normal,Origen D,Refrigerado,Protocolo_1
Embalaje C,34.92,54.65,53.73,89.37,Frágil,Origen D,Refrigerado,Protocolo_2
Embalaje A,75.79,64.17,28.24,33.2,Normal,Origen A,Ambiente,Protocolo_1
Embalaje C,78.78,70.99,68.05,46.24,Normal,Origen B,Ambiente,Protocolo_1
Embalaje B,71.54,35.39,96.51,42.07,Normal,Origen B,Ambiente,Protocolo_1
Embalaje C,37.49,78.16,32.6,80.78,Normal,Origen B,Ambiente,Protocolo_2
Embalaje C,25.25,49.22,27.49,22.93,Normal,Origen B,Ambiente,Protocolo_1
Embalaje C,10.41,82.51,90.26,16.18,Frágil,Origen C,Ambiente,Protocolo_2
Embalaje B,48.89,78.79,21.0,35.37,Normal,Origen B,Ambiente,Protocolo_1
Embalaje A,69.51,26.89,22.11,1.85,Normal,Origen D,Ambiente,Protocolo_1
Embalaje A,79.27,45.71,41.79,80.92,Frágil,Origen D,Ambiente,Protocolo_2
Embalaje C,53.0,32.43,27.01,95.59,Frágil,Origen A,Ambiente,Protocolo_2
Embalaje A,92.7,79.02,49.32,4.13,Frágil,Origen C,Ambiente,Protocolo_2
Embalaje C,71.19,96.14,84.35,98.16,Normal,Origen D,Ambiente,Protocolo_2
Embalaje C,19.5,44.42,53.59,39.76,Normal,Origen A,Ambiente,Protocolo_1
Embalaje C,72.21,86.56,22.59,99.82,Normal,Origen B,Ambiente,Protocolo_2
Embalaje A,36.1,66.35,12.71,38.41,Frágil,Origen C,Ambiente,Protocolo_2
Embalaje C,8.49,73.62,10.19,41.9,Normal,Origen B,Ambiente,Protocolo_1
Embalaje A,73.82,83.67,46.3,30.27,Normal,Origen D,Ambiente,Protocolo_1
Embalaje A,60.66,59.03,73.33,70.56,Normal,Origen B,Ambiente,Protocolo_1
Embalaje C,98.56,17.58,80.06,43.29,Normal,Origen D,Ambiente,Protocolo_1
Embalaje B,12.72,62.26,89.82,64.97,Normal,Origen C,Refrigerado,Protocolo_1
Embalaje C,98.63,58.08,71.73,58.61,Normal,Origen B,Ambiente,Protocolo_1
Embalaje B,69.8,62.6,85.53,64.42,Frágil,Origen D,Ambiente,Protocolo_2
Embalaje A,23.98,36.94,72.78,13.82,Normal,Origen A,Ambiente,Protocolo_1
Embalaje B,11.18,27.41,7.07,86.5,Frágil,Origen B,Refrigerado,Protocolo_2
Embalaje B,27.66,9.93,14.73,37.05,Normal,Origen C,Ambiente,Protocolo_1
Embalaje C,28.76,7.46,92.79,28.57,Normal,Origen D,Ambiente,Protocolo_1
Embalaje B,11.17,71.29,42.69,98.77,Frágil,Origen C,Ambiente,Protocolo_2
Embalaje B,6.06,16.66,95.19,76.05,Normal,Origen B,Ambiente,Protocolo_1
Embalaje B,80.72,68.72,11.87,86.19,Frágil,Origen A,Ambiente,Protocolo_2
Embalaje A,97.82,84.8,49.86,38.93,Normal,Origen B,Ambiente,Protocolo_1
Embalaje A,68.54,91.11,19.13,1.01,Normal,Origen A,Ambiente,Protocolo_1
Embalaje A,97.4,35.6,91.05,97.89,Normal,Origen A,Ambiente,Protocolo_2
Embalaje C,66.19,60.53,50.37,83.79,Normal,Origen D,Ambiente,Protocolo_2
Embalaje A,21.83,42.43,30.73,68.93,Normal,Origen B,Ambiente,Protocolo_1
Embalaje C,31.63,43.83,70.98,35.64,Normal,Origen D,Ambiente,Protocolo_1
Embalaje A,85.53,15.91,61.25,78.94,Normal,Origen D,Ambiente,Protocolo_1
Embalaje C,81.49,33.64,43.18,53.67,Normal,Origen B,Ambiente,Protocolo_1
Embalaje C,88.65,5.3,19.73,44.23,Normal,Origen B,Ambiente,Protocolo_1
Embalaje B,71.68,52.47,20.18,56.17,Normal,Origen A,Ambiente,Protocolo_1
Embalaje B,25.41,15.1,53.69,62.31,Normal,Origen C,Ambiente,Protocolo_1
Embalaje A,72.74,85.69,14.06,85.34,Frágil,Origen D,Ambiente,Protocolo_2
Embalaje B,8.53,77.96,16.12,47.8,Normal,Origen D,Ambiente,Protocolo_1
Embalaje B,58.48,78.58,23.75,69.71,Normal,Origen A,Refrigerado,Protocolo_1
Embalaje C,93.75,67.4,44.13,62.36,Frágil,Origen C,Ambiente,Protocolo_2
Embalaje A,29.51,37.09,27.0,31.73,Normal,Origen C,Refrigerado,Protocolo_1
Embalaje A,31.88,79.26,73.64,78.71,Normal,Origen A,Ambiente,Protocolo_1
Embalaje A,67.24,93.96,10.12,86.08,Normal,Origen B,Ambiente,Protocolo_2
Embalaje C,99.1,53.39,65.37,37.64,Normal,Origen A,Ambiente,Protocolo_1
Embalaje C,63.43,43.99,43.49,53.74,Frágil,Origen A,Ambiente,Protocolo_2
Embalaje C,60.47,77.62,68.15,40.23,Normal,Origen D,Ambiente,Protocolo_1
Embalaje B,54.69,90.79,98.5,58.35,Normal,Origen B,Ambiente,Protocolo_1
Embalaje C,45.96,46.92,61.23,21.63,Normal,Origen C,Ambiente,Protocolo_1
Embalaje B,54.06,16.98,96.55,5.79,Normal,Origen B,Ambiente,Protocolo_1
Embalaje B,53.35,54.55,45.12,78.74,Normal,Origen D,Ambiente,Protocolo_1
Embalaje A,75.98,26.29,65.23,46.66,Normal,Origen B,Ambiente,Protocolo_1
Embalaje B,26.84,49.31,35.47,6.55,Frágil,Origen D,Ambiente,Protocolo_2
Embalaje A,83.69,38.41,11.1,17.68,Normal,Origen C,Ambiente,Protocolo_1
Embalaje B,9.58,92.17,55.74,22.12,Normal,Origen D,Ambiente,Protocolo_1
Embalaje B,88.88,31.09,75.17,56.58,Frágil,Origen B,Ambiente,Protocolo_2
Embalaje A,36.64,96.5,80.39,64.36,Normal,Origen A,Ambiente,Protocolo_1
Embalaje A,32.73,63.25,53.04,86.13,Normal,Origen B,Ambiente,Protocolo_2
Embalaje B,94.68,99.26,66.29,32.42,Normal,Origen C,Ambiente,Protocolo_1
Embalaje B,14.63,69.09,32.84,52.44,Normal,Origen D,Ambiente,Protocolo_1
Embalaje C,52.77,45.12,5.61,17.69,Normal,Origen A,Ambiente,Protocolo_1
Embalaje C,53.95,63.21,84.54,64.65,Normal,Origen D,Ambiente,Protocolo_1
Embalaje C,59.45,58.06,60.93,8.82,Normal,Origen D,Ambiente,Protocolo_1
Embalaje B,62.35,26.0,29.96,16.34,Frágil,Origen B,Ambiente,Protocolo_2
Embalaje C,67.01,59.99,35.06,88.29,Frágil,Origen D,Ambiente,Protocolo_2
Embalaje C,33.01,51.6,13.77,47.31,Normal,Origen C,Ambiente,Protocolo_1
Embalaje C,26.57,21.79,36.25,31.36,Normal,Origen C,Refrigerado,Protocolo_1
Embalaje C,90.74,35.46,57.44,71.21,Normal,Origen C,Refrigerado,Protocolo_1
Embalaje C,76.4,75.28,53.27,77.4,Frágil,Origen D,Ambiente,Protocolo_2
Embalaje A,15.03,34.01,96.8,27.85,Normal,Origen B,Ambiente,Protocolo_1
Embalaje B,51.78,97.1,71.72,49.14,Normal,Origen D,Ambiente,Protocolo_1
Embalaje B,76.88,70.97,84.82,75.8,Normal,Origen A,Ambiente,Protocolo_1
Embalaje C,77.03,8.62,78.85,49.82,Normal,Origen B,Ambiente,Protocolo_1
Embalaje A,31.62,99.36,26.2,92.44,Frágil,Origen B,Ambiente,Protocolo_2
Embalaje A,88.39,92.35,71.71,14.62,Normal,Origen A,Ambiente,Protocolo_1
Embalaje C,28.82,16.63,15.31,36.65,Normal,Origen D,Ambiente,Protocolo_1
Embalaje B,47.96,84.45,79.35,80.57,Normal,Origen D,Ambiente,Protocolo_2
Embalaje C,78.1,32.06,61.15,95.66,Frágil,Origen D,Ambiente,Protocolo_2
Embalaje B,94.07,75.88,88.93,71.11,Normal,Origen D,Ambiente,Protocolo_1
Embalaje B,18.1,26.51,22.77,36.82,Normal,Origen B,Ambiente,Protocolo_1
Embalaje C,63.24,51.46,79.71,22.92,Normal,Origen D,Ambiente,Protocolo_1
Embalaje C,70.18,11.14,22.6,92.56,Frágil,Origen D,Ambiente,Protocolo_2
Embalaje C,18.14,72.35,6.23,45.03,Normal,Origen C,Ambiente,Protocolo_1
Embalaje A,77.47,85.26,49.24,42.51,Normal,Origen C,Ambiente,Protocolo_1
Embalaje A,65.75,30.6,86.91,11.26,Normal,Origen B,Ambiente,Protocolo_1
Embalaje A,26.41,31.03,15.79,49.11,Frágil,Origen B,Ambiente,Protocolo_2
Embalaje C,20.83,73.37,95.2,69.91,Normal,Origen C,Ambiente,Protocolo_1
Embalaje B,88.05,83.15,33.76,7.97,Frágil,Origen B,Ambiente,Protocolo_2
Embalaje B,78.97,14.18,36.24,83.02,Normal,Origen D,Ambiente,Protocolo_2
Embalaje C,30.24,80.69,88.55,85.96,Normal,Origen A,Refrigerado,Protocolo_2
Embalaje B,26.12,8.95,14.92,49.93,Normal,Origen D,Ambiente,Protocolo_1
Embalaje C,41.74,64.35,68.76,93.21,Normal,Origen D,Ambiente,Protocolo_2
Embalaje B,35.25,86.27,76.22,24.31,Frágil,Origen B,Ambiente,Protocolo_2
Embalaje C,16.02,98.33,49.46,52.5,Normal,Origen B,Ambiente,Protocolo_1
Embalaje B,93.37,23.11,77.56,8.62,Normal,Origen D,Ambiente,Protocolo_1
Embalaje C,26.64,67.4,43.09,8.27,Normal,Origen C,Ambiente,Protocolo_1
Embalaje A,15.69,88.02,65.42,8.24,Frágil,Origen B,Refrigerado,Protocolo_2
Embalaje B,8.33,33.62,85.92,82.31,Normal,Origen D,Ambiente,Protocolo_2
Embalaje A,38.77,29.87,63.83,86.17,Normal,Origen A,Refrigerado,Protocolo_2
Embalaje A,15.15,60.8,10.62,80.93,Normal,Origen B,Ambiente,Protocolo_2
Embalaje B,88.14,10.45,58.9,55.97,Normal,Origen C,Ambiente,Protocolo_1
Embalaje B,77.7,48.38,28.22,10.53,Normal,Origen D,Ambiente,Protocolo_1
Embalaje C,13.38,16.16,23.47,91.37,Frágil,Origen C,Ambiente,Protocolo_2
Embalaje A,99.92,45.02,20.37,41.83,Normal,Origen C,Ambiente,Protocolo_1
Embalaje B,76.68,53.97,75.93,18.27,Normal,Origen D,Refrigerado,Protocolo_1
Embalaje A,75.3,89.23,64.18,5.18,Frágil,Origen B,Ambiente,Protocolo_2
Embalaje B,36.32,54.96,55.88,3.07,Normal,Origen C,Ambiente,Protocolo_1
Embalaje C,57.36,18.84,90.67,31.16,Normal,Origen C,Ambiente,Protocolo_1
Embalaje B,51.67,57.68,59.1,15.15,Normal,Origen C,Refrigerado,Protocolo_1
Embalaje B,89.03,56.6,91.83,83.96,Normal,Origen B,Ambiente,Protocolo_2
Embalaje B,6.58,21.9,79.32,39.39,Normal,Origen B,Refrigerado,Protocolo_1
Embalaje C,61.78,98.86,16.66,40.67,Normal,Origen B,Ambiente,Protocolo_1
Embalaje C,9.19,86.93,29.26,71.69,Normal,Origen D,Ambiente,Protocolo_1
Embalaje A,47.01,43.11,87.93,54.88,Normal,Origen B,Ambiente,Protocolo_1
Embalaje C,43.8,29.76,95.78,9.62,Normal,Origen D,Refrigerado,Protocolo_1
Embalaje A,37.45,5.65,22.8,56.79,Normal,Origen B,Ambiente,Protocolo_1
Embalaje C,94.46,18.55,86.9,18.16,Normal,Origen D,Ambiente,Protocolo_1
Embalaje A,51.75,80.1,81.79,96.68,Normal,Origen D,Ambiente,Protocolo_2
Embalaje B,81.02,77.16,73.23,16.73,Normal,Origen C,Ambiente,Protocolo_1
Embalaje A,84.52,24.06,99.76,57.66,Normal,Origen A,Refrigerado,Protocolo_1
Embalaje A,92.85,36.83,21.89,10.49,Normal,Origen D,Ambiente,Protocolo_1
Embalaje A,14.98,39.59,59.09,93.91,Normal,Origen C,Ambiente,Protocolo_2
Embalaje B,20.12,11.32,57.79,73.37,Normal,Origen D,Ambiente,Protocolo_1
Embalaje A,25.08,59.55,75.31,56.4,Normal,Origen D,Ambiente,Protocolo_1
Embalaje B,35.92,13.96,42.7,61.95,Frágil,Origen A,Ambiente,Protocolo_2
Embalaje C,5.18,70.2,90.6,5.71,Normal,Origen B,Ambiente,Protocolo_1
Embalaje C,42.79,86.18,93.16,45.78,Normal,Origen C,Ambiente,Protocolo_1
Embalaje B,15.13,89.71,35.57,40.79,Normal,Origen B,Ambiente,Protocolo_1
Embalaje B,12.81,75.07,26.79,17.73,Frágil,Origen C,Ambiente,Protocolo_2
Embalaje C,54.47,29.97,56.98,76.9,Frágil,Origen D,Ambiente,Protocolo_2
Embalaje C,86.1,80.24,44.76,97.69,Frágil,Origen C,Ambiente,Protocolo_2
Embalaje C,7.23,19.49,84.86,10.34,Normal,Origen B,Ambiente,Protocolo_1
Embalaje A,29.57,30.43,49.73,52.52,Normal,Origen D,Ambiente,Protocolo_1
Embalaje B,19.4,92.05,53.62,9.32,Normal,Origen D,Ambiente,Protocolo_1
Embalaje A,38.6,97.32,56.54,92.96,Normal,Origen A,Ambiente,Protocolo_2
Embalaje A,73.97,17.17,80.91,88.42,Normal,Origen A,Refrigerado,Protocolo_2
Embalaje C,48.89,67.26,14.85,82.98,Normal,Origen C,Ambiente,Protocolo_2
Embalaje C,59.13,52.28,65.51,80.82,Normal,Origen B,Ambiente,Protocolo_2
Embalaje C,29.93,57.91,72.97,26.61,Normal,Origen C,Ambiente,Protocolo_1
Embalaje B,43.91,85.23,92.85,20.38,Normal,Origen C,Ambiente,Protocolo_1
Embalaje C,98.11,93.36,57.9,76.2,Frágil,Origen B,Ambiente,Protocolo_2
Embalaje B,65.09,58.21,71.46,2.71,Normal,Origen A,Ambiente,Protocolo_1
Embalaje B,93.85,33.55,88.66,33.25,Frágil,Origen C,Ambiente,Protocolo_2
Embalaje A,12.89,75.96,45.9,64.12,Normal,Origen B,Ambiente,Protocolo_1
Embalaje B,77.54,29.21,23.84,31.0,Frágil,Origen D,Ambiente,Protocolo_2
Embalaje A,7.47,93.74,6.39,95.59,Normal,Origen B,Ambiente,Protocolo_2
Embalaje B,84.93,95.32,81.53,82.85,Normal,Origen C,Ambiente,Protocolo_2
Embalaje A,31.06,61.83,63.09,10.43,Normal,Origen D,Ambiente,Protocolo_1
Embalaje A,49.39,33.34,52.92,74.29,Normal,Origen C,Ambiente,Protocolo_1
Embalaje A,80.56,23.34,39.93,48.6,Normal,Origen C,Ambiente,Protocolo_1
Embalaje A,15.79,23.14,11.94,4.05,Frágil,Origen C,Ambiente,Protocolo_2
Embalaje B,11.36,21.09,47.62,12.75,Normal,Origen D,Ambiente,Protocolo_1
Embalaje A,76.01,94.39,62.72,91.91,Normal,Origen D,Ambiente,Protocolo_2
Embalaje A,27.46,28.85,30.65,30.13,Normal,Origen D,Ambiente,Protocolo_1
Embalaje C,71.84,69.55,11.11,41.75,Normal,Origen C,Ambiente,Protocolo_1
Embalaje C,53.83,84.92,64.53,24.27,Normal,Origen C,Ambiente,Protocolo_1
Embalaje A,59.58,38.22,63.81,59.08,Frágil,Origen B,Ambiente,Protocolo_2
Embalaje B,65.96,38.35,68.68,31.31,Normal,Origen C,Refrigerado,Protocolo_1
Embalaje A,15.85,47.72,95.11,13.32,Normal,Origen C,Ambiente,Protocolo_1
Embalaje C,76.53,62.98,51.74,45.62,Normal,Origen B,Ambiente,Protocolo_1
Embalaje B,89.85,29.2,91.06,65.67,Normal,Origen A,Ambiente,Protocolo_1
Embalaje C,53.92,47.42,25.32,45.49,Normal,Origen A,Ambiente,Protocolo_1
Embalaje A,72.8,24.45,51.32,31.04,Normal,Origen B,Ambiente,Protocolo_1
Embalaje C,98.22,21.09,31.45,79.52,Frágil,Origen D,Ambiente,Protocolo_2
Embalaje A,19.89,62.5,31.7,40.67,Normal,Origen D,Ambiente,Protocolo_1
Embalaje A,75.62,41.64,59.44,59.94,Frágil,Origen B,Ambiente,Protocolo_2
Embalaje C,93.17,70.58,7.88,2.64,Frágil,Origen A,Ambiente,Protocolo_2
Embalaje A,14.58,68.06,68.02,84.52,Normal,Origen A,Ambiente,Protocolo_2
Embalaje A,21.08,79.51,32.45,93.31,Normal,Origen A,Ambiente,Protocolo_2
Embalaje A,77.62,90.54,58.73,79.33,Normal,Origen A,Ambiente,Protocolo_1
Embalaje A,89.46,85.81,86.5,21.38,Normal,Origen D,Ambiente,Protocolo_1
Embalaje A,64.32,64.87,92.43,14.5,Normal,Origen B,Ambiente,Protocolo_1
Embalaje B,43.92,20.91,45.02,59.56,Normal,Origen D,Ambiente,Protocolo_1
Embalaje C,57.21,91.1,97.66,8.82,Frágil,Origen D,Ambiente,Protocolo_2
Embalaje C,91.48,42.27,88.44,38.0,Normal,Origen B,Ambiente,Protocolo_1
Embalaje A,46.5,47.39,91.49,42.79,Normal,Origen B,Ambiente,Protocolo_1
Embalaje A,37.53,22.47,96.97,1.7,Normal,Origen D,Ambiente,Protocolo_1
Embalaje A,39.8,13.32,61.09,47.21,Normal,Origen A,Ambiente,Protocolo_1
Embalaje B,62.95,15.53,32.63,57.59,Normal,Origen A,Ambiente,Protocolo_1
Embalaje A,33.37,93.96,10.87,42.27,Normal,Origen C,Ambiente,Protocolo_1
Embalaje A,94.02,19.4,61.49,69.69,Frágil,Origen A,Ambiente,Protocolo_2
Embalaje C,18.39,81.36,31.66,48.41,Normal,Origen B,Refrigerado,Protocolo_1
Embalaje C,44.53,98.46,46.09,57.76,Normal,Origen B,Ambiente,Protocolo_1
Embalaje C,89.11,12.02,48.53,34.45,Normal,Origen D,Ambiente,Protocolo_1
Embalaje A,38.93,57.07,31.72,37.52,Frágil,Origen D,Ambiente,Protocolo_2
Embalaje C,18.53,94.75,78.2,25.95,Normal,Origen C,Ambiente,Protocolo_1
Embalaje B,15.38,19.73,19.07,92.17,Normal,Origen C,Ambiente,Protocolo_2
Embalaje A,6.1,86.78,18.55,33.82,Normal,Origen C,Ambiente,Protocolo_1
Embalaje B,96.01,30.35,84.81,83.97,Frágil,Origen C,Refrigerado,Protocolo_2
Embalaje B,9.64,22.49,33.72,47.82,Frágil,Origen B,Ambiente,Protocolo_2
Embalaje A,59.94,45.58,55.83,67.02,Frágil,Origen B,Ambiente,Protocolo_2
Embalaje A,31.81,51.76,62.86,28.85,Normal,Origen A,Ambiente,Protocolo_1
Embalaje A,96.06,90.02,17.7,78.9,Frágil,Origen C,Ambiente,Protocolo_2
Embalaje B,28.28,54.12,24.67,5.68,Normal,Origen B,Ambiente,Protocolo_1
Embalaje B,57.28,91.32,49.05,95.6,Frágil,Origen B,Ambiente,Protocolo_2
Embalaje B,66.51,37.16,24.29,68.88,Normal,Origen B,Ambiente,Protocolo_1
Embalaje A,90.41,35.35,49.27,84.94,Normal,Origen B,Ambiente,Protocolo_2
Embalaje B,42.38,78.57,55.19,51.35,Normal,Origen C,Ambiente,Protocolo_1
Embalaje C,50.74,36.42,51.31,79.56,Frágil,Origen A,Ambiente,Protocolo_2
Embalaje C,14.56,79.49,31.29,68.58,Normal,Origen B,Ambiente,Protocolo_1
Embalaje C,20.24,93.82,65.2,56.1,Normal,Origen D,Ambiente,Protocolo_1
Embalaje B,21.25,30.2,18.7,61.8,Normal,Origen A,Refrigerado,Protocolo_1
Embalaje C,46.39,79.32,56.16,93.23,Normal,Origen B,Ambiente,Protocolo_2
Embalaje C,6.02,41.38,70.42,85.99,Normal,Origen B,Ambiente,Protocolo_2
Embalaje A,39.29,56.43,38.79,71.83,Normal,Origen A,Ambiente,Protocolo_1
Embalaje C,15.31,89.35,70.15,43.58,Frágil,Origen D,Ambiente,Protocolo_2
Embalaje A,59.22,19.61,98.86,43.61,Normal,Origen C,Ambiente,Protocolo_1
Embalaje B,48.85,40.64,79.9,93.35,Normal,Origen A,Ambiente,Protocolo_2
Embalaje C,45.46,74.18,77.05,14.9,Normal,Origen B,Ambiente,Protocolo_1
Embalaje B,32.01,83.36,13.16,80.51,Normal,Origen A,Ambiente,Protocolo_2
Embalaje C,89.77,41.56,72.2,5.47,Normal,Origen A,Ambiente,Protocolo_1
Embalaje B,28.72,61.93,78.37,45.32,Normal,Origen A,Ambiente,Protocolo_1
Embalaje B,50.87,13.03,47.72,59.49,Normal,Origen B,Ambiente,Protocolo_1
Embalaje A,87.85,26.89,63.39,18.76,Normal,Origen B,Ambiente,Protocolo_1
Embalaje C,48.12,68.86,17.85,45.61,Frágil,Origen B,Ambiente,Protocolo_2
Embalaje B,83.83,75.28,19.07,65.37,Frágil,Origen D,Ambiente,Protocolo_2
Embalaje C,93.66,52.5,61.01,12.21,Normal,Origen D,Ambiente,Protocolo_1
Embalaje A,19.62,22.23,33.06,21.19,Normal,Origen B,Refrigerado,Protocolo_1
Embalaje B,37.79,50.15,51.33,12.51,Normal,Origen A,Ambiente,Protocolo_1
Embalaje B,61.83,21.22,55.76,26.01,Normal,Origen D,Refrigerado,Protocolo_1
Embalaje C,64.57,21.62,32.3,94.71,Normal,Origen B,Ambiente,Protocolo_2
Embalaje C,25.14,30.01,66.81,39.33,Normal,Origen D,Ambiente,Protocolo_1
Embalaje A,9.84,9.11,24.1,86.53,Normal,Origen C,Ambiente,Protocolo_2
Embalaje C,8.76,20.36,31.8,52.34,Normal,Origen B,Ambiente,Protocolo_1
Embalaje B,61.62,34.22,67.8,76.85,Normal,Origen D,Ambiente,Protocolo_1
Embalaje B,47.32,92.71,92.38,44.53,Normal,Origen B,Refrigerado,Protocolo_1
Embalaje B,95.77,76.37,17.4,54.06,Frágil,Origen C,Ambiente,Protocolo_2
Embalaje A,9.29,41.91,11.47,1.42,Normal,Origen A,Ambiente,Protocolo_1
Embalaje C,42.96,60.81,8.93,55.14,Normal,Origen D,Ambiente,Protocolo_1
Embalaje C,68.07,91.18,53.01,4.97,Normal,Origen B,Ambiente,Protocolo_1
Embalaje C,50.53,44.92,73.45,41.73,Normal,Origen A,Ambiente,Protocolo_1
Embalaje B,50.62,50.15,13.93,65.91,Normal,Origen D,Ambiente,Protocolo_1
Embalaje A,12.42,17.48,69.14,29.22,Normal,Origen C,Ambiente,Protocolo_1
Embalaje C,57.37,14.51,95.55,75.88,Normal,Origen C,Ambiente,Protocolo_1
Embalaje B,24.18,11.89,16.91,69.04,Normal,Origen A,Ambiente,Protocolo_1
Embalaje B,64.21,63.94,97.74,12.4,Normal,Origen C,Ambiente,Protocolo_1
Embalaje C,22.42,37.27,30.68,52.01,Normal,Origen D,Ambiente,Protocolo_1
Embalaje C,81.13,12.62,62.78,93.51,Normal,Origen B,Ambiente,Protocolo_2
Embalaje B,68.12,80.39,24.03,10.97,Normal,Origen C,Ambiente,Protocolo_1
Embalaje B,68.3,33.3,87.64,28.36,Normal,Origen D,Ambiente,Protocolo_1
Embalaje A,62.53,86.26,48.29,35.79,Normal,Origen B,Ambiente,Protocolo_1
Embalaje B,93.23,64.81,20.45,87.11,Normal,Origen C,Ambiente,Protocolo_2
Embalaje B,86.47,99.52,6.85,21.93,Frágil,Origen D,Ambiente,Protocolo_2
Embalaje B,53.06,93.02,60.77,18.84,Normal,Origen B,Ambiente,Protocolo_1
Embalaje B,74.49,48.4,62.95,61.48,Normal,Origen B,Ambiente,Protocolo_1
Embalaje A,16.66,28.84,45.28,2.14,Normal,Origen C,Ambiente,Protocolo_1
Embalaje A,96.01,27.08,29.49,92.01,Normal,Origen B,Ambiente,Protocolo_2
Embalaje C,27.07,99.8,76.44,90.8,Normal,Origen A,Ambiente,Protocolo_2
Embalaje C,10.03,58.01,51.79,49.72,Frágil,Origen C,Ambiente,Protocolo_2
Embalaje A,50.45,22.57,18.33,68.19,Normal,Origen B,Ambiente,Protocolo_1
Embalaje A,13.42,62.25,86.56,77.54,Normal,Origen C,Refrigerado,Protocolo_1
Embalaje C,57.05,88.04,15.63,58.27,Normal,Origen A,Ambiente,Protocolo_1
Embalaje A,54.24,7.9,22.65,14.61,Frágil,Origen A,Ambiente,Protocolo_2
Embalaje A,52.99,32.78,96.17,68.36,Normal,Origen D,Ambiente,Protocolo_1
Embalaje C,73.4,94.13,32.15,50.23,Frágil,Origen D,Ambiente,Protocolo_2
Embalaje C,49.12,13.57,33.05,28.24,Normal,Origen D,Ambiente,Protocolo_1
Embalaje C,10.84,73.27,27.22,66.69,Normal,Origen A,Ambiente,Protocolo_1
Embalaje B,88.82,94.43,35.84,69.86,Normal,Origen C,Ambiente,Protocolo_1
Embalaje C,42.24,53.99,38.49,60.79,Normal,Origen A,Ambiente,Protocolo_1
Embalaje A,89.95,99.73,49.08,61.47,Normal,Origen D,Ambiente,Protocolo_1
Embalaje B,6.66,46.87,80.72,92.02,Frágil,Origen B,Ambiente,Protocolo_2
Embalaje C,77.88,17.79,48.27,96.83,Frágil,Origen B,Ambiente,Protocolo_2
Embalaje C,33.96,49.58,27.41,72.52,Normal,Origen C,Ambiente,Protocolo_1
Embalaje C,60.62,21.17,94.77,22.14,Frágil,Origen C,Ambiente,Protocolo_2
Embalaje C,41.2,48.37,33.9,67.76,Normal,Origen D,Ambiente,Protocolo_1
Embalaje B,51.75,10.02,18.9,81.22,Normal,Origen D,Ambiente,Protocolo_2
Embalaje B,55.29,34.52,61.41,67.82,Normal,Origen A,Ambiente,Protocolo_1
Embalaje C,58.03,76.27,90.61,41.58,Frágil,Origen D,Ambiente,Protocolo_2
Embalaje C,60.76,52.13,40.79,68.54,Frágil,Origen C,Ambiente,Protocolo_2
Embalaje B,57.83,22.16,61.83,59.95,Normal,Origen D,Ambiente,Protocolo_1
Embalaje C,94.19,53.05,21.86,52.91,Normal,Origen A,Ambiente,Protocolo_1
Embalaje C,19.73,75.96,66.41,22.33,Normal,Origen B,Ambiente,Protocolo_1
Embalaje C,50.18,52.82,84.78,46.13,Normal,Origen D,Ambiente,Protocolo_1
Embalaje A,40.21,83.35,62.56,99.78,Normal,Origen A,Ambiente,Protocolo_2
Embalaje B,49.62,84.39,30.61,97.32,Normal,Origen A,Ambiente,Protocolo_2
Embalaje C,57.46,67.61,12.19,44.51,Frágil,Origen A,Ambiente,Protocolo_2
Embalaje B,62.16,72.82,85.49,51.11,Normal,Origen B,Ambiente,Protocolo_1
Embalaje B,84.4,88.99,41.26,44.73,Normal,Origen D,Ambiente,Protocolo_1
Embalaje B,73.99,81.17,58.86,56.73,Normal,Origen D,Ambiente,Protocolo_1
Embalaje A,98.39,36.89,63.64,8.77,Normal,Origen B,Ambiente,Protocolo_1
Embalaje B,20.35,61.48,92.16,15.1,Normal,Origen D,Ambiente,Protocolo_1
Embalaje B,84.65,34.24,8.69,31.56,Normal,Origen B,Ambiente,Protocolo_1
Embalaje B,6.99,91.7,62.22,67.54,Frágil,Origen D,Ambiente,Protocolo_2
Embalaje B,83.87,8.08,36.83,94.36,Normal,Origen B,Ambiente,Protocolo_2
Embalaje C,60.23,32.77,74.29,94.21,Normal,Origen B,Ambiente,Protocolo_2
Embalaje A,89.08,99.37,44.83,87.91,Normal,Origen B,Ambiente,Protocolo_2
Embalaje C,43.06,9.1,95.82,22.21,Normal,Origen C,Ambiente,Protocolo_1
Embalaje C,29.09,44.23,71.37,92.21,Normal,Origen A,Ambiente,Protocolo_2
Embalaje B,49.62,5.71,8.0,63.37,Normal,Origen C,Ambiente,Protocolo_1
Embalaje B,10.87,67.28,34.75,80.11,Normal,Origen C,Ambiente,Protocolo_2
Embalaje A,27.17,82.94,54.56,16.22,Normal,Origen B,Ambiente,Protocolo_1
Embalaje B,63.67,38.94,5.74,39.0,Normal,Origen D,Ambiente,Protocolo_1
Embalaje A,29.89,17.02,81.83,67.08,Normal,Origen B,Ambiente,Protocolo_1
Embalaje A,10.21,33.37,22.61,60.68,Normal,Origen B,Ambiente,Protocolo_1
Embalaje C,45.18,93.77,29.73,5.79,Frágil,Origen A,Ambiente,Protocolo_2
Embalaje C,29.85,89.61,19.92,54.96,Frágil,Origen D,Ambiente,Protocolo_2
Embalaje A,79.71,97.65,39.37,34.73,Normal,Origen C,Ambiente,Protocolo_1
Embalaje A,47.64,64.89,67.19,4.81,Normal,Origen D,Ambiente,Protocolo_1
Embalaje C,34.65,91.24,17.61,63.26,Normal,Origen A,Ambiente,Protocolo_1
Embalaje C,28.79,54.81,8.22,42.73,Normal,Origen A,Ambiente,Protocolo_1
Embalaje C,41.61,44.03,86.19,56.83,Normal,Origen B,Ambiente,Protocolo_1
Embalaje B,26.27,26.41,75.57,85.15,Normal,Origen C,Ambiente,Protocolo_2
Embalaje B,61.97,90.69,64.57,28.31,Normal,Origen C,Ambiente,Protocolo_1
Embalaje B,46.37,63.34,82.02,25.02,Normal,Origen D,Ambiente,Protocolo_1
Embalaje C,84.59,80.74,61.94,28.65,Normal,Origen D,Ambiente,Protocolo_1
Embalaje B,26.67,23.86,76.24,63.92,Normal,Origen B,Ambiente,Protocolo_1
Embalaje C,98.57,77.47,75.76,16.85,Normal,Origen B,Ambiente,Protocolo_1
Embalaje C,8.81,84.22,82.13,72.55,Frágil,Origen B,Ambiente,Protocolo_2
Embalaje B,45.89,61.75,65.81,4.67,Frágil,Origen C,Refrigerado,Protocolo_2
Embalaje B,9.59,41.71,51.81,21.23,Normal,Origen C,Ambiente,Protocolo_1
Embalaje B,16.16,13.15,45.76,51.72,Normal,Origen D,Refrigerado,Protocolo_1
Embalaje C,99.14,86.3,35.18,23.96,Normal,Origen C,Ambiente,Protocolo_1
Embalaje C,66.74,68.7,28.8,72.25,Normal,Origen A,Refrigerado,Protocolo_1
Embalaje C,7.66,54.27,32.15,96.84,Normal,Origen C,Ambiente,Protocolo_2
Embalaje B,9.04,62.02,15.22,85.2,Normal,Origen A,Ambiente,Protocolo_2
Embalaje B,85.57,46.9,8.75,12.49,Normal,Origen B,Ambiente,Protocolo_1
Embalaje B,22.39,8.26,22.66,44.73,Normal,Origen B,Ambiente,Protocolo_1
Embalaje A,26.44,96.25,5.53,60.62,Normal,Origen A,Ambiente,Protocolo_1
Embalaje C,69.06,68.71,83.19,20.88,Normal,Origen C,Ambiente,Protocolo_1
Embalaje C,25.51,91.57,89.98,23.68,Normal,Origen A,Ambiente,Protocolo_1
Embalaje C,42.12,38.06,61.12,78.07,Normal,Origen B,Ambiente,Protocolo_1
Embalaje A,75.8,10.88,63.22,78.11,Normal,Origen D,Ambiente,Protocolo_1
Embalaje C,26.56,83.31,34.17,61.36,Normal,Origen B,Ambiente,Protocolo_1
Embalaje B,45.59,31.45,64.87,13.11,Frágil,Origen D,Ambiente,Protocolo_2
Embalaje A,55.09,36.12,85.76,56.89,Normal,Origen B,Ambiente,Protocolo_1
Embalaje C,41.64,99.85,71.28,54.57,Normal,Origen D,Ambiente,Protocolo_1
Embalaje C,41.3,55.53,23.06,13.79,Normal,Origen D,Refrigerado,Protocolo_1
Embalaje B,17.36,12.11,96.82,59.28,Frágil,Origen B,Ambiente,Protocolo_2
Embalaje C,54.32,31.06,6.19,98.77,Normal,Origen A,Ambiente,Protocolo_2
Embalaje C,47.04,9.18,59.38,57.07,Normal,Origen C,Ambiente,Protocolo_1
Embalaje A,41.79,24.8,93.89,25.74,Frágil,Origen A,Ambiente,Protocolo_2
Embalaje A,15.11,42.66,97.79,37.28,Normal,Origen A,Refrigerado,Protocolo_1
Embalaje A,6.0,65.62,33.65,32.81,Normal,Origen B,Ambiente,Protocolo_1
Embalaje C,7.62,90.8,29.65,53.75,Frágil,Origen B,Ambiente,Protocolo_2
Embalaje B,85.74,93.01,43.02,16.53,Normal,Origen B,Ambiente,Protocolo_1
Embalaje C,17.82,71.56,30.27,61.15,Normal,Origen D,Ambiente,Protocolo_1
Embalaje C,17.62,70.83,54.3,13.69,Frágil,Origen D,Ambiente,Protocolo_2
Embalaje C,85.07,41.39,76.33,41.55,Normal,Origen D,Ambiente,Protocolo_1
Embalaje B,78.46,13.18,92.84,30.12,Normal,Origen C,Ambiente,Protocolo_1
Embalaje A,86.19,84.47,82.64,72.89,Normal,Origen A,Ambiente,Protocolo_1
Embalaje A,96.37,38.61,6.16,11.74,Frágil,Origen D,Ambiente,Protocolo_2
Embalaje C,28.33,19.89,31.46,75.77,Normal,Origen B,Ambiente,Protocolo_1
Embalaje A,9.62,66.9,11.67,5.99,Frágil,Origen B,Refrigerado,Protocolo_2
Embalaje A,43.33,88.38,25.47,17.87,Normal,Origen A,Ambiente,Protocolo_1
Embalaje A,6.84,71.9,23.19,39.1,Frágil,Origen B,Ambiente,Protocolo_2
Embalaje B,13.14,24.35,25.91,55.09,Frágil,Origen B,Ambiente,Protocolo_2
Embalaje C,75.75,14.7,23.1,4.8,Normal,Origen C,Ambiente,Protocolo_1
Embalaje C,8.01,39.37,95.36,86.15,Normal,Origen A,Ambiente,Protocolo_2
Embalaje B,30.86,95.4,61.85,26.6,Frágil,Origen C,Ambiente,Protocolo_2
Embalaje B,23.39,50.91,22.09,90.76,Normal,Origen C,Ambiente,Protocolo_2
Embalaje B,80.06,78.48,11.52,64.87,Frágil,Origen B,Ambiente,Protocolo_2
Embalaje C,73.91,87.66,95.27,37.78,Normal,Origen D,Ambiente,Protocolo_1
Embalaje B,34.95,71.23,66.11,16.79,Normal,Origen B,Ambiente,Protocolo_1
Embalaje C,35.86,62.66,60.32,39.18,Normal,Origen B,Ambiente,Protocolo_1
Embalaje C,49.52,60.25,74.89,71.14,Normal,Origen B,Ambiente,Protocolo_1
Embalaje A,45.66,46.91,20.46,62.77,Normal,Origen B,Ambiente,Protocolo_1
Embalaje B,28.44,14.09,46.29,82.37,Normal,Origen D,Ambiente,Protocolo_2
Embalaje B,93.45,28.53,22.64,88.78,Frágil,Origen D,Ambiente,Protocolo_2
Embalaje B,28.09,15.96,82.99,97.77,Normal,Origen A,Ambiente,Protocolo_2
Embalaje A,50.12,66.46,22.28,78.91,Normal,Origen A,Ambiente,Protocolo_1
Embalaje C,62.39,57.78,35.55,19.62,Normal,Origen A,Ambiente,Protocolo_1
Embalaje C,17.7,54.74,78.24,53.18,Frágil,Origen A,Ambiente,Protocolo_2
Embalaje A,66.64,40.33,52.97,77.31,Normal,Origen A,Ambiente,Protocolo_1
Embalaje B,40.02,75.18,17.9,87.98,Frágil,Origen D,Ambiente,Protocolo_2
Embalaje B,75.89,46.62,91.83,15.85,Normal,Origen A,Ambiente,Protocolo_1
Embalaje A,90.12,13.83,22.29,14.55,Normal,Origen A,Ambiente,Protocolo_1
Embalaje A,83.4,41.1,42.16,22.3,Frágil,Origen D,Ambiente,Protocolo_2
Embalaje B,62.26,8.39,54.64,64.77,Normal,Origen C,Refrigerado,Protocolo_1
Embalaje B,84.62,77.95,40.95,24.5,Normal,Origen D,Ambiente,Protocolo_1
Embalaje C,87.04,35.99,93.29,31.14,Normal,Origen C,Ambiente,Protocolo_1
Embalaje A,74.04,17.66,9.13,36.71,Normal,Origen A,Ambiente,Protocolo_1
Embalaje C,54.88,73.62,81.84,78.61,Normal,Origen C,Ambiente,Protocolo_1
Embalaje B,56.51,54.87,43.66,80.4,Normal,Origen D,Ambiente,Protocolo_2
Embalaje C,8.75,38.82,83.51,33.39,Normal,Origen D,Ambiente,Protocolo_1
Embalaje B,27.72,54.42,23.45,62.6,Normal,Origen A,Ambiente,Protocolo_1
Embalaje B,85.17,22.21,90.13,48.88,Frágil,Origen C,Ambiente,Protocolo_2
Embalaje C,17.4,32.25,13.38,28.11,Normal,Origen C,Ambiente,Protocolo_1
Embalaje B,11.95,24.72,37.72,54.9,Normal,Origen D,Ambiente,Protocolo_1
Embalaje B,42.25,41.79,72.56,18.07,Normal,Origen B,Ambiente,Protocolo_1
Embalaje C,36.15,38.1,34.57,84.19,Normal,Origen B,Ambiente,Protocolo_2
Embalaje C,97.31,10.63,85.32,54.89,Normal,Origen A,Ambiente,Protocolo_1
Embalaje A,8.35,63.71,35.42,73.97,Normal,Origen D,Ambiente,Protocolo_1
Embalaje C,60.07,20.99,35.98,79.37,Normal,Origen C,Ambiente,Protocolo_1
Embalaje C,49.66,40.7,26.18,10.09,Normal,Origen B,Ambiente,Protocolo_1
Embalaje C,97.49,84.22,14.33,52.08,Normal,Origen B,Ambiente,Protocolo_1
Embalaje B,21.51,89.33,56.89,16.62,Normal,Origen B,Ambiente,Protocolo_1
Embalaje B,39.7,84.46,90.43,54.79,Normal,Origen A,Ambiente,Protocolo_1
Embalaje A,21.33,77.98,17.48,4.02,Normal,Origen A,Refrigerado,Protocolo_1
Embalaje B,63.63,74.2,72.67,47.96,Frágil,Origen A,Ambiente,Protocolo_2
Embalaje C,82.12,79.06,51.19,16.62,Normal,Origen D,Ambiente,Protocolo_1
Embalaje A,48.27,33.74,57.21,63.46,Normal,Origen A,Ambiente,Protocolo_1
Embalaje C,88.25,17.67,13.92,69.51,Frágil,Origen C,Ambiente,Protocolo_2
Embalaje C,23.42,98.92,30.81,40.0,Normal,Origen A,Ambiente,Protocolo_1
Embalaje C,57.75,65.1,60.7,20.54,Normal,Origen D,Refrigerado,Protocolo_1
Embalaje B,68.45,21.92,61.19,49.46,Normal,Origen C,Ambiente,Protocolo_1
Embalaje C,99.66,67.84,20.73,27.53,Normal,Origen D,Ambiente,Protocolo_1
Embalaje A,66.45,17.22,26.19,18.89,Normal,Origen B,Ambiente,Protocolo_1
Embalaje C,36.7,39.04,49.11,68.52,Normal,Origen A,Ambiente,Protocolo_1
Embalaje A,13.19,87.51,65.61,22.13,Normal,Origen A,Ambiente,Protocolo_1
Embalaje C,90.02,48.82,74.38,63.11,Normal,Origen C,Ambiente,Protocolo_1
Embalaje C,97.7,61.91,23.78,80.64,Normal,Origen B,Ambiente,Protocolo_2
Embalaje A,91.46,68.2,90.39,97.36,Normal,Origen D,Ambiente,Protocolo_2
Embalaje A,35.67,73.91,67.78,60.92,Normal,Origen D,Ambiente,Protocolo_1
Embalaje B,62.35,77.75,78.65,91.72,Normal,Origen A,Ambiente,Protocolo_2
Embalaje A,64.57,76.08,50.15,77.87,Normal,Origen D,Ambiente,Protocolo_1
Embalaje C,29.94,96.3,15.79,14.68,Normal,Origen B,Ambiente,Protocolo_1
Embalaje A,78.21,95.29,27.38,88.11,Normal,Origen A,Ambiente,Protocolo_2
Embalaje B,71.3,77.6,11.98,54.26,Normal,Origen A,Ambiente,Protocolo_1
Embalaje C,42.4,73.12,22.28,45.2,Normal,Origen A,Ambiente,Protocolo_1
Embalaje C,83.27,33.87,15.92,37.33,Normal,Origen C,Ambiente,Protocolo_1
Embalaje B,40.3,19.88,84.18,68.36,Normal,Origen D,Ambiente,Protocolo_1
Embalaje C,12.25,51.1,92.31,10.99,Frágil,Origen D,Ambiente,Protocolo_2
Embalaje C,13.31,59.24,78.74,28.43,Normal,Origen D,Ambiente,Protocolo_1
Embalaje B,88.52,7.25,8.59,68.79,Normal,Origen D,Ambiente,Protocolo_1
Embalaje A,23.17,37.19,22.85,43.16,Normal,Origen A,Ambiente,Protocolo_1
Embalaje A,65.02,6.4,97.27,9.55,Normal,Origen C,Ambiente,Protocolo_1
Embalaje A,6.65,97.7,61.07,63.29,Normal,Origen B,Ambiente,Protocolo_1
Embalaje B,28.65,43.62,88.49,15.29,Frágil,Origen B,Ambiente,Protocolo_2
Embalaje A,91.79,63.37,59.9,6.23,Frágil,Origen C,Ambiente,Protocolo_2
Embalaje B,87.55,55.98,39.22,36.31,Normal,Origen D,Ambiente,Protocolo_1
Embalaje B,44.14,97.55,93.03,39.69,Normal,Origen A,Ambiente,Protocolo_1
Embalaje B,18.37,53.98,31.81,12.45,Normal,Origen D,Ambiente,Protocolo_1
Embalaje A,80.52,72.41,91.14,92.35,Normal,Origen B,Ambiente,Protocolo_2
Embalaje B,91.97,70.43,57.3,47.24,Normal,Origen B,Ambiente,Protocolo_1
Embalaje C,92.27,23.04,39.91,34.48,Normal,Origen A,Ambiente,Protocolo_1
Embalaje A,41.91,94.19,92.7,49.44,Normal,Origen D,Ambiente,Protocolo_1
Embalaje B,65.78,82.72,57.53,22.36,Normal,Origen D,Ambiente,Protocolo_1
Embalaje B,36.55,58.33,40.38,59.25,Normal,Origen C,Refrigerado,Protocolo_1
Embalaje C,61.81,58.28,19.01,14.59,Normal,Origen A,Ambiente,Protocolo_1
Embalaje B,55.92,96.85,5.78,67.42,Normal,Origen C,Ambiente,Protocolo_1
Embalaje C,62.64,32.88,51.36,80.81,Normal,Origen B,Ambiente,Protocolo_2
Embalaje A,75.97,20.24,83.21,84.13,Frágil,Origen B,Ambiente,Protocolo_2
Embalaje A,28.08,50.6,84.08,16.33,Frágil,Origen A,Ambiente,Protocolo_2
Embalaje A,31.92,86.74,68.64,61.67,Normal,Origen B,Ambiente,Protocolo_1
Embalaje C,80.91,16.6,63.84,56.49,Frágil,Origen D,Ambiente,Protocolo_2
Embalaje A,38.2,26.14,38.3,77.3,Normal,Origen D,Ambiente,Protocolo_1
Embalaje A,86.64,74.34,70.3,75.06,Frágil,Origen C,Ambiente,Protocolo_2
Embalaje C,9.69,15.28,67.23,93.15,Frágil,Origen B,Ambiente,Protocolo_2
Embalaje A,48.11,90.04,94.89,31.23,Normal,Origen B,Refrigerado,Protocolo_1
Embalaje B,60.16,61.5,16.49,2.79,Normal,Origen D,Ambiente,Protocolo_1
Embalaje B,72.12,56.61,81.36,37.75,Normal,Origen B,Refrigerado,Protocolo_1
Embalaje A,81.32,88.44,43.27,29.68,Normal,Origen B,Ambiente,Protocolo_1
Embalaje B,74.37,53.0,29.44,61.77,Frágil,Origen C,Ambiente,Protocolo_2
Embalaje B,52.29,11.75,77.73,20.5,Normal,Origen C,Refrigerado,Protocolo_1
Embalaje B,29.64,69.79,51.57,84.84,Normal,Origen B,Ambiente,Protocolo_2
Embalaje C,72.63,86.88,81.42,51.88,Normal,Origen B,Ambiente,Protocolo_1
Embalaje B,45.4,95.48,21.01,95.12,Normal,Origen B,Ambiente,Protocolo_2
Embalaje A,55.79,89.51,33.5,64.13,Normal,Origen A,Ambiente,Protocolo_1
Embalaje B,94.54,31.31,32.76,11.96,Normal,Origen A,Refrigerado,Protocolo_1
Embalaje C,5.97,19.99,82.63,66.05,Normal,Origen D,Ambiente,Protocolo_1
Embalaje B,76.96,47.61,47.91,51.55,Frágil,Origen A,Ambiente,Protocolo_2
Embalaje B,80.17,74.18,79.65,58.13,Normal,Origen C,Ambiente,Protocolo_1
Embalaje A,24.4,41.75,84.35,71.59,Normal,Origen D,Ambiente,Protocolo_1
Embalaje A,61.85,17.67,63.34,22.9,Normal,Origen D,Ambiente,Protocolo_1
Embalaje C,48.71,29.67,13.1,98.36,Normal,Origen A,Ambiente,Protocolo_2
Embalaje A,55.58,80.81,49.21,28.64,Normal,Origen B,Ambiente,Protocolo_1
Embalaje B,7.11,18.55,10.39,97.39,Normal,Origen B,Ambiente,Protocolo_2
Embalaje C,36.82,25.03,33.86,32.72,Normal,Origen C,Ambiente,Protocolo_1
Embalaje C,24.8,85.12,46.0,10.46,Frágil,Origen D,Ambiente,Protocolo_2
Embalaje B,79.54,5.05,57.19,20.16,Frágil,Origen A,Refrigerado,Protocolo_2
Embalaje B,41.0,94.88,68.9,64.17,Normal,Origen B,Ambiente,Protocolo_1
Embalaje B,38.67,77.15,39.89,48.06,Frágil,Origen D,Ambiente,Protocolo_2
Embalaje B,18.47,13.72,90.72,71.26,Normal,Origen A,Ambiente,Protocolo_1
Embalaje C,44.53,42.66,63.11,86.39,Frágil,Origen B,Ambiente,Protocolo_2
Embalaje B,84.9,28.31,74.72,77.84,Normal,Origen A,Ambiente,Protocolo_1
Embalaje B,24.96,91.57,57.07,55.38,Frágil,Origen B,Ambiente,Protocolo_2
Embalaje C,87.77,41.96,22.22,36.04,Normal,Origen D,Ambiente,Protocolo_1
Embalaje B,45.13,87.97,5.75,11.11,Normal,Origen B,Ambiente,Protocolo_1
Embalaje A,25.7,58.58,61.14,64.14,Normal,Origen B,Ambiente,Protocolo_1
Embalaje A,28.66,61.82,85.85,74.55,Normal,Origen D,Ambiente,Protocolo_1
Embalaje A,75.06,61.0,94.99,40.57,Frágil,Origen C,Ambiente,Protocolo_2
Embalaje A,90.17,67.91,82.93,94.86,Frágil,Origen D,Ambiente,Protocolo_2
Embalaje C,45.55,59.99,43.55,8.3,Normal,Origen A,Ambiente,Protocolo_1
Embalaje C,18.21,10.11,86.22,21.43,Normal,Origen B,Ambiente,Protocolo_1
Embalaje A,12.32,38.83,38.85,54.73,Frágil,Origen B,Ambiente,Protocolo_2
Embalaje C,9.95,16.1,88.71,37.62,Normal,Origen D,Ambiente,Protocolo_1
Embalaje C,60.61,24.4,57.74,56.26,Frágil,Origen B,Ambiente,Protocolo_2
Embalaje A,23.1,49.35,53.72,37.09,Frágil,Origen B,Ambiente,Protocolo_2
Embalaje B,22.62,38.63,78.84,32.01,Normal,Origen B,Refrigerado,Protocolo_1
Embalaje B,39.01,67.69,66.03,7.25,Normal,Origen D,Ambiente,Protocolo_1
Embalaje A,78.56,36.11,93.43,25.79,Normal,Origen C,Ambiente,Protocolo_1
Embalaje C,50.96,47.57,28.15,60.28,Normal,Origen D,Ambiente,Protocolo_1
Embalaje C,28.97,30.59,73.89,88.31,Normal,Origen A,Ambiente,Protocolo_2
Embalaje A,98.23,11.04,68.22,36.04,Frágil,Origen D,Ambiente,Protocolo_2
Embalaje C,63.48,44.12,88.91,55.89,Normal,Origen A,Ambiente,Protocolo_1
Embalaje B,80.35,89.01,18.49,48.5,Frágil,Origen C,Ambiente,Protocolo_2
Embalaje A,75.14,75.01,47.41,10.21,Frágil,Origen A,Ambiente,Protocolo_2
Embalaje C,46.92,79.49,99.48,85.51,Normal,Origen B,Ambiente,Protocolo_2
Embalaje B,17.46,82.82,22.57,69.58,Frágil,Origen D,Ambiente,Protocolo_2
Embalaje B,63.35,6.3,69.59,23.24,Normal,Origen C,Ambiente,Protocolo_1
Embalaje C,25.31,93.17,51.16,51.28,Normal,Origen A,Refrigerado,Protocolo_1
Embalaje A,46.18,50.8,83.37,46.46,Normal,Origen C,Ambiente,Protocolo_1
Embalaje B,45.57,49.14,73.97,68.18,Normal,Origen A,Ambiente,Protocolo_1
Embalaje B,90.87,55.42,71.22,83.7,Normal,Origen A,Ambiente,Protocolo_2
Embalaje A,49.31,7.13,86.73,32.35,Normal,Origen C,Ambiente,Protocolo_1
Embalaje C,50.06,17.83,87.86,46.97,Normal,Origen D,Ambiente,Protocolo_1
Embalaje A,20.48,19.06,73.95,69.42,Normal,Origen D,Ambiente,Protocolo_1
Embalaje C,29.04,79.47,8.97,48.9,Frágil,Origen C,Ambiente,Protocolo_2
Embalaje C,47.39,35.2,34.49,8.29,Normal,Origen C,Ambiente,Protocolo_1
Embalaje A,89.92,36.74,73.96,45.35,Normal,Origen A,Ambiente,Protocolo_1
Embalaje C,21.46,41.84,70.82,25.02,Frágil,Origen C,Ambiente,Protocolo_2
Embalaje C,84.44,18.43,9.57,14.07,Frágil,Origen A,Refrigerado,Protocolo_2
Embalaje C,92.56,16.63,12.33,38.28,Normal,Origen A,Ambiente,Protocolo_1
Embalaje C,81.84,29.36,84.88,64.34,Frágil,Origen C,Ambiente,Protocolo_2
Embalaje C,16.19,78.03,33.53,68.53,Frágil,Origen C,Ambiente,Protocolo_2
Embalaje A,59.12,11.1,58.75,4.95,Normal,Origen B,Ambiente,Protocolo_1
Embalaje A,87.81,14.21,41.4,76.79,Normal,Origen B,Ambiente,Protocolo_1
Embalaje C,76.71,9.43,13.99,51.26,Normal,Origen C,Ambiente,Protocolo_1
Embalaje C,94.92,7.2,50.48,67.2,Normal,Origen D,Ambiente,Protocolo_1
Embalaje C,60.1,17.06,35.23,2.18,Normal,Origen B,Ambiente,Protocolo_1
Embalaje A,15.65,9.85,20.14,52.05,Normal,Origen D,Refrigerado,Protocolo_1
Embalaje C,48.96,71.09,32.44,17.5,Normal,Origen A,Ambiente,Protocolo_1
Embalaje C,84.93,65.97,59.98,62.68,Normal,Origen A,Ambiente,Protocolo_1
Embalaje C,56.65,21.68,13.86,70.19,Frágil,Origen C,Ambiente,Protocolo_2
Embalaje C,37.94,83.97,68.97,80.98,Normal,Origen D,Ambiente,Protocolo_2
Embalaje B,89.08,14.45,47.09,1.29,Normal,Origen B,Refrigerado,Protocolo_1
Embalaje C,6.68,97.63,17.63,23.18,Normal,Origen D,Ambiente,Protocolo_1
Embalaje B,58.43,17.92,22.94,20.12,Normal,Origen B,Refrigerado,Protocolo_1
Embalaje A,66.32,65.44,74.92,32.66,Normal,Origen B,Ambiente,Protocolo_1
Embalaje C,51.31,42.53,75.82,82.15,Normal,Origen D,Ambiente,Protocolo_2
Embalaje C,14.85,34.11,80.03,25.77,Normal,Origen B,Ambiente,Protocolo_1
Embalaje C,87.73,52.02,89.54,31.27,Normal,Origen A,Ambiente,Protocolo_1
Embalaje B,55.34,64.46,42.62,22.55,Normal,Origen C,Ambiente,Protocolo_1
Embalaje B,55.01,49.99,89.44,94.57,Frágil,Origen A,Ambiente,Protocolo_2
Embalaje A,83.37,15.8,83.71,53.88,Frágil,Origen D,Ambiente,Protocolo_2
Embalaje B,99.96,86.89,35.79,72.53,Normal,Origen D,Ambiente,Protocolo_1
Embalaje A,22.7,12.75,9.82,65.16,Normal,Origen A,Ambiente,Protocolo_1
Embalaje B,14.33,80.68,46.33,25.07,Frágil,Origen A,Ambiente,Protocolo_2
Embalaje A,39.96,23.34,55.69,93.67,Normal,Origen A,Ambiente,Protocolo_2
Embalaje C,52.34,87.11,25.79,33.71,Normal,Origen A,Ambiente,Protocolo_1
Embalaje A,26.81,20.69,43.5,71.25,Normal,Origen C,Ambiente,Protocolo_1
Embalaje B,96.75,73.82,18.54,24.6,Frágil,Origen A,Ambiente,Protocolo_2
Embalaje A,36.1,16.39,10.61,7.63,Normal,Origen A,Ambiente,Protocolo_1
Embalaje C,96.54,78.65,37.01,39.3,Normal,Origen D,Ambiente,Protocolo_1
Embalaje A,42.12,99.54,33.37,41.65,Normal,Origen A,Ambiente,Protocolo_1
Embalaje B,69.55,28.74,59.75,33.92,Normal,Origen B,Refrigerado,Protocolo_1
Embalaje B,52.27,99.44,90.62,44.23,Frágil,Origen B,Ambiente,Protocolo_2
Embalaje C,93.48,67.21,15.98,44.49,Normal,Origen A,Ambiente,Protocolo_1
Embalaje B,87.52,16.1,43.52,33.23,Normal,Origen C,Ambiente,Protocolo_1
Embalaje C,61.6,47.4,76.71,99.33,Normal,Origen B,Refrigerado,Protocolo_2
Embalaje C,61.23,55.13,14.93,51.85,Normal,Origen B,Ambiente,Protocolo_1
Embalaje C,13.31,67.38,31.31,73.67,Normal,Origen C,Ambiente,Protocolo_1
Embalaje B,99.22,17.27,19.83,96.06,Normal,Origen C,Ambiente,Protocolo_2
Embalaje B,74.97,44.9,62.23,4.65,Normal,Origen C,Ambiente,Protocolo_1
Embalaje A,23.38,23.85,86.33,66.34,Normal,Origen C,Ambiente,Protocolo_1
Embalaje B,64.75,41.11,92.15,68.36,Normal,Origen B,Ambiente,Protocolo_1
Embalaje B,78.42,93.36,29.89,78.35,Frágil,Origen B,Ambiente,Protocolo_2
Embalaje B,34.88,86.35,31.87,18.22,Normal,Origen C,Ambiente,Protocolo_1
Embalaje B,39.42,33.23,98.78,17.95,Normal,Origen C,Ambiente,Protocolo_1
Embalaje B,74.34,30.76,97.11,43.51,Normal,Origen A,Ambiente,Protocolo_1
Embalaje C,93.94,63.94,30.28,42.11,Normal,Origen D,Ambiente,Protocolo_1
Embalaje B,64.95,17.45,66.19,11.59,Normal,Origen D,Ambiente,Protocolo_1
Embalaje B,38.5,53.23,92.69,99.41,Normal,Origen C,Ambiente,Protocolo_2
Embalaje A,68.19,86.33,79.58,41.87,Normal,Origen A,Ambiente,Protocolo_1
Embalaje C,92.3,26.86,98.31,20.89,Normal,Origen A,Ambiente,Protocolo_1
Embalaje C,77.65,95.83,75.7,14.8,Normal,Origen D,Ambiente,Protocolo_1
Embalaje C,23.91,50.05,20.09,71.01,Normal,Origen C,Ambiente,Protocolo_1
Embalaje B,74.61,57.06,27.37,98.59,Frágil,Origen D,Ambiente,Protocolo_2
Embalaje C,25.97,92.51,68.21,53.33,Normal,Origen C,Ambiente,Protocolo_1
Embalaje A,34.02,85.96,31.62,67.38,Normal,Origen D,Ambiente,Protocolo_1
Embalaje C,76.84,17.82,55.03,5.59,Normal,Origen C,Ambiente,Protocolo_1
Embalaje B,54.96,10.25,14.2,58.79,Normal,Origen B,Ambiente,Protocolo_1
Embalaje C,68.18,44.06,45.61,52.95,Normal,Origen A,Ambiente,Protocolo_1
Embalaje B,86.5,67.93,40.33,53.22,Normal,Origen B,Ambiente,Protocolo_1
Embalaje A,71.99,10.11,20.29,18.22,Normal,Origen C,Ambiente,Protocolo_1
Embalaje B,9.68,11.28,61.4,51.98,Normal,Origen B,Ambiente,Protocolo_1
Embalaje C,70.22,96.67,14.21,27.16,Normal,Origen D,Ambiente,Protocolo_1
Embalaje B,90.48,46.16,52.89,28.42,Normal,Origen D,Ambiente,Protocolo_1
Embalaje B,98.55,90.64,19.79,66.44,Normal,Origen A,Ambiente,Protocolo_1
Embalaje A,54.64,76.49,63.52,56.65,Normal,Origen A,Ambiente,Protocolo_1
Embalaje B,6.9,68.67,12.09,34.08,Normal,Origen D,Ambiente,Protocolo_1
Embalaje C,50.54,65.95,32.35,17.56,Normal,Origen A,Ambiente,Protocolo_1
Embalaje C,69.0,93.63,30.18,40.74,Normal,Origen A,Ambiente,Protocolo_1
Embalaje A,92.01,46.32,73.84,69.43,Frágil,Origen B,Ambiente,Protocolo_2
Embalaje C,36.11,10.67,83.98,3.01,Normal,Origen C,Ambiente,Protocolo_1
Embalaje C,67.68,8.53,67.55,41.07,Normal,Origen D,Refrigerado,Protocolo_1
Embalaje A,6.79,86.32,45.91,31.63,Normal,Origen A,Ambiente,Protocolo_1
Embalaje B,26.63,21.57,63.18,97.84,Normal,Origen B,Ambiente,Protocolo_2
Embalaje A,75.31,71.4,6.92,40.46,Normal,Origen B,Ambiente,Protocolo_1
Embalaje B,23.87,62.19,33.93,39.13,Normal,Origen B,Ambiente,Protocolo_1
Embalaje A,17.03,49.45,39.62,87.85,Normal,Origen B,Ambiente,Protocolo_2
Embalaje A,24.47,31.49,76.26,68.87,Normal,Origen B,Ambiente,Protocolo_1
Embalaje B,53.76,17.5,42.98,31.09,Normal,Origen A,Ambiente,Protocolo_1
Embalaje A,41.88,50.12,29.44,8.14,Normal,Origen D,Ambiente,Protocolo_1
Embalaje C,48.61,31.93,33.37,51.94,Normal,Origen A,Ambiente,Protocolo_1
Embalaje A,9.52,18.76,17.69,57.82,Normal,Origen A,Ambiente,Protocolo_1
Embalaje B,14.82,47.15,95.57,17.78,Normal,Origen B,Ambiente,Protocolo_1
Embalaje A,82.54,20.43,23.21,54.78,Normal,Origen D,Refrigerado,Protocolo_1
Embalaje C,34.9,25.85,10.87,46.38,Normal,Origen A,Ambiente,Protocolo_1
Embalaje A,38.21,50.23,36.56,62.84,Normal,Origen D,Ambiente,Protocolo_1
Embalaje A,87.91,51.08,38.36,52.23,Normal,Origen C,Ambiente,Protocolo_1
Embalaje C,33.94,45.23,11.06,40.86,Normal,Origen C,Ambiente,Protocolo_1
Embalaje B,78.05,75.92,73.28,52.6,Normal,Origen D,Ambiente,Protocolo_1
Embalaje A,73.08,6.37,40.71,79.81,Normal,Origen A,Ambiente,Protocolo_1
Embalaje A,79.81,43.85,42.93,49.54,Normal,Origen B,Ambiente,Protocolo_1
Embalaje B,7.83,81.02,20.48,3.75,Normal,Origen B,Ambiente,Protocolo_1
Embalaje A,60.86,85.41,58.91,3.65,Normal,Origen D,Ambiente,Protocolo_1
Embalaje A,5.4,25.01,34.4,5.0,Frágil,Origen B,Ambiente,Protocolo_2
Embalaje B,79.83,37.01,70.89,86.73,Normal,Origen D,Ambiente,Protocolo_2
Embalaje A,71.15,67.5,33.58,5.96,Normal,Origen D,Ambiente,Protocolo_1
Embalaje B,34.56,67.74,98.87,44.24,Frágil,Origen D,Refrigerado,Protocolo_2
Embalaje A,22.82,95.85,16.73,47.67,Frágil,Origen B,Ambiente,Protocolo_2
Embalaje B,22.47,7.56,89.22,77.83,Normal,Origen B,Ambiente,Protocolo_1
Embalaje A,74.87,71.2,60.03,55.3,Normal,Origen D,Ambiente,Protocolo_1
Embalaje A,16.74,60.22,68.84,78.16,Normal,Origen D,Ambiente,Protocolo_1
Embalaje B,12.22,82.5,13.39,11.13,Normal,Origen A,Ambiente,Protocolo_1
Embalaje A,80.45,9.39,5.51,25.39,Normal,Origen B,Ambiente,Protocolo_1
Embalaje A,45.22,88.02,40.27,83.16,Normal,Origen C,Ambiente,Protocolo_2
Embalaje A,92.99,10.87,78.66,30.21,Normal,Origen C,Ambiente,Protocolo_1
Embalaje B,74.09,79.59,27.5,15.3,Normal,Origen C,Ambiente,Protocolo_1
Embalaje A,39.7,38.08,62.65,49.92,Frágil,Origen B,Ambiente,Protocolo_2
Embalaje B,31.42,43.74,64.39,91.96,Normal,Origen B,Ambiente,Protocolo_2
Embalaje C,42.37,50.94,12.87,55.77,Normal,Origen C,Ambiente,Protocolo_1
Embalaje A,45.17,43.94,76.71,6.44,Normal,Origen A,Ambiente,Protocolo_1
Embalaje C,76.51,54.57,95.05,13.01,Normal,Origen B,Ambiente,Protocolo_1
Embalaje C,30.89,78.69,33.86,28.9,Normal,Origen B,Ambiente,Protocolo_1
Embalaje C,88.89,49.2,59.23,66.27,Normal,Origen D,Ambiente,Protocolo_1
Embalaje B,71.76,5.91,47.12,63.71,Normal,Origen D,Ambiente,Protocolo_1
Embalaje C,75.67,24.16,91.17,53.95,Normal,Origen C,Ambiente,Protocolo_1
Embalaje A,17.91,15.11,23.0,10.01,Normal,Origen B,Ambiente,Protocolo_1
Embalaje C,93.35,30.03,58.01,86.64,Frágil,Origen C,Ambiente,Protocolo_2
Embalaje B,69.46,89.14,67.4,25.31,Normal,Origen A,Ambiente,Protocolo_1
Embalaje A,8.13,51.93,49.04,90.48,Normal,Origen C,Ambiente,Protocolo_2
Embalaje C,8.58,81.62,85.19,50.22,Normal,Origen B,Ambiente,Protocolo_1
Embalaje C,57.72,5.93,95.83,25.7,Normal,Origen D,Ambiente,Protocolo_1
Embalaje B,24.24,84.28,12.02,52.08,Normal,Origen B,Ambiente,Protocolo_1
Embalaje C,63.95,81.51,75.79,42.09,Normal,Origen D,Ambiente,Protocolo_1
Embalaje A,93.77,52.05,24.63,30.04,Normal,Origen D,Ambiente,Protocolo_1
Embalaje A,42.16,13.41,45.34,63.65,Normal,Origen B,Ambiente,Protocolo_1
Embalaje C,67.79,59.59,35.3,14.67,Normal,Origen C,Ambiente,Protocolo_1
Embalaje C,59.46,70.2,37.34,42.18,Normal,Origen D,Ambiente,Protocolo_1
Embalaje B,98.43,52.93,42.15,32.36,Normal,Origen B,Ambiente,Protocolo_1
Embalaje C,34.64,23.54,94.06,65.02,Normal,Origen B,Ambiente,Protocolo_1
Embalaje A,12.42,32.72,52.76,95.4,Frágil,Origen B,Ambiente,Protocolo_2
Embalaje A,18.71,33.63,62.09,41.81,Frágil,Origen D,Ambiente,Protocolo_2
Embalaje A,44.64,44.22,40.34,74.29,Normal,Origen B,Ambiente,Protocolo_1
Embalaje C,62.3,80.19,96.48,54.94,Normal,Origen B,Ambiente,Protocolo_1
Embalaje A,30.41,49.9,54.9,72.37,Frágil,Origen A,Ambiente,Protocolo_2
Embalaje B,63.28,59.78,51.58,26.45,Normal,Origen C,Ambiente,Protocolo_1
Embalaje A,15.98,33.8,9.95,21.64,Normal,Origen C,Ambiente,Protocolo_1
Embalaje B,41.0,85.57,99.89,96.85,Frágil,Origen C,Ambiente,Protocolo_2
Embalaje C,35.12,54.09,99.32,1.97,Normal,Origen D,Ambiente,Protocolo_1
Embalaje B,83.45,53.61,35.35,34.13,Normal,Origen A,Refrigerado,Protocolo_1
Embalaje C,16.38,51.34,38.23,12.99,Normal,Origen D,Ambiente,Protocolo_1
Embalaje C,77.18,93.32,20.37,36.4,Normal,Origen D,Ambiente,Protocolo_1
Embalaje B,81.54,16.05,24.95,92.57,Normal,Origen A,Ambiente,Protocolo_2
Embalaje A,9.44,49.28,16.83,24.33,Normal,Origen C,Ambiente,Protocolo_1
Embalaje B,13.63,14.28,64.84,34.86,Frágil,Origen D,Ambiente,Protocolo_2
Embalaje C,58.91,68.91,70.42,32.72,Normal,Origen A,Ambiente,Protocolo_1
Embalaje C,90.84,72.88,82.99,18.13,Normal,Origen D,Ambiente,Protocolo_1
Embalaje B,50.11,85.8,68.63,74.02,Normal,Origen A,Refrigerado,Protocolo_1
Embalaje C,5.24,42.85,97.28,76.68,Normal,Origen D,Ambiente,Protocolo_1
Embalaje A,95.83,88.71,90.3,82.72,Normal,Origen C,Ambiente,Protocolo_2
Embalaje A,85.45,5.98,58.93,94.51,Normal,Origen B,Ambiente,Protocolo_2
Embalaje A,93.9,46.06,49.05,37.51,Normal,Origen B,Ambiente,Protocolo_1
Embalaje C,11.4,83.17,32.81,28.14,Normal,Origen D,Ambiente,Protocolo_1
Embalaje B,91.46,62.18,37.12,43.99,Frágil,Origen D,Ambiente,Protocolo_2
Embalaje A,87.11,29.97,70.36,74.05,Frágil,Origen A,Ambiente,Protocolo_2
Embalaje B,96.54,27.48,16.24,89.44,Frágil,Origen A,Ambiente,Protocolo_2
Embalaje A,50.29,76.45,11.66,88.64,Normal,Origen D,Ambiente,Protocolo_2
Embalaje C,44.32,61.08,26.93,77.48,Normal,Origen C,Ambiente,Protocolo_1
Embalaje A,58.51,31.39,49.43,56.16,Normal,Origen B,Ambiente,Protocolo_1
Embalaje B,71.44,8.06,17.32,39.41,Normal,Origen A,Ambiente,Protocolo_1
Embalaje A,80.62,59.73,72.2,96.84,Normal,Origen D,Ambiente,Protocolo_2
Embalaje B,42.42,54.32,64.76,51.22,Normal,Origen C,Ambiente,Protocolo_1
Embalaje B,54.78,42.5,42.73,82.68,Normal,Origen D,Ambiente,Protocolo_2
Embalaje B,71.74,60.01,31.45,35.14,Frágil,Origen B,Ambiente,Protocolo_2
Embalaje B,30.76,27.02,29.49,10.63,Normal,Origen C,Ambiente,Protocolo_1
Embalaje C,36.59,18.33,97.33,34.96,Normal,Origen B,Ambiente,Protocolo_1
Embalaje A,86.28,52.9,59.23,20.55,Normal,Origen A,Ambiente,Protocolo_1
Embalaje C,91.68,91.92,38.13,80.5,Normal,Origen D,Ambiente,Protocolo_2
Embalaje C,6.9,83.19,30.98,31.73,Normal,Origen B,Ambiente,Protocolo_1
Embalaje A,35.22,36.28,44.38,10.39,Normal,Origen C,Ambiente,Protocolo_1
Embalaje A,82.85,95.25,53.29,66.45,Normal,Origen B,Ambiente,Protocolo_1
Embalaje A,88.8,44.37,27.31,74.67,Normal,Origen C,Ambiente,Protocolo_1
Embalaje B,13.58,21.72,6.94,16.34,Normal,Origen C,Ambiente,Protocolo_1
Embalaje B,87.54,98.2,50.05,17.44,Frágil,Origen B,Ambiente,Protocolo_2
Embalaje B,66.84,88.8,48.35,95.77,Normal,Origen D,Ambiente,Protocolo_2
Embalaje B,9.87,29.84,59.65,49.17,Normal,Origen B,Ambiente,Protocolo_1
Embalaje A,71.91,7.98,39.3,28.54,Normal,Origen D,Ambiente,Protocolo_1
Embalaje C,80.8,62.79,82.57,35.75,Normal,Origen C,Ambiente,Protocolo_1
Embalaje A,46.89,32.72,86.54,46.09,Normal,Origen C,Ambiente,Protocolo_1
Embalaje A,76.13,85.48,29.19,88.19,Normal,Origen C,Ambiente,Protocolo_2
Embalaje B,66.71,25.39,29.61,87.56,Normal,Origen C,Ambiente,Protocolo_2
Embalaje C,36.29,27.38,33.69,85.12,Normal,Origen D,Ambiente,Protocolo_2
Embalaje C,42.92,82.81,80.28,2.76,Normal,Origen C,Ambiente,Protocolo_1
Embalaje B,79.76,31.56,75.66,99.69,Normal,Origen A,Ambiente,Protocolo_2
Embalaje A,42.62,89.38,70.16,7.45,Normal,Origen C,Ambiente,Protocolo_1
Embalaje A,49.26,52.19,47.05,67.27,Normal,Origen A,Ambiente,Protocolo_1
Embalaje A,95.06,38.1,43.21,71.96,Normal,Origen C,Ambiente,Protocolo_1
Embalaje B,15.99,46.78,98.42,18.16,Frágil,Origen C,Ambiente,Protocolo_2
Embalaje C,85.18,44.14,48.59,35.67,Frágil,Origen C,Ambiente,Protocolo_2
Embalaje B,61.67,56.0,55.8,30.58,Normal,Origen C,Ambiente,Protocolo_1
Embalaje B,82.67,15.7,70.21,65.67,Normal,Origen D,Refrigerado,Protocolo_1
Embalaje A,66.16,29.9,5.94,22.81,Normal,Origen B,Ambiente,Protocolo_1
Embalaje C,16.26,81.9,98.36,98.81,Normal,Origen A,Ambiente,Protocolo_2
Embalaje A,44.75,41.03,26.39,15.06,Frágil,Origen D,Ambiente,Protocolo_2
Embalaje B,76.99,67.3,49.4,56.93,Normal,Origen A,Ambiente,Protocolo_1
Embalaje C,79.89,86.15,44.52,87.3,Frágil,Origen A,Ambiente,Protocolo_2
Embalaje C,66.95,99.47,39.92,66.79,Normal,Origen B,Ambiente,Protocolo_1
Embalaje B,9.0,94.97,37.84,50.99,Normal,Origen D,Ambiente,Protocolo_1
Embalaje C,14.69,21.04,67.41,32.59,Normal,Origen D,Refrigerado,Protocolo_1
Embalaje C,20.73,51.88,73.41,37.58,Frágil,Origen C,Refrigerado,Protocolo_2
Embalaje C,73.75,8.55,11.85,14.68,Normal,Origen C,Refrigerado,Protocolo_1
Embalaje A,90.43,52.51,80.31,26.81,Normal,Origen C,Ambiente,Protocolo_1
Embalaje B,91.0,36.86,52.81,5.8,Normal,Origen A,Ambiente,Protocolo_1
Embalaje C,23.27,5.17,58.49,81.29,Normal,Origen A,Ambiente,Protocolo_2
Embalaje A,14.17,8.87,26.4,71.65,Frágil,Origen C,Refrigerado,Protocolo_2
Embalaje B,74.68,80.81,62.53,63.37,Normal,Origen C,Ambiente,Protocolo_1
Embalaje C,70.65,48.53,92.57,43.2,Normal,Origen C,Ambiente,Protocolo_1
Embalaje B,30.71,86.59,89.99,13.45,Normal,Origen D,Ambiente,Protocolo_1
Embalaje A,29.97,82.87,34.56,66.57,Normal,Origen C,Ambiente,Protocolo_1
Embalaje B,30.45,18.34,56.48,90.99,Normal,Origen C,Ambiente,Protocolo_2
Embalaje C,66.81,6.37,35.58,74.66,Normal,Origen A,Ambiente,Protocolo_1
Embalaje A,27.38,27.07,10.66,59.37,Normal,Origen D,Refrigerado,Protocolo_1
Embalaje B,75.75,91.12,30.96,9.37,Normal,Origen C,Ambiente,Protocolo_1
Embalaje B,43.01,69.08,73.59,13.99,Normal,Origen A,Ambiente,Protocolo_1
Embalaje B,58.34,14.38,15.96,4.92,Normal,Origen D,Ambiente,Protocolo_1
Embalaje B,93.28,35.12,64.58,27.4,Normal,Origen C,Ambiente,Protocolo_1
Embalaje C,91.51,86.29,99.55,7.39,Normal,Origen D,Refrigerado,Protocolo_1
Embalaje C,50.21,34.86,41.4,48.86,Normal,Origen D,Ambiente,Protocolo_1
Embalaje A,23.57,99.76,90.42,53.05,Normal,Origen A,Ambiente,Protocolo_1
Embalaje B,16.46,47.38,9.19,29.63,Normal,Origen D,Ambiente,Protocolo_1
Embalaje B,31.61,60.48,7.54,5.15,Normal,Origen D,Ambiente,Protocolo_1
Embalaje B,6.73,99.48,8.58,46.11,Normal,Origen A,Ambiente,Protocolo_1
Embalaje C,92.78,12.66,29.61,82.17,Normal,Origen B,Ambiente,Protocolo_2
Embalaje C,66.33,5.77,93.1,1.03,Normal,Origen A,Ambiente,Protocolo_1
Embalaje B,93.87,65.87,42.27,25.04,Normal,Origen D,Ambiente,Protocolo_1
Embalaje B,22.68,11.36,15.28,20.2,Normal,Origen B,Ambiente,Protocolo_1
Embalaje A,51.62,7.47,82.41,96.83,Normal,Origen A,Ambiente,Protocolo_2
Embalaje B,25.42,48.86,44.25,80.3,Normal,Origen D,Ambiente,Protocolo_2
Embalaje A,67.69,33.19,12.83,7.16,Normal,Origen C,Ambiente,Protocolo_1
Embalaje C,44.32,83.36,21.88,45.82,Normal,Origen B,Ambiente,Protocolo_1
Embalaje C,67.45,76.88,54.44,35.26,Frágil,Origen D,Ambiente,Protocolo_2
Embalaje B,56.27,20.48,6.17,83.0,Normal,Origen C,Ambiente,Protocolo_2
Embalaje B,63.52,30.8,92.12,52.84,Normal,Origen B,Ambiente,Protocolo_1
Embalaje B,49.45,76.31,99.74,29.18,Normal,Origen A,Ambiente,Protocolo_1
Embalaje B,13.02,23.69,8.24,82.41,Normal,Origen A,Ambiente,Protocolo_2
Embalaje A,21.28,7.91,22.95,26.86,Normal,Origen B,Ambiente,Protocolo_1
Embalaje A,63.36,72.85,27.21,4.35,Frágil,Origen C,Ambiente,Protocolo_2
Embalaje C,25.66,77.74,8.72,30.31,Frágil,Origen B,Ambiente,Protocolo_2
Embalaje B,41.36,78.22,31.26,5.16,Normal,Origen D,Refrigerado,Protocolo_1
Embalaje A,21.24,56.09,38.63,68.88,Normal,Origen C,Ambiente,Protocolo_1
Embalaje A,64.83,44.45,91.62,42.95,Normal,Origen B,Ambiente,Protocolo_1
Embalaje A,18.73,89.76,98.3,48.68,Normal,Origen D,Ambiente,Protocolo_1
Embalaje B,53.51,54.9,43.71,70.8,Normal,Origen D,Ambiente,Protocolo_1
Embalaje B,34.97,75.94,63.56,8.01,Normal,Origen D,Ambiente,Protocolo_1
Embalaje A,7.4,20.79,73.33,14.65,Frágil,Origen A,Ambiente,Protocolo_2
Embalaje A,53.24,26.63,97.12,74.48,Normal,Origen D,Ambiente,Protocolo_1
Embalaje B,60.97,5.97,40.17,20.16,Normal,Origen D,Ambiente,Protocolo_1
Embalaje C,69.01,70.63,17.54,39.1,Frágil,Origen D,Ambiente,Protocolo_2
Embalaje C,51.77,55.72,79.44,20.41,Frágil,Origen D,Ambiente,Protocolo_2
Embalaje B,74.23,85.68,75.11,83.19,Normal,Origen D,Ambiente,Protocolo_2
Embalaje A,42.66,6.84,35.84,68.26,Normal,Origen B,Ambiente,Protocolo_1
Embalaje C,77.58,59.85,81.68,13.88,Normal,Origen A,Ambiente,Protocolo_1
Embalaje A,67.93,33.2,71.27,42.06,Normal,Origen C,Ambiente,Protocolo_1
Embalaje C,30.04,60.53,58.89,33.37,Normal,Origen D,Ambiente,Protocolo_1
Embalaje A,74.55,29.55,46.61,92.8,Normal,Origen C,Ambiente,Protocolo_2
Embalaje A,84.1,23.53,99.68,73.3,Normal,Origen A,Ambiente,Protocolo_1
Embalaje B,20.56,16.33,18.72,5.59,Normal,Origen C,Ambiente,Protocolo_1
Embalaje C,81.56,97.7,64.79,96.81,Normal,Origen A,Ambiente,Protocolo_2
Embalaje A,5.05,91.44,84.96,83.24,Normal,Origen D,Ambiente,Protocolo_2
Embalaje C,92.59,78.34,18.03,81.52,Frágil,Origen A,Ambiente,Protocolo_2
Embalaje B,67.38,73.84,5.69,55.39,Normal,Origen D,Ambiente,Protocolo_1
Embalaje B,35.59,19.36,52.53,83.06,Normal,Origen D,Ambiente,Protocolo_2
Embalaje B,48.32,43.74,13.61,13.61,Normal,Origen D,Ambiente,Protocolo_1
Embalaje C,11.03,96.64,5.34,35.84,Normal,Origen B,Ambiente,Protocolo_1
Embalaje B,19.2,62.48,26.31,89.4,Normal,Origen A,Ambiente,Protocolo_2
Embalaje C,51.42,93.46,30.44,34.84,Normal,Origen B,Ambiente,Protocolo_1
Embalaje B,9.18,24.34,40.21,3.6,Normal,Origen A,Ambiente,Protocolo_1
Embalaje A,97.59,87.53,93.08,16.91,Normal,Origen C,Ambiente,Protocolo_1
Embalaje A,55.22,83.4,63.64,90.38,Normal,Origen D,Refrigerado,Protocolo_2
Embalaje C,62.08,57.87,48.81,60.49,Normal,Origen C,Ambiente,Protocolo_1
Embalaje C,50.83,86.93,89.78,92.03,Normal,Origen B,Ambiente,Protocolo_2
Embalaje A,43.43,10.16,52.93,52.72,Frágil,Origen A,Ambiente,Protocolo_2
Embalaje C,71.74,73.48,87.98,22.76,Normal,Origen C,Ambiente,Protocolo_1
Embalaje C,25.68,10.95,16.89,94.29,Normal,Origen D,Refrigerado,Protocolo_2
Embalaje C,82.89,57.56,75.1,15.19,Normal,Origen A,Ambiente,Protocolo_1
Embalaje A,50.44,45.71,70.9,14.88,Normal,Origen D,Ambiente,Protocolo_1
Embalaje A,11.86,84.68,70.89,70.57,Frágil,Origen D,Ambiente,Protocolo_2
Embalaje B,30.9,46.87,81.92,30.29,Normal,Origen D,Ambiente,Protocolo_1
Embalaje B,49.72,74.43,77.9,18.35,Normal,Origen B,Ambiente,Protocolo_1
Embalaje B,56.7,41.84,54.84,95.36,Normal,Origen A,Ambiente,Protocolo_2
Embalaje A,89.48,96.51,43.91,12.27,Frágil,Origen A,Refrigerado,Protocolo_2
Embalaje A,93.92,43.71,51.13,54.29,Frágil,Origen D,Ambiente,Protocolo_2
Embalaje A,55.73,29.57,17.32,52.22,Normal,Origen D,Ambiente,Protocolo_1
Embalaje A,11.48,40.34,47.29,76.3,Normal,Origen D,Ambiente,Protocolo_1
Embalaje A,83.64,23.51,78.97,51.84,Normal,Origen B,Ambiente,Protocolo_1
Embalaje C,92.83,15.19,75.66,78.96,Normal,Origen C,Ambiente,Protocolo_1
Embalaje C,40.78,50.72,22.64,53.19,Normal,Origen A,Ambiente,Protocolo_1
Embalaje B,74.88,62.86,14.8,65.79,Normal,Origen C,Ambiente,Protocolo_1
Embalaje A,80.24,12.78,51.51,54.02,Normal,Origen D,Ambiente,Protocolo_1
Embalaje A,33.06,71.22,42.24,90.5,Frágil,Origen D,Refrigerado,Protocolo_2
Embalaje A,20.51,16.85,96.21,48.38,Normal,Origen B,Ambiente,Protocolo_1
Embalaje B,66.09,47.5,93.15,63.15,Normal,Origen D,Ambiente,Protocolo_1
Embalaje B,31.67,22.04,48.75,22.48,Frágil,Origen B,Ambiente,Protocolo_2
Embalaje A,6.54,93.56,37.71,8.0,Normal,Origen C,Ambiente,Protocolo_1
Embalaje C,48.1,10.63,35.9,50.95,Normal,Origen B,Ambiente,Protocolo_1
Embalaje B,72.68,50.92,14.25,19.79,Frágil,Origen A,Ambiente,Protocolo_2
Embalaje B,22.88,77.62,83.81,64.91,Frágil,Origen B,Ambiente,Protocolo_2
Embalaje B,95.18,31.0,22.65,59.35,Normal,Origen D,Ambiente,Protocolo_1
Embalaje B,17.94,82.02,33.04,52.9,Normal,Origen D,Ambiente,Protocolo_1
Embalaje B,76.79,28.76,18.79,5.86,Normal,Origen B,Ambiente,Protocolo_1
Embalaje B,57.31,28.13,21.47,52.91,Normal,Origen D,Ambiente,Protocolo_1
Embalaje A,66.38,80.77,33.2,81.13,Normal,Origen A,Ambiente,Protocolo_2
Embalaje C,95.34,62.35,66.45,87.83,Frágil,Origen C,Ambiente,Protocolo_2
Embalaje C,61.43,22.24,94.69,75.07,Normal,Origen D,Ambiente,Protocolo_1
Embalaje A,12.57,21.18,11.07,13.89,Frágil,Origen B,Ambiente,Protocolo_2
Embalaje C,70.7,94.65,81.38,20.32,Normal,Origen A,Ambiente,Protocolo_1
Embalaje B,45.91,74.85,24.85,65.83,Frágil,Origen C,Ambiente,Protocolo_2
Embalaje A,41.65,63.89,71.01,41.22,Normal,Origen B,Ambiente,Protocolo_1
Embalaje A,34.24,93.75,19.49,60.14,Normal,Origen C,Ambiente,Protocolo_1
Embalaje A,27.75,48.47,64.02,52.88,Normal,Origen C,Ambiente,Protocolo_1
Embalaje B,67.03,43.82,98.96,74.81,Normal,Origen B,Refrigerado,Protocolo_1
Embalaje B,82.26,53.41,32.9,18.55,Normal,Origen C,Ambiente,Protocolo_1
Embalaje B,39.65,81.45,74.89,55.1,Normal,Origen C,Ambiente,Protocolo_1
Embalaje C,65.2,80.06,69.62,33.67,Normal,Origen A,Ambiente,Protocolo_1
Embalaje C,49.16,67.38,92.39,51.92,Normal,Origen C,Ambiente,Protocolo_1
Embalaje B,35.75,17.98,9.2,46.26,Normal,Origen D,Ambiente,Protocolo_1
Embalaje B,51.0,49.56,54.27,57.65,Normal,Origen A,Ambiente,Protocolo_1
Embalaje C,37.45,91.64,54.48,99.78,Normal,Origen B,Ambiente,Protocolo_2
Embalaje B,52.9,94.89,99.98,78.69,Normal,Origen B,Ambiente,Protocolo_1
Embalaje A,49.23,20.39,5.65,40.79,Frágil,Origen C,Ambiente,Protocolo_2
Embalaje A,44.06,5.86,39.7,47.11,Frágil,Origen D,Refrigerado,Protocolo_2
Embalaje B,22.92,92.16,56.54,64.86,Normal,Origen C,Refrigerado,Protocolo_1
Embalaje B,29.78,14.64,63.44,74.89,Frágil,Origen B,Ambiente,Protocolo_2
Embalaje C,26.47,14.46,16.04,41.75,Normal,Origen D,Ambiente,Protocolo_1
Embalaje B,26.78,78.2,23.89,81.18,Normal,Origen B,Ambiente,Protocolo_2
Embalaje C,15.89,25.52,37.28,65.68,Normal,Origen A,Ambiente,Protocolo_1
Embalaje B,17.77,6.56,13.54,40.82,Normal,Origen A,Refrigerado,Protocolo_1
Embalaje B,73.82,98.62,25.65,34.76,Normal,Origen D,Ambiente,Protocolo_1
Embalaje B,17.27,89.49,92.72,37.99,Normal,Origen C,Ambiente,Protocolo_1
Embalaje C,37.13,88.72,72.86,39.8,Normal,Origen D,Ambiente,Protocolo_1
Embalaje A,40.5,96.56,70.6,89.93,Normal,Origen C,Ambiente,Protocolo_2
Embalaje B,80.08,23.29,56.49,43.1,Normal,Origen B,Ambiente,Protocolo_1
Embalaje B,66.09,84.65,26.47,11.98,Normal,Origen C,Ambiente,Protocolo_1
Embalaje B,92.51,38.96,48.9,66.02,Frágil,Origen B,Ambiente,Protocolo_2
Embalaje B,25.07,96.11,47.56,97.06,Normal,Origen C,Ambiente,Protocolo_2
Embalaje A,86.23,98.65,42.29,23.89,Normal,Origen D,Ambiente,Protocolo_1
Embalaje A,31.5,17.0,93.25,51.41,Normal,Origen A,Ambiente,Protocolo_1
Embalaje C,61.93,32.11,85.84,32.32,Normal,Origen A,Ambiente,Protocolo_1
Embalaje C,71.31,42.64,79.23,72.74,Frágil,Origen D,Ambiente,Protocolo_2
Embalaje C,58.09,12.72,35.89,7.8,Normal,Origen B,Ambiente,Protocolo_1
Embalaje B,18.02,96.77,9.02,4.27,Normal,Origen A,Ambiente,Protocolo_1
Embalaje C,39.2,98.3,67.15,99.77,Normal,Origen D,Ambiente,Protocolo_2
Embalaje B,29.33,48.44,87.29,41.01,Normal,Origen A,Ambiente,Protocolo_1
Embalaje B,5.07,85.32,95.6,14.85,Normal,Origen B,Ambiente,Protocolo_1
Embalaje A,7.75,28.44,86.24,16.05,Normal,Origen C,Ambiente,Protocolo_1
Embalaje C,63.73,33.65,36.24,14.29,Frágil,Origen D,Ambiente,Protocolo_2
Embalaje A,65.07,94.82,22.93,83.19,Frágil,Origen A,Refrigerado,Protocolo_2
Embalaje A,73.95,61.3,83.87,85.22,Normal,Origen D,Refrigerado,Protocolo_2
Embalaje C,25.37,99.22,99.33,63.29,Normal,Origen D,Ambiente,Protocolo_1
Embalaje B,44.0,60.55,12.63,42.4,Normal,Origen D,Ambiente,Protocolo_1
Embalaje B,28.72,18.78,7.83,38.58,Normal,Origen B,Ambiente,Protocolo_1
Embalaje B,45.14,63.67,54.52,69.26,Normal,Origen C,Ambiente,Protocolo_1
Embalaje C,31.4,26.22,49.72,44.34,Frágil,Origen A,Ambiente,Protocolo_2
Embalaje B,23.98,84.26,67.36,69.54,Frágil,Origen D,Ambiente,Protocolo_2
Embalaje A,88.35,15.14,88.08,29.01,Normal,Origen C,Ambiente,Protocolo_1
Embalaje A,57.89,12.05,64.84,9.54,Normal,Origen D,Ambiente,Protocolo_1
Embalaje B,20.7,21.3,26.6,32.44,Normal,Origen D,Ambiente,Protocolo_1
Embalaje B,30.83,70.55,31.96,7.39,Normal,Origen C,Ambiente,Protocolo_1
Embalaje C,15.58,91.51,83.76,67.9,Normal,Origen C,Ambiente,Protocolo_1
Embalaje C,97.19,23.65,12.15,13.09,Normal,Origen B,Ambiente,Protocolo_1
Embalaje B,55.08,37.22,55.53,59.95,Frágil,Origen C,Ambiente,Protocolo_2
Embalaje B,48.95,88.09,28.19,29.91,Normal,Origen B,Ambiente,Protocolo_1
Embalaje B,40.36,72.23,31.33,99.06,Normal,Origen D,Ambiente,Protocolo_2
Embalaje C,64.17,87.85,40.62,11.64,Frágil,Origen B,Ambiente,Protocolo_2
Embalaje A,52.58,31.38,89.62,65.28,Normal,Origen D,Ambiente,Protocolo_1
Embalaje C,34.88,65.16,72.18,13.97,Normal,Origen D,Ambiente,Protocolo_1
Embalaje A,95.9,8.07,60.2,11.22,Normal,Origen A,Ambiente,Protocolo_1
Embalaje B,13.09,37.27,68.23,47.88,Normal,Origen C,Ambiente,Protocolo_1
Embalaje B,71.1,74.85,75.35,23.28,Normal,Origen D,Ambiente,Protocolo_1
Embalaje A,69.72,84.44,55.46,21.51,Normal,Origen C,Ambiente,Protocolo_1
Embalaje C,20.35,99.97,37.31,94.37,Normal,Origen B,Ambiente,Protocolo_2
Embalaje B,71.54,49.73,23.53,26.39,Normal,Origen A,Ambiente,Protocolo_1
Embalaje A,9.68,56.66,94.13,94.09,Normal,Origen A,Ambiente,Protocolo_2
Embalaje C,95.61,22.29,61.5,10.75,Normal,Origen B,Refrigerado,Protocolo_1
Embalaje A,74.49,92.3,32.39,86.17,Frágil,Origen A,Ambiente,Protocolo_2
Embalaje B,86.94,17.75,63.36,82.7,Normal,Origen B,Ambiente,Protocolo_2
Embalaje A,59.1,58.49,27.45,60.73,Normal,Origen A,Ambiente,Protocolo_1
Embalaje A,40.19,16.96,52.04,65.14,Normal,Origen C,Ambiente,Protocolo_1
Embalaje C,8.07,32.34,54.8,91.51,Normal,Origen A,Ambiente,Protocolo_2
Embalaje C,69.12,35.83,41.72,47.28,Normal,Origen C,Ambiente,Protocolo_1
Embalaje B,47.37,61.89,10.28,27.98,Normal,Origen A,Ambiente,Protocolo_1
Embalaje A,99.36,37.5,19.86,97.57,Normal,Origen C,Ambiente,Protocolo_2
Embalaje A,47.0,31.24,80.64,6.59,Normal,Origen B,Ambiente,Protocolo_1
Embalaje B,56.59,13.97,43.72,84.12,Frágil,Origen A,Ambiente,Protocolo_2
Embalaje C,69.53,52.04,32.14,97.84,Normal,Origen A,Ambiente,Protocolo_2
Embalaje C,9.86,72.1,84.62,10.97,Normal,Origen D,Ambiente,Protocolo_1
Embalaje A,26.88,12.1,16.43,29.17,Normal,Origen C,Ambiente,Protocolo_1
Embalaje B,8.35,70.91,49.4,96.34,Normal,Origen C,Ambiente,Protocolo_2
Embalaje C,21.44,30.09,17.04,74.72,Normal,Origen B,Ambiente,Protocolo_1
Embalaje A,62.97,34.34,54.13,32.03,Normal,Origen B,Ambiente,Protocolo_1
Embalaje B,62.32,38.04,98.85,29.38,Normal,Origen A,Ambiente,Protocolo_1
Embalaje B,6.8,90.53,26.3,10.14,Frágil,Origen B,Ambiente,Protocolo_2
Embalaje B,22.82,31.13,21.9,64.34,Normal,Origen C,Ambiente,Protocolo_1
Embalaje B,92.55,48.65,42.25,94.63,Normal,Origen B,Ambiente,Protocolo_2
Embalaje C,76.2,36.74,79.55,86.56,Frágil,Origen B,Ambiente,Protocolo_2
Embalaje B,59.63,78.95,10.03,96.51,Normal,Origen C,Refrigerado,Protocolo_2
Embalaje C,79.71,50.06,81.8,17.75,Frágil,Origen C,Ambiente,Protocolo_2
Embalaje B,40.06,64.4,53.24,3.74,Normal,Origen C,Ambiente,Protocolo_1
Embalaje B,76.55,33.8,49.61,62.25,Normal,Origen D,Ambiente,Protocolo_1
Embalaje B,92.48,41.07,99.45,69.55,Normal,Origen D,Refrigerado,Protocolo_1
Embalaje B,92.76,14.2,86.59,42.7,Normal,Origen A,Ambiente,Protocolo_1
Embalaje C,92.89,40.21,53.8,25.15,Frágil,Origen A,Ambiente,Protocolo_2
Embalaje C,25.27,9.01,29.68,56.74,Normal,Origen C,Ambiente,Protocolo_1
Embalaje C,67.18,71.7,63.61,29.76,Normal,Origen C,Ambiente,Protocolo_1
Embalaje A,72.57,75.82,33.13,68.22,Normal,Origen B,Ambiente,Protocolo_1
Embalaje B,66.79,78.57,98.84,73.21,Normal,Origen A,Ambiente,Protocolo_1
Embalaje B,58.77,22.88,96.09,57.03,Normal,Origen D,Ambiente,Protocolo_1
Embalaje B,43.52,83.87,83.65,87.25,Normal,Origen D,Ambiente,Protocolo_2
Embalaje A,91.12,29.48,22.78,10.19,Normal,Origen A,Refrigerado,Protocolo_1
Embalaje C,33.81,64.7,24.17,12.82,Frágil,Origen A,Ambiente,Protocolo_2
Embalaje A,45.78,29.48,68.48,12.11,Normal,Origen C,Ambiente,Protocolo_1
Embalaje B,67.0,96.88,62.22,34.1,Normal,Origen D,Ambiente,Protocolo_1
Embalaje B,42.54,5.16,70.39,41.34,Normal,Origen C,Ambiente,Protocolo_1
Embalaje C,22.98,28.5,77.33,40.39,Normal,Origen B,Ambiente,Protocolo_1
Embalaje A,68.94,39.42,95.41,80.76,Normal,Origen C,Ambiente,Protocolo_2
Embalaje C,41.4,6.47,75.51,62.84,Normal,Origen B,Ambiente,Protocolo_1
Embalaje B,83.63,98.69,35.78,72.19,Normal,Origen D,Ambiente,Protocolo_1
Embalaje C,29.24,56.04,60.84,96.65,Normal,Origen A,Ambiente,Protocolo_2
Embalaje A,88.43,7.28,51.13,25.58,Frágil,Origen C,Ambiente,Protocolo_2
Embalaje C,70.02,32.73,25.05,71.78,Normal,Origen D,Refrigerado,Protocolo_1
Embalaje A,65.8,50.87,28.25,84.08,Normal,Origen D,Ambiente,Protocolo_2
Embalaje A,40.95,14.88,29.98,19.17,Normal,Origen D,Ambiente,Protocolo_1
Embalaje A,96.71,50.35,89.41,23.11,Normal,Origen C,Ambiente,Protocolo_1
Embalaje C,59.91,71.71,31.31,66.52,Frágil,Origen A,Ambiente,Protocolo_2
Embalaje B,57.33,57.74,69.57,28.43,Normal,Origen C,Ambiente,Protocolo_1
Embalaje A,90.71,23.81,40.01,58.15,Normal,Origen A,Ambiente,Protocolo_1
Embalaje B,18.55,67.93,28.29,28.82,Normal,Origen A,Ambiente,Protocolo_1
Embalaje B,70.63,55.89,60.19,14.04,Normal,Origen B,Ambiente,Protocolo_1
Embalaje C,58.87,27.17,63.63,85.6,Normal,Origen B,Ambiente,Protocolo_2
Embalaje A,85.58,12.39,7.06,65.35,Normal,Origen A,Ambiente,Protocolo_1
Embalaje C,5.12,37.28,85.5,95.92,Normal,Origen B,Ambiente,Protocolo_2
Embalaje B,13.8,85.04,39.67,63.75,Normal,Origen B,Ambiente,Protocolo_1
Embalaje C,8.7,59.65,45.51,1.62,Normal,Origen B,Ambiente,Protocolo_1
Embalaje B,62.7,62.65,87.27,93.66,Normal,Origen A,Ambiente,Protocolo_2
Embalaje B,76.6,19.3,44.38,87.98,Frágil,Origen A,Ambiente,Protocolo_2
Embalaje A,41.92,30.65,7.91,54.19,Normal,Origen C,Ambiente,Protocolo_1
Embalaje A,33.79,82.28,68.98,50.37,Normal,Origen D,Ambiente,Protocolo_1
Embalaje B,71.46,60.02,28.09,67.94,Normal,Origen A,Ambiente,Protocolo_1
Embalaje A,74.59,10.82,56.41,36.15,Normal,Origen A,Ambiente,Protocolo_1
Embalaje B,86.68,24.4,58.29,12.66,Frágil,Origen B,Ambiente,Protocolo_2
Embalaje C,10.71,21.06,47.49,66.26,Normal,Origen D,Ambiente,Protocolo_1
Embalaje C,75.85,95.77,65.02,49.05,Normal,Origen B,Ambiente,Protocolo_1
Embalaje A,56.02,45.4,90.32,22.8,Normal,Origen B,Ambiente,Protocolo_1
Embalaje A,5.17,29.23,48.67,17.33,Normal,Origen D,Ambiente,Protocolo_1
Embalaje A,20.21,16.28,61.07,13.42,Normal,Origen B,Ambiente,Protocolo_1
Embalaje C,60.61,81.23,12.41,1.67,Normal,Origen C,Ambiente,Protocolo_1
Embalaje A,15.79,51.67,56.62,68.81,Frágil,Origen A,Ambiente,Protocolo_2
Embalaje C,91.41,77.56,92.29,44.52,Normal,Origen B,Ambiente,Protocolo_1
Embalaje B,65.54,77.28,60.6,12.14,Normal,Origen D,Refrigerado,Protocolo_1
Embalaje C,27.73,34.2,65.33,91.15,Frágil,Origen B,Ambiente,Protocolo_2
Embalaje C,26.36,53.4,64.72,29.7,Normal,Origen A,Ambiente,Protocolo_1
Embalaje C,35.85,74.03,49.48,28.68,Normal,Origen A,Ambiente,Protocolo_1
Embalaje A,9.92,38.12,87.87,50.85,Normal,Origen A,Ambiente,Protocolo_1
Embalaje A,49.56,8.77,26.54,46.88,Normal,Origen B,Ambiente,Protocolo_1
Embalaje C,65.22,73.25,96.58,45.18,Normal,Origen C,Ambiente,Protocolo_1
Embalaje B,7.77,26.44,97.31,51.99,Normal,Origen B,Ambiente,Protocolo_1
Embalaje A,87.39,93.89,46.61,29.96,Normal,Origen A,Ambiente,Protocolo_1
Embalaje A,54.63,55.5,9.19,67.29,Normal,Origen B,Ambiente,Protocolo_1
Embalaje A,94.25,40.11,61.83,36.7,Normal,Origen B,Ambiente,Protocolo_1
Embalaje C,87.47,33.51,81.41,13.24,Normal,Origen B,Ambiente,Protocolo_1
Embalaje C,82.87,27.9,94.79,46.49,Normal,Origen C,Ambiente,Protocolo_1
Embalaje A,89.07,94.18,62.69,91.91,Frágil,Origen C,Ambiente,Protocolo_2
Embalaje C,42.24,48.79,85.01,3.8,Normal,Origen A,Ambiente,Protocolo_1
Embalaje B,41.98,29.18,58.94,23.6,Normal,Origen B,Ambiente,Protocolo_1
Embalaje C,14.04,46.07,22.72,78.57,Normal,Origen C,Ambiente,Protocolo_1
Embalaje B,75.38,42.27,51.02,55.95,Normal,Origen B,Ambiente,Protocolo_1
Embalaje C,58.24,34.52,43.38,95.45,Normal,Origen A,Ambiente,Protocolo_2
Embalaje A,96.42,44.95,47.55,53.28,Normal,Origen A,Ambiente,Protocolo_1
Embalaje A,77.88,11.76,41.08,95.05,Normal,Origen D,Ambiente,Protocolo_2
Embalaje B,69.84,76.87,60.08,98.12,Frágil,Origen A,Ambiente,Protocolo_2
Embalaje A,67.75,81.03,83.3,15.77,Frágil,Origen D,Ambiente,Protocolo_2
Embalaje B,82.08,25.44,42.42,6.78,Normal,Origen D,Refrigerado,Protocolo_1
Embalaje B,11.57,12.86,24.65,55.95,Normal,Origen C,Ambiente,Protocolo_1
Embalaje C,31.37,63.4,36.49,48.15,Normal,Origen A,Ambiente,Protocolo_1
Embalaje B,73.93,91.81,97.42,80.34,Frágil,Origen C,Refrigerado,Protocolo_2
Embalaje C,33.66,14.91,13.52,74.59,Normal,Origen B,Ambiente,Protocolo_1
Embalaje A,39.92,29.16,50.78,92.5,Frágil,Origen A,Ambiente,Protocolo_2
Embalaje B,27.81,99.39,85.53,92.22,Normal,Origen B,Ambiente,Protocolo_2
Embalaje C,91.6,39.16,92.66,20.52,Normal,Origen B,Ambiente,Protocolo_1
Embalaje A,63.64,95.66,53.3,24.55,Normal,Origen A,Ambiente,Protocolo_1
Embalaje C,54.54,95.89,54.57,93.67,Normal,Origen B,Ambiente,Protocolo_2
Embalaje C,36.88,47.08,71.73,95.96,Normal,Origen C,Ambiente,Protocolo_2
Embalaje B,32.33,41.49,40.08,62.57,Normal,Origen B,Ambiente,Protocolo_1
Embalaje C,25.39,44.51,45.95,15.5,Normal,Origen C,Ambiente,Protocolo_1
Embalaje B,5.31,6.33,40.42,91.13,Normal,Origen C,Ambiente,Protocolo_2
Embalaje B,21.24,88.77,10.8,56.66,Frágil,Origen A,Ambiente,Protocolo_2
Embalaje C,22.84,67.58,57.0,68.13,Normal,Origen C,Ambiente,Protocolo_1
Embalaje C,71.2,54.02,54.91,99.55,Normal,Origen B,Ambiente,Protocolo_2
Embalaje A,34.38,25.87,51.05,98.2,Normal,Origen B,Ambiente,Protocolo_2
Embalaje B,9.47,16.18,40.02,16.92,Normal,Origen B,Ambiente,Protocolo_1
Embalaje C,72.36,77.33,94.58,15.62,Frágil,Origen B,Ambiente,Protocolo_2
Embalaje C,81.49,75.5,67.36,2.82,Normal,Origen D,Ambiente,Protocolo_1
Embalaje A,57.3,11.2,90.3,64.38,Frágil,Origen D,Ambiente,Protocolo_2
Embalaje A,24.2,42.06,25.79,69.63,Normal,Origen A,Refrigerado,Protocolo_1
Embalaje B,54.78,55.09,19.99,26.12,Normal,Origen D,Ambiente,Protocolo_1
Embalaje C,27.33,27.37,35.63,53.97,Frágil,Origen A,Ambiente,Protocolo_2
Embalaje C,15.21,10.61,11.1,43.61,Normal,Origen D,Ambiente,Protocolo_1
Embalaje C,32.11,12.61,68.94,41.63,Normal,Origen A,Refrigerado,Protocolo_1
Embalaje A,75.6,58.16,68.27,77.38,Frágil,Origen B,Refrigerado,Protocolo_2
Embalaje B,80.82,96.09,22.47,12.23,Normal,Origen B,Ambiente,Protocolo_1
Embalaje B,5.58,69.41,72.41,52.14,Normal,Origen B,Ambiente,Protocolo_1
Embalaje C,30.3,69.4,5.54,51.01,Normal,Origen D,Ambiente,Protocolo_1
Embalaje B,47.19,21.24,75.09,19.16,Normal,Origen B,Refrigerado,Protocolo_1
Embalaje A,83.4,90.4,54.69,91.05,Normal,Origen C,Ambiente,Protocolo_2
Embalaje C,75.66,47.14,79.88,91.68,Normal,Origen C,Ambiente,Protocolo_2
Embalaje C,7.37,30.0,35.55,42.16,Normal,Origen B,Ambiente,Protocolo_1
Embalaje C,52.08,36.42,74.32,67.62,Normal,Origen B,Ambiente,Protocolo_1
Embalaje B,98.48,41.58,56.13,68.16,Normal,Origen A,Ambiente,Protocolo_1
Embalaje A,21.96,66.92,94.09,83.49,Frágil,Origen A,Ambiente,Protocolo_2
Embalaje C,42.91,61.6,66.61,32.44,Normal,Origen B,Ambiente,Protocolo_1
Embalaje A,17.27,31.74,38.18,38.81,Normal,Origen B,Ambiente,Protocolo_1
Embalaje A,98.48,72.7,95.78,50.94,Frágil,Origen B,Ambiente,Protocolo_2
Embalaje A,12.54,90.12,53.93,62.35,Normal,Origen B,Ambiente,Protocolo_1
Embalaje C,92.71,57.24,55.86,2.9,Normal,Origen C,Ambiente,Protocolo_1
Embalaje B,9.41,72.64,29.54,25.87,Normal,Origen C,Ambiente,Protocolo_1
Embalaje C,21.19,32.3,50.76,83.58,Normal,Origen B,Ambiente,Protocolo_2
Embalaje C,68.0,69.5,39.63,85.52,Normal,Origen D,Ambiente,Protocolo_2
Embalaje A,35.04,92.75,31.2,90.5,Frágil,Origen B,Ambiente,Protocolo_2
Embalaje C,70.22,94.26,52.26,80.62,Normal,Origen D,Ambiente,Protocolo_2
Embalaje C,47.92,10.09,57.34,4.09,Normal,Origen D,Ambiente,Protocolo_1
Embalaje C,78.6,97.87,22.24,90.71,Normal,Origen D,Ambiente,Protocolo_2
Embalaje A,18.86,95.6,85.68,4.97,Normal,Origen C,Ambiente,Protocolo_1
Embalaje C,22.65,73.84,15.62,76.78,Normal,Origen C,Ambiente,Protocolo_1
Embalaje B,81.43,15.27,41.6,1.43,Normal,Origen D,Ambiente,Protocolo_1
Embalaje A,71.69,18.48,61.44,34.08,Normal,Origen D,Ambiente,Protocolo_1
Embalaje B,14.74,16.77,58.65,26.14,Normal,Origen A,Ambiente,Protocolo_1
Embalaje B,26.49,30.45,11.66,82.3,Normal,Origen D,Ambiente,Protocolo_2
Embalaje A,83.75,54.51,61.23,8.39,Normal,Origen A,Ambiente,Protocolo_1
Embalaje B,29.67,40.14,43.29,24.16,Frágil,Origen B,Ambiente,Protocolo_2
Embalaje C,32.76,47.85,99.88,1.93,Normal,Origen D,Ambiente,Protocolo_1
Embalaje A,26.19,88.86,60.09,58.33,Normal,Origen A,Refrigerado,Protocolo_1
Embalaje C,84.94,17.94,34.7,22.01,Normal,Origen A,Ambiente,Protocolo_1
Embalaje B,24.17,14.71,11.28,14.42,Normal,Origen B,Ambiente,Protocolo_1
Embalaje C,81.47,16.26,6.23,15.68,Normal,Origen A,Ambiente,Protocolo_1
Embalaje B,78.32,70.56,40.41,33.69,Normal,Origen C,Refrigerado,Protocolo_1
Embalaje B,93.99,39.07,79.47,50.14,Normal,Origen A,Ambiente,Protocolo_1
Embalaje C,38.45,47.9,40.22,72.41,Normal,Origen B,Ambiente,Protocolo_1
Embalaje B,98.3,14.89,80.43,78.93,Normal,Origen D,Ambiente,Protocolo_1
Embalaje C,71.71,42.38,66.56,59.65,Normal,Origen B,Ambiente,Protocolo_1
Embalaje A,76.95,54.71,16.49,4.08,Frágil,Origen D,Ambiente,Protocolo_2
Embalaje A,73.54,89.02,51.05,81.69,Normal,Origen A,Ambiente,Protocolo_2
Embalaje A,21.31,28.32,10.52,39.72,Normal,Origen D,Ambiente,Protocolo_1
Embalaje B,86.24,6.87,55.48,43.01,Normal,Origen B,Refrigerado,Protocolo_1
Embalaje C,13.61,71.46,15.74,43.37,Normal,Origen A,Ambiente,Protocolo_1
Embalaje A,53.18,73.3,66.22,76.4,Normal,Origen D,Refrigerado,Protocolo_1
Embalaje A,34.36,14.82,20.88,35.7,Normal,Origen C,Ambiente,Protocolo_1
Embalaje B,68.66,69.6,97.53,45.16,Normal,Origen A,Ambiente,Protocolo_1
Embalaje B,20.13,50.15,57.3,56.72,Normal,Origen B,Ambiente,Protocolo_1
Embalaje C,83.13,62.37,15.56,72.32,Normal,Origen B,Ambiente,Protocolo_1
Embalaje A,48.93,83.29,19.34,9.21,Normal,Origen C,Ambiente,Protocolo_1
Embalaje A,96.68,56.47,71.74,83.15,Normal,Origen D,Ambiente,Protocolo_2
Embalaje C,92.57,97.97,54.33,72.81,Normal,Origen B,Ambiente,Protocolo_1
Embalaje A,76.89,43.75,60.37,77.84,Frágil,Origen C,Ambiente,Protocolo_2
Embalaje C,67.31,41.86,6.25,47.1,Normal,Origen C,Ambiente,Protocolo_1
Embalaje B,16.98,55.33,45.03,34.7,Normal,Origen D,Ambiente,Protocolo_1
Embalaje A,25.95,77.96,30.64,32.76,Normal,Origen C,Ambiente,Protocolo_1
Embalaje B,79.51,6.31,95.79,15.22,Normal,Origen B,Ambiente,Protocolo_1
Embalaje A,37.72,49.86,43.16,28.37,Normal,Origen C,Ambiente,Protocolo_1
Embalaje B,82.41,26.82,42.26,50.79,Normal,Origen C,Ambiente,Protocolo_1
Embalaje A,68.37,33.57,10.0,22.17,Normal,Origen A,Ambiente,Protocolo_1
Embalaje C,31.6,60.93,80.74,75.61,Frágil,Origen A,Ambiente,Protocolo_2
Embalaje C,29.47,67.01,91.18,16.52,Normal,Origen C,Refrigerado,Protocolo_1
Embalaje C,45.4,63.89,47.19,76.94,Normal,Origen D,Ambiente,Protocolo_1
Embalaje C,35.84,74.87,56.4,85.49,Normal,Origen D,Ambiente,Protocolo_2
Embalaje C,51.31,66.39,48.68,84.03,Normal,Origen B,Ambiente,Protocolo_2
Embalaje C,45.45,41.19,8.87,84.33,Frágil,Origen D,Refrigerado,Protocolo_2
Embalaje C,5.04,40.07,76.32,15.8,Normal,Origen C,Ambiente,Protocolo_1
Embalaje C,50.9,8.03,80.26,35.92,Normal,Origen A,Ambiente,Protocolo_1
Embalaje B,90.54,70.77,54.3,19.05,Frágil,Origen A,Ambiente,Protocolo_2
Embalaje A,66.61,54.06,42.48,30.14,Normal,Origen A,Ambiente,Protocolo_1
Embalaje A,5.7,36.6,35.92,87.42,Normal,Origen A,Ambiente,Protocolo_2
Embalaje A,47.04,87.97,77.35,52.44,Normal,Origen A,Ambiente,Protocolo_1
Embalaje C,31.5,82.65,18.6,9.08,Frágil,Origen D,Ambiente,Protocolo_2
Embalaje B,86.53,10.71,46.83,86.2,Normal,Origen D,Ambiente,Protocolo_2
Embalaje B,5.07,75.66,74.44,49.09,Normal,Origen C,Ambiente,Protocolo_1
Embalaje B,88.84,36.57,11.49,2.15,Normal,Origen C,Ambiente,Protocolo_1
Embalaje C,83.5,12.58,52.21,41.35,Normal,Origen D,Ambiente,Protocolo_1
Embalaje B,8.12,13.07,62.97,62.23,Normal,Origen C,Ambiente,Protocolo_1
Embalaje A,15.94,14.17,81.59,87.14,Normal,Origen B,Ambiente,Protocolo_2
Embalaje A,70.42,11.68,41.91,16.55,Normal,Origen B,Ambiente,Protocolo_1
Embalaje A,70.95,44.43,44.42,16.39,Normal,Origen A,Ambiente,Protocolo_1
Embalaje B,13.71,84.93,47.05,87.38,Normal,Origen C,Ambiente,Protocolo_2
Embalaje C,54.22,57.35,48.88,91.82,Normal,Origen A,Ambiente,Protocolo_2
Embalaje B,98.51,97.95,58.44,79.06,Normal,Origen D,Ambiente,Protocolo_1
Embalaje B,29.02,88.75,66.06,33.7,Normal,Origen C,Ambiente,Protocolo_1
Embalaje B,29.12,75.82,46.01,69.78,Normal,Origen A,Ambiente,Protocolo_1
Embalaje B,39.52,19.22,62.25,95.45,Normal,Origen C,Ambiente,Protocolo_2
Embalaje A,88.33,45.69,26.17,21.7,Normal,Origen A,Ambiente,Protocolo_1
Embalaje A,25.48,97.68,8.29,43.33,Normal,Origen B,Ambiente,Protocolo_1
Embalaje C,52.83,68.32,10.85,79.08,Frágil,Origen A,Ambiente,Protocolo_2
Embalaje C,85.76,59.68,97.5,99.6,Normal,Origen A,Ambiente,Protocolo_2
Embalaje C,88.83,24.02,46.84,94.11,Normal,Origen B,Ambiente,Protocolo_2
Embalaje B,16.48,18.27,41.5,77.33,Normal,Origen A,Refrigerado,Protocolo_1
Embalaje B,49.94,73.18,44.83,90.58,Normal,Origen B,Ambiente,Protocolo_2
Embalaje C,15.85,7.4,60.42,67.56,Normal,Origen D,Ambiente,Protocolo_1
Embalaje C,25.59,19.72,78.37,53.17,Normal,Origen C,Ambiente,Protocolo_1
Embalaje A,83.79,58.07,53.83,96.67,Normal,Origen C,Ambiente,Protocolo_2
Embalaje C,27.04,84.34,94.98,58.48,Normal,Origen A,Ambiente,Protocolo_1
Embalaje A,63.79,39.12,87.12,56.3,Normal,Origen A,Ambiente,Protocolo_1
Embalaje C,98.1,97.63,86.9,82.11,Normal,Origen C,Ambiente,Protocolo_2
Embalaje A,20.53,99.62,54.6,77.1,Normal,Origen D,Ambiente,Protocolo_1
Embalaje C,18.36,49.66,99.86,8.3,Frágil,Origen B,Refrigerado,Protocolo_2
Embalaje A,67.53,51.44,94.06,14.9,Normal,Origen C,Ambiente,Protocolo_1
Embalaje A,89.41,41.01,81.17,59.03,Frágil,Origen B,Ambiente,Protocolo_2
Embalaje B,29.5,66.8,88.87,14.97,Normal,Origen B,Ambiente,Protocolo_1
Embalaje C,91.44,83.18,78.71,80.3,Frágil,Origen C,Ambiente,Protocolo_2
Embalaje C,9.72,7.05,45.01,6.75,Normal,Origen C,Ambiente,Protocolo_1
Embalaje B,52.99,68.0,13.33,8.89,Normal,Origen A,Ambiente,Protocolo_1
Embalaje B,64.84,27.92,98.64,63.19,Normal,Origen D,Ambiente,Protocolo_1
Embalaje A,84.71,32.74,88.48,61.15,Normal,Origen B,Ambiente,Protocolo_1
Embalaje C,13.65,27.71,61.8,85.23,Normal,Origen D,Ambiente,Protocolo_2
Embalaje B,15.29,84.48,43.81,72.72,Normal,Origen A,Ambiente,Protocolo_1
Embalaje B,49.25,79.58,29.21,23.65,Normal,Origen A,Ambiente,Protocolo_1
Embalaje C,91.74,57.31,5.57,97.19,Frágil,Origen A,Ambiente,Protocolo_2
Embalaje C,83.07,58.13,20.72,12.16,Normal,Origen D,Ambiente,Protocolo_1
Embalaje A,61.68,59.57,71.45,1.36,Normal,Origen C,Ambiente,Protocolo_1
Embalaje B,89.93,26.14,52.59,33.16,Normal,Origen A,Ambiente,Protocolo_1
Embalaje A,40.1,81.69,16.15,7.92,Normal,Origen D,Ambiente,Protocolo_1
Embalaje B,95.29,44.72,40.89,19.22,Normal,Origen B,Refrigerado,Protocolo_1
Embalaje B,59.09,26.73,98.28,97.26,Normal,Origen C,Ambiente,Protocolo_2
Embalaje A,12.01,94.44,37.72,70.15,Frágil,Origen A,Ambiente,Protocolo_2
Embalaje A,7.5,82.77,78.61,7.14,Normal,Origen C,Refrigerado,Protocolo_1
Embalaje A,85.65,39.82,49.12,96.99,Normal,Origen D,Refrigerado,Protocolo_2
Embalaje A,22.32,93.25,9.2,71.05,Frágil,Origen D,Ambiente,Protocolo_2
Embalaje B,72.56,66.84,7.82,47.93,Normal,Origen B,Ambiente,Protocolo_1
Embalaje B,36.41,38.76,99.66,60.87,Frágil,Origen D,Ambiente,Protocolo_2
Embalaje B,68.85,13.98,98.23,71.15,Frágil,Origen D,Ambiente,Protocolo_2
Embalaje C,27.48,25.5,24.95,53.03,Normal,Origen A,Ambiente,Protocolo_1
Embalaje C,59.49,62.86,21.48,12.09,Normal,Origen B,Ambiente,Protocolo_1
Embalaje A,27.32,99.97,28.8,67.61,Normal,Origen D,Ambiente,Protocolo_1
Embalaje C,87.87,12.63,17.81,98.09,Normal,Origen D,Refrigerado,Protocolo_2
Embalaje B,62.47,69.86,92.07,68.33,Normal,Origen A,Ambiente,Protocolo_1
Embalaje A,50.91,29.51,57.6,58.35,Normal,Origen D,Ambiente,Protocolo_1
Embalaje C,18.89,69.55,87.91,21.98,Normal,Origen C,Ambiente,Protocolo_1
Embalaje B,41.88,48.52,97.31,27.49,Normal,Origen D,Ambiente,Protocolo_1
Embalaje A,46.12,62.94,21.03,81.12,Normal,Origen D,Ambiente,Protocolo_2
Embalaje C,30.45,31.93,9.79,61.05,Normal,Origen B,Ambiente,Protocolo_1
Embalaje A,65.65,92.47,90.09,29.69,Normal,Origen B,Ambiente,Protocolo_1
Embalaje C,32.17,41.7,63.64,25.22,Frágil,Origen A,Refrigerado,Protocolo_2
Embalaje B,37.71,16.95,11.78,55.92,Normal,Origen B,Ambiente,Protocolo_1
Embalaje A,26.86,73.16,96.95,72.31,Normal,Origen A,Ambiente,Protocolo_1
Embalaje C,70.71,46.74,24.67,55.58,Normal,Origen C,Ambiente,Protocolo_1
Embalaje C,71.66,31.21,46.3,42.94,Normal,Origen A,Ambiente,Protocolo_1
Embalaje C,13.07,80.58,41.85,36.46,Normal,Origen B,Ambiente,Protocolo_1
Embalaje A,35.32,9.61,63.4,64.57,Frágil,Origen B,Ambiente,Protocolo_2
Embalaje C,35.64,17.31,35.38,35.81,Frágil,Origen B,Ambiente,Protocolo_2
Embalaje C,84.63,31.95,20.71,17.73,Normal,Origen B,Ambiente,Protocolo_1
Embalaje B,13.06,78.8,80.17,99.61,Frágil,Origen A,Ambiente,Protocolo_2
Embalaje C,63.5,75.48,94.7,69.63,Normal,Origen C,Refrigerado,Protocolo_1
Embalaje B,42.37,30.75,90.64,96.46,Frágil,Origen A,Ambiente,Protocolo_2
Embalaje C,55.91,73.43,47.37,28.46,Frágil,Origen C,Ambiente,Protocolo_2
Embalaje B,98.6,6.81,72.12,93.73,Frágil,Origen C,Ambiente,Protocolo_2
Embalaje B,15.17,87.57,8.37,69.41,Normal,Origen B,Ambiente,Protocolo_1
Embalaje B,87.44,19.98,29.81,76.76,Normal,Origen B,Ambiente,Protocolo_1
Embalaje A,74.34,39.83,33.99,97.72,Normal,Origen A,Ambiente,Protocolo_2
Embalaje B,18.53,26.59,70.74,47.65,Normal,Origen A,Ambiente,Protocolo_1
Embalaje C,99.05,53.52,95.87,50.28,Normal,Origen D,Refrigerado,Protocolo_1
Embalaje C,99.81,62.38,8.58,13.12,Normal,Origen C,Ambiente,Protocolo_1
Embalaje B,48.5,71.56,42.13,45.96,Normal,Origen D,Ambiente,Protocolo_1
Embalaje C,48.9,17.06,29.85,24.48,Normal,Origen C,Ambiente,Protocolo_1
Embalaje A,82.07,78.68,7.7,60.84,Normal,Origen B,Ambiente,Protocolo_1
Embalaje A,76.86,75.15,94.53,18.9,Normal,Origen D,Ambiente,Protocolo_1
Embalaje C,96.83,27.98,80.61,90.59,Normal,Origen D,Ambiente,Protocolo_2
Embalaje C,59.13,58.4,88.05,41.42,Normal,Origen C,Ambiente,Protocolo_1
Embalaje B,78.91,83.47,7.65,95.98,Normal,Origen D,Ambiente,Protocolo_2
Embalaje C,57.21,79.15,97.07,73.65,Frágil,Origen C,Refrigerado,Protocolo_2
Embalaje C,11.65,83.9,75.92,41.62,Frágil,Origen D,Ambiente,Protocolo_2
Embalaje A,50.0,25.64,5.01,77.88,Normal,Origen A,Refrigerado,Protocolo_1
Embalaje B,96.66,10.85,60.92,72.89,Frágil,Origen D,Ambiente,Protocolo_2
Embalaje C,40.31,10.52,83.9,47.11,Normal,Origen A,Ambiente,Protocolo_1
Embalaje B,25.8,62.78,98.92,38.94,Normal,Origen D,Ambiente,Protocolo_1
Embalaje C,95.45,68.16,83.4,8.72,Normal,Origen B,Ambiente,Protocolo_1
Embalaje B,38.18,13.76,77.47,93.75,Normal,Origen A,Ambiente,Protocolo_2
Embalaje C,53.87,93.97,49.67,38.2,Normal,Origen C,Ambiente,Protocolo_1
Embalaje C,58.18,11.16,83.25,88.73,Normal,Origen B,Refrigerado,Protocolo_2
Embalaje A,10.19,11.17,57.14,84.5,Normal,Origen C,Ambiente,Protocolo_2
Embalaje B,32.02,84.36,94.18,77.18,Frágil,Origen C,Ambiente,Protocolo_2
Embalaje C,92.57,24.64,40.09,84.68,Frágil,Origen D,Refrigerado,Protocolo_2
Embalaje C,76.61,68.96,62.56,27.24,Normal,Origen D,Ambiente,Protocolo_1
Embalaje C,6.8,81.33,56.86,83.8,Normal,Origen A,Ambiente,Protocolo_2
Embalaje B,75.04,35.67,55.72,97.86,Normal,Origen A,Ambiente,Protocolo_2
Embalaje B,30.42,79.85,83.4,50.26,Normal,Origen D,Ambiente,Protocolo_1
Embalaje A,27.71,35.58,21.13,73.82,Normal,Origen A,Ambiente,Protocolo_1
Embalaje A,91.7,87.08,26.42,17.89,Frágil,Origen A,Ambiente,Protocolo_2
Embalaje A,87.28,85.65,49.71,67.02,Normal,Origen A,Ambiente,Protocolo_1
Embalaje C,55.67,5.72,39.2,89.19,Normal,Origen A,Ambiente,Protocolo_2
Embalaje A,88.25,46.44,67.58,66.8,Normal,Origen C,Ambiente,Protocolo_1
Embalaje A,55.16,77.95,43.02,4.62,Normal,Origen D,Refrigerado,Protocolo_1
Embalaje A,68.65,12.37,74.65,22.01,Normal,Origen B,Ambiente,Protocolo_1
Embalaje C,42.56,47.55,39.89,13.29,Normal,Origen B,Ambiente,Protocolo_1
Embalaje C,12.84,16.48,43.11,79.4,Normal,Origen B,Ambiente,Protocolo_1
Embalaje C,85.87,91.17,46.46,6.1,Normal,Origen C,Ambiente,Protocolo_1
Embalaje B,10.56,46.89,45.19,9.92,Frágil,Origen D,Ambiente,Protocolo_2
Embalaje C,64.16,80.33,5.32,31.06,Normal,Origen D,Ambiente,Protocolo_1
Embalaje B,80.48,84.02,77.42,57.03,Normal,Origen A,Ambiente,Protocolo_1
Embalaje C,80.49,50.34,52.66,24.34,Frágil,Origen D,Ambiente,Protocolo_2
Embalaje C,48.25,80.24,74.5,48.57,Frágil,Origen D,Refrigerado,Protocolo_2
Embalaje A,40.9,64.38,48.55,12.41,Normal,Origen C,Ambiente,Protocolo_1
Embalaje B,50.16,70.6,32.46,46.97,Normal,Origen C,Ambiente,Protocolo_1
Embalaje A,10.89,81.56,41.36,4.1,Normal,Origen D,Ambiente,Protocolo_1
Embalaje A,89.2,37.52,6.94,13.68,Normal,Origen A,Ambiente,Protocolo_1
Embalaje C,94.3,34.09,73.7,41.89,Frágil,Origen D,Ambiente,Protocolo_2
Embalaje B,56.75,70.81,11.18,96.02,Normal,Origen C,Ambiente,Protocolo_2
Embalaje A,60.85,89.11,43.81,9.33,Normal,Origen C,Ambiente,Protocolo_1
Embalaje B,83.3,36.69,50.67,46.84,Frágil,Origen A,Ambiente,Protocolo_2
Embalaje A,10.56,95.0,73.44,49.79,Frágil,Origen A,Ambiente,Protocolo_2
Embalaje B,32.16,37.69,88.77,22.48,Frágil,Origen A,Refrigerado,Protocolo_2
Embalaje A,50.56,15.95,40.38,60.5,Frágil,Origen D,Ambiente,Protocolo_2
Embalaje C,48.84,64.97,88.14,53.88,Normal,Origen D,Ambiente,Protocolo_1
Embalaje B,81.23,84.57,32.19,11.52,Normal,Origen B,Ambiente,Protocolo_1
Embalaje C,50.14,89.87,83.87,98.66,Frágil,Origen C,Ambiente,Protocolo_2
Embalaje A,33.4,39.64,86.48,74.31,Normal,Origen C,Ambiente,Protocolo_1
Embalaje C,9.13,49.67,31.91,61.92,Normal,Origen B,Refrigerado,Protocolo_1
Embalaje C,68.91,91.72,18.4,22.03,Normal,Origen D,Ambiente,Protocolo_1
Embalaje A,45.06,92.19,79.4,72.15,Normal,Origen C,Ambiente,Protocolo_1
Embalaje C,30.69,53.96,24.24,64.87,Normal,Origen C,Refrigerado,Protocolo_1
Embalaje A,95.86,79.42,73.74,71.19,Normal,Origen B,Refrigerado,Protocolo_1
Embalaje C,90.51,43.54,58.42,9.33,Normal,Origen B,Ambiente,Protocolo_1
Embalaje B,7.74,73.54,52.55,80.96,Normal,Origen D,Ambiente,Protocolo_2
Embalaje B,15.73,78.48,57.47,21.55,Normal,Origen B,Ambiente,Protocolo_1
Embalaje B,82.41,66.19,5.85,7.14,Normal,Origen D,Ambiente,Protocolo_1
Embalaje B,23.77,48.67,16.23,25.96,Normal,Origen C,Ambiente,Protocolo_1
Embalaje C,29.46,64.29,99.78,57.62,Normal,Origen D,Refrigerado,Protocolo_1
Embalaje C,59.38,7.91,52.88,73.3,Normal,Origen A,Refrigerado,Protocolo_1
Embalaje C,74.91,73.21,16.04,16.31,Normal,Origen A,Refrigerado,Protocolo_1
Embalaje A,73.48,43.55,36.3,94.36,Normal,Origen B,Ambiente,Protocolo_2
Embalaje B,22.09,79.64,60.31,77.64,Normal,Origen A,Refrigerado,Protocolo_1
Embalaje C,99.41,38.01,90.88,99.72,Normal,Origen B,Ambiente,Protocolo_2
Embalaje A,5.17,30.51,29.07,70.02,Normal,Origen A,Ambiente,Protocolo_1
Embalaje B,21.7,30.26,21.32,39.42,Normal,Origen D,Ambiente,Protocolo_1
Embalaje B,90.14,28.37,22.53,91.02,Normal,Origen D,Ambiente,Protocolo_2
Embalaje B,9.0,78.04,92.15,58.27,Normal,Origen B,Ambiente,Protocolo_1
Embalaje B,42.42,70.51,64.78,17.49,Normal,Origen B,Ambiente,Protocolo_1
Embalaje C,80.02,83.61,86.7,25.67,Normal,Origen B,Ambiente,Protocolo_1
Embalaje A,89.82,7.82,7.66,88.15,Frágil,Origen D,Refrigerado,Protocolo_2
Embalaje B,18.56,35.98,87.77,46.74,Normal,Origen A,Refrigerado,Protocolo_1
Embalaje C,40.21,7.29,71.57,76.3,Normal,Origen C,Ambiente,Protocolo_1
Embalaje C,49.28,90.42,80.6,93.05,Normal,Origen C,Ambiente,Protocolo_2
Embalaje B,44.97,29.87,93.92,76.41,Frágil,Origen D,Ambiente,Protocolo_2
Embalaje B,32.34,45.61,79.48,47.05,Normal,Origen D,Ambiente,Protocolo_1
Embalaje C,16.37,75.52,97.23,97.03,Normal,Origen C,Ambiente,Protocolo_2
Embalaje A,91.69,58.7,52.6,75.94,Normal,Origen D,Ambiente,Protocolo_1
Embalaje A,6.13,89.27,38.44,97.22,Normal,Origen D,Ambiente,Protocolo_2
Embalaje C,42.88,82.0,67.66,91.01,Frágil,Origen A,Ambiente,Protocolo_2
Embalaje B,43.71,5.99,86.21,47.79,Normal,Origen C,Ambiente,Protocolo_1
Embalaje A,51.55,13.37,21.45,92.1,Frágil,Origen B,Ambiente,Protocolo_2
Embalaje B,27.02,78.3,26.51,65.88,Normal,Origen B,Ambiente,Protocolo_1
Embalaje A,17.91,53.39,71.08,51.8,Normal,Origen D,Ambiente,Protocolo_1
Embalaje B,9.95,99.66,26.74,18.3,Frágil,Origen B,Ambiente,Protocolo_2
Embalaje C,87.75,84.63,66.25,23.28,Normal,Origen B,Ambiente,Protocolo_1
Embalaje A,45.61,53.17,79.04,16.3,Frágil,Origen D,Refrigerado,Protocolo_2
Embalaje C,44.19,46.7,81.61,88.12,Normal,Origen D,Ambiente,Protocolo_2
Embalaje B,84.37,90.25,34.78,35.02,Frágil,Origen D,Refrigerado,Protocolo_2
Embalaje A,9.69,58.35,66.74,69.22,Normal,Origen A,Ambiente,Protocolo_1
Embalaje C,77.0,7.9,36.13,15.36,Normal,Origen A,Ambiente,Protocolo_1
Embalaje B,5.84,93.05,63.82,91.09,Normal,Origen A,Ambiente,Protocolo_2
Embalaje B,48.32,65.66,65.41,12.49,Frágil,Origen D,Refrigerado,Protocolo_2
Embalaje A,45.11,14.69,31.1,76.3,Normal,Origen A,Ambiente,Protocolo_1
Embalaje A,51.74,62.82,30.73,1.58,Normal,Origen D,Ambiente,Protocolo_1
Embalaje C,56.48,80.03,51.19,18.53,Normal,Origen A,Ambiente,Protocolo_1
Embalaje A,15.9,71.99,76.22,63.9,Normal,Origen C,Refrigerado,Protocolo_1
Embalaje B,74.55,69.47,53.63,16.25,Normal,Origen D,Ambiente,Protocolo_1
Embalaje A,77.7,25.73,75.05,94.15,Frágil,Origen A,Ambiente,Protocolo_2
Embalaje B,61.01,16.31,20.18,91.64,Normal,Origen A,Ambiente,Protocolo_2
Embalaje C,30.27,52.84,52.65,16.54,Normal,Origen A,Refrigerado,Protocolo_1
Embalaje C,78.95,17.27,86.72,96.42,Normal,Origen A,Refrigerado,Protocolo_2
Embalaje C,31.51,16.03,44.56,36.26,Normal,Origen D,Ambiente,Protocolo_1
Embalaje A,36.47,93.3,49.53,49.71,Normal,Origen B,Ambiente,Protocolo_1
Embalaje C,10.69,96.79,60.99,48.69,Normal,Origen A,Ambiente,Protocolo_1
Embalaje B,80.42,59.78,22.37,65.01,Normal,Origen B,Ambiente,Protocolo_1
Embalaje C,34.26,65.34,6.57,94.09,Normal,Origen C,Ambiente,Protocolo_2
Embalaje C,5.17,21.31,77.75,62.5,Normal,Origen C,Ambiente,Protocolo_1
Embalaje C,92.3,83.25,7.6,22.53,Normal,Origen B,Ambiente,Protocolo_1
Embalaje A,43.35,53.75,94.59,72.91,Normal,Origen A,Ambiente,Protocolo_1
Embalaje B,35.58,29.68,20.89,43.06,Normal,Origen C,Ambiente,Protocolo_1
Embalaje A,24.77,37.63,51.94,78.85,Normal,Origen C,Ambiente,Protocolo_1
Embalaje B,51.95,16.24,50.58,45.72,Normal,Origen D,Ambiente,Protocolo_1
Embalaje A,9.26,6.86,25.43,58.86,Frágil,Origen A,Ambiente,Protocolo_2
Embalaje A,33.11,14.95,11.32,62.7,Frágil,Origen C,Ambiente,Protocolo_2
Embalaje B,54.36,69.16,26.3,78.76,Normal,Origen D,Ambiente,Protocolo_1
Embalaje C,98.11,49.87,82.89,20.8,Normal,Origen C,Ambiente,Protocolo_1
Embalaje B,42.5,91.34,75.85,70.29,Normal,Origen B,Ambiente,Protocolo_1
Embalaje A,6.51,92.31,45.99,24.96,Frágil,Origen B,Ambiente,Protocolo_2
Embalaje C,8.17,72.73,37.04,90.51,Normal,Origen D,Ambiente,Protocolo_2
Embalaje A,43.1,60.04,71.53,29.17,Frágil,Origen A,Ambiente,Protocolo_2
Embalaje B,70.43,40.43,19.22,11.72,Normal,Origen D,Ambiente,Protocolo_1
Embalaje A,26.19,33.46,64.13,99.72,Normal,Origen B,Ambiente,Protocolo_2
Embalaje A,49.49,60.03,62.97,93.81,Frágil,Origen D,Ambiente,Protocolo_2
Embalaje C,69.36,24.18,80.35,60.7,Normal,Origen D,Ambiente,Protocolo_1
Embalaje A,61.94,82.9,46.87,56.98,Frágil,Origen D,Ambiente,Protocolo_2
Embalaje C,38.39,41.7,8.76,79.29,Normal,Origen A,Ambiente,Protocolo_1
Embalaje B,37.08,16.99,94.9,43.07,Normal,Origen B,Ambiente,Protocolo_1
Embalaje B,45.95,28.33,94.3,94.58,Frágil,Origen A,Ambiente,Protocolo_2
Embalaje B,40.89,20.01,88.93,74.06,Normal,Origen A,Ambiente,Protocolo_1
Embalaje C,54.55,17.73,11.35,74.21,Normal,Origen C,Ambiente,Protocolo_1
Embalaje C,33.16,32.55,20.69,12.35,Normal,Origen C,Ambiente,Protocolo_1
Embalaje A,68.95,63.2,12.79,13.55,Normal,Origen A,Refrigerado,Protocolo_1
Embalaje B,41.87,33.36,53.16,66.8,Normal,Origen B,Ambiente,Protocolo_1
Embalaje C,45.01,10.68,86.32,75.91,Normal,Origen B,Ambiente,Protocolo_1
Embalaje C,13.11,99.69,43.01,10.31,Normal,Origen D,Ambiente,Protocolo_1
Embalaje B,51.75,34.81,82.83,97.12,Normal,Origen C,Ambiente,Protocolo_2
Embalaje A,20.56,69.54,20.67,68.4,Frágil,Origen B,Ambiente,Protocolo_2
Embalaje C,45.7,89.64,30.13,20.07,Normal,Origen B,Ambiente,Protocolo_1
Embalaje C,76.17,10.01,15.15,40.21,Normal,Origen D,Ambiente,Protocolo_1
Embalaje B,40.7,57.81,23.02,91.39,Normal,Origen C,Ambiente,Protocolo_2
Embalaje B,78.79,6.36,21.48,56.78,Normal,Origen D,Ambiente,Protocolo_1
Embalaje A,41.66,81.75,24.32,27.9,Normal,Origen C,Ambiente,Protocolo_1
Embalaje B,79.52,18.85,50.89,79.77,Normal,Origen D,Ambiente,Protocolo_1
Embalaje C,89.35,83.38,42.09,96.08,Frágil,Origen A,Ambiente,Protocolo_2
Embalaje A,80.68,14.49,29.59,31.62,Normal,Origen A,Ambiente,Protocolo_1
Embalaje C,68.64,89.87,16.74,93.19,Frágil,Origen D,Ambiente,Protocolo_2
Embalaje C,44.81,10.33,33.35,43.85,Frágil,Origen B,Ambiente,Protocolo_2
Embalaje A,53.52,91.13,20.83,46.28,Frágil,Origen B,Ambiente,Protocolo_2
Embalaje A,30.92,53.33,77.76,41.5,Frágil,Origen A,Ambiente,Protocolo_2
Embalaje A,5.68,13.85,32.48,52.67,Normal,Origen A,Refrigerado,Protocolo_1
Embalaje A,26.3,78.46,95.62,48.23,Normal,Origen A,Ambiente,Protocolo_1
Embalaje B,68.6,18.91,84.7,10.9,Normal,Origen D,Refrigerado,Protocolo_1
Embalaje B,27.66,50.6,51.47,62.76,Normal,Origen B,Ambiente,Protocolo_1
Embalaje B,73.64,19.35,24.47,86.36,Normal,Origen D,Ambiente,Protocolo_2
Embalaje C,47.03,36.4,91.89,46.29,Normal,Origen D,Ambiente,Protocolo_1
Embalaje C,90.27,38.86,90.31,53.88,Normal,Origen D,Ambiente,Protocolo_1
Embalaje A,63.12,30.57,17.25,25.73,Normal,Origen A,Refrigerado,Protocolo_1
Embalaje A,98.84,62.59,5.24,81.04,Normal,Origen C,Ambiente,Protocolo_2
Embalaje B,7.55,62.38,20.74,17.3,Frágil,Origen A,Ambiente,Protocolo_2
Embalaje A,21.69,64.47,87.48,48.75,Normal,Origen C,Ambiente,Protocolo_1
Embalaje C,81.16,17.66,10.44,1.26,Frágil,Origen A,Ambiente,Protocolo_2
Embalaje B,86.1,19.18,51.47,86.33,Frágil,Origen C,Ambiente,Protocolo_2
Embalaje A,95.89,27.07,88.91,31.18,Normal,Origen C,Ambiente,Protocolo_1
Embalaje B,85.84,73.78,64.29,9.54,Normal,Origen D,Ambiente,Protocolo_1
Embalaje C,64.58,76.45,42.78,5.53,Normal,Origen C,Ambiente,Protocolo_1
Embalaje A,30.98,15.16,41.57,57.54,Normal,Origen C,Refrigerado,Protocolo_1
Embalaje A,88.46,73.06,64.76,67.35,Normal,Origen B,Ambiente,Protocolo_1
Embalaje B,39.11,65.44,59.66,52.32,Normal,Origen D,Ambiente,Protocolo_1
Embalaje A,48.46,77.25,41.25,48.73,Normal,Origen D,Ambiente,Protocolo_1
Embalaje C,17.91,26.27,68.34,31.55,Normal,Origen A,Ambiente,Protocolo_1
Embalaje C,51.06,40.2,84.16,24.98,Normal,Origen A,Ambiente,Protocolo_1
Embalaje A,70.54,19.96,16.86,57.0,Normal,Origen A,Refrigerado,Protocolo_1
Embalaje A,78.4,44.19,5.17,31.89,Normal,Origen A,Ambiente,Protocolo_1
Embalaje A,67.92,62.85,93.29,17.38,Normal,Origen A,Ambiente,Protocolo_1
Embalaje B,53.45,32.22,69.79,53.06,Normal,Origen C,Refrigerado,Protocolo_1
Embalaje A,37.3,40.96,10.97,5.01,Normal,Origen B,Ambiente,Protocolo_1
Embalaje C,76.7,91.6,26.49,74.86,Normal,Origen C,Ambiente,Protocolo_1
Embalaje A,9.22,34.73,98.16,22.32,Frágil,Origen A,Ambiente,Protocolo_2
Embalaje B,83.85,75.51,73.39,47.72,Normal,Origen C,Ambiente,Protocolo_1
Embalaje C,55.02,41.33,70.48,10.4,Normal,Origen A,Ambiente,Protocolo_1
Embalaje B,64.65,60.33,54.35,54.74,Normal,Origen B,Ambiente,Protocolo_1
Embalaje A,42.49,35.54,88.39,50.73,Normal,Origen D,Ambiente,Protocolo_1
Embalaje A,22.27,30.79,98.12,24.36,Frágil,Origen A,Ambiente,Protocolo_2
Embalaje C,48.24,9.84,91.75,87.58,Normal,Origen D,Ambiente,Protocolo_2
Embalaje B,66.58,10.46,23.11,48.58,Normal,Origen A,Ambiente,Protocolo_1
Embalaje C,32.41,57.6,61.13,96.73,Normal,Origen A,Ambiente,Protocolo_2
Embalaje B,60.05,91.83,84.82,66.69,Normal,Origen C,Ambiente,Protocolo_1
Embalaje A,75.62,41.62,29.03,5.76,Normal,Origen B,Ambiente,Protocolo_1
Embalaje B,37.56,85.54,31.08,26.57,Normal,Origen A,Ambiente,Protocolo_1
Embalaje B,72.18,59.19,81.21,74.17,Frágil,Origen C,Ambiente,Protocolo_2
Embalaje B,94.74,70.82,59.89,20.27,Normal,Origen C,Ambiente,Protocolo_1
Embalaje B,54.37,93.11,91.51,27.88,Frágil,Origen A,Ambiente,Protocolo_2
Embalaje A,85.03,57.26,28.04,84.15,Frágil,Origen B,Ambiente,Protocolo_2
Embalaje A,94.94,70.72,18.93,56.44,Normal,Origen D,Ambiente,Protocolo_1
Embalaje A,15.98,54.07,53.21,95.46,Normal,Origen C,Ambiente,Protocolo_2
Embalaje A,66.13,88.77,75.38,16.97,Normal,Origen A,Refrigerado,Protocolo_1
Embalaje B,30.64,19.3,36.44,93.35,Normal,Origen A,Ambiente,Protocolo_2
Embalaje C,99.94,13.97,71.43,94.96,Normal,Origen D,Ambiente,Protocolo_2
Embalaje A,45.43,17.51,13.68,98.0,Frágil,Origen B,Ambiente,Protocolo_2
Embalaje A,86.39,72.21,24.01,93.32,Normal,Origen D,Ambiente,Protocolo_2
Embalaje A,74.02,48.34,21.64,76.71,Normal,Origen A,Ambiente,Protocolo_1
Embalaje A,97.03,48.0,29.4,50.64,Normal,Origen D,Ambiente,Protocolo_1
Embalaje B,16.53,65.05,74.46,9.53,Normal,Origen C,Refrigerado,Protocolo_1
Embalaje C,34.91,69.27,11.59,41.04,Normal,Origen A,Ambiente,Protocolo_1
Embalaje B,19.04,80.13,44.67,57.5,Normal,Origen C,Ambiente,Protocolo_1
Embalaje C,21.02,89.76,58.85,62.82,Normal,Origen D,Ambiente,Protocolo_1
Embalaje B,51.98,53.05,57.1,2.51,Frágil,Origen C,Ambiente,Protocolo_2
Embalaje B,64.11,82.76,99.66,78.94,Normal,Origen A,Ambiente,Protocolo_1
Embalaje C,64.44,72.98,31.08,18.86,Normal,Origen B,Ambiente,Protocolo_1
Embalaje A,52.46,33.05,16.25,84.92,Frágil,Origen A,Ambiente,Protocolo_2
Embalaje B,26.7,49.63,98.28,83.43,Normal,Origen A,Ambiente,Protocolo_2
Embalaje C,9.98,43.87,78.77,32.16,Normal,Origen A,Ambiente,Protocolo_1
Embalaje C,78.0,96.79,42.87,76.7,Normal,Origen A,Ambiente,Protocolo_1
Embalaje B,60.31,21.49,30.99,10.32,Normal,Origen D,Ambiente,Protocolo_1
Embalaje B,91.37,55.71,80.01,4.05,Normal,Origen D,Ambiente,Protocolo_1
Embalaje C,92.54,64.46,22.53,61.93,Normal,Origen B,Ambiente,Protocolo_1
Embalaje B,41.57,33.31,5.54,60.39,Frágil,Origen B,Ambiente,Protocolo_2
Embalaje A,27.29,55.32,18.06,10.43,Normal,Origen B,Ambiente,Protocolo_1
Embalaje B,22.89,45.12,45.43,82.63,Frágil,Origen D,Ambiente,Protocolo_2
Embalaje C,85.13,5.88,29.3,69.65,Frágil,Origen D,Ambiente,Protocolo_2
Embalaje B,78.43,70.12,32.92,68.83,Normal,Origen B,Ambiente,Protocolo_1
Embalaje A,27.48,29.65,21.06,73.36,Normal,Origen D,Ambiente,Protocolo_1
Embalaje B,92.21,79.91,88.3,14.53,Normal,Origen A,Ambiente,Protocolo_1
Embalaje C,70.99,6.87,84.52,75.82,Normal,Origen D,Ambiente,Protocolo_1
Embalaje B,96.28,91.54,69.48,5.39,Frágil,Origen B,Ambiente,Protocolo_2
Embalaje A,54.29,75.75,43.33,92.16,Normal,Origen A,Ambiente,Protocolo_2
Embalaje A,58.5,15.69,97.12,89.78,Normal,Origen D,Refrigerado,Protocolo_2
Embalaje B,75.64,42.91,69.77,4.95,Normal,Origen B,Ambiente,Protocolo_1
Embalaje B,76.42,9.05,80.26,23.57,Normal,Origen B,Ambiente,Protocolo_1
Embalaje B,72.69,66.68,76.32,75.0,Normal,Origen D,Ambiente,Protocolo_1
Embalaje C,64.28,52.35,35.4,53.55,Normal,Origen C,Ambiente,Protocolo_1
Embalaje A,66.75,52.64,44.41,63.62,Normal,Origen C,Ambiente,Protocolo_1
Embalaje C,72.69,36.82,9.7,98.1,Normal,Origen A,Ambiente,Protocolo_2
Embalaje B,42.63,18.95,85.63,75.04,Normal,Origen C,Ambiente,Protocolo_1
Embalaje A,39.26,33.07,31.7,57.55,Normal,Origen D,Ambiente,Protocolo_1
Embalaje C,24.89,5.71,51.38,80.25,Frágil,Origen B,Refrigerado,Protocolo_2
Embalaje C,8.8,99.57,23.65,61.12,Frágil,Origen A,Ambiente,Protocolo_2
Embalaje C,82.86,13.09,48.84,92.43,Normal,Origen A,Ambiente,Protocolo_2
Embalaje B,59.41,62.04,85.27,95.92,Normal,Origen D,Ambiente,Protocolo_2
Embalaje C,41.45,67.88,54.84,34.11,Normal,Origen C,Ambiente,Protocolo_1
Embalaje C,85.21,40.64,75.75,75.73,Normal,Origen B,Refrigerado,Protocolo_1
Embalaje B,70.09,49.63,54.59,92.81,Normal,Origen D,Ambiente,Protocolo_2
Embalaje C,15.48,5.97,14.89,29.08,Normal,Origen D,Ambiente,Protocolo_1
Embalaje B,37.19,46.04,53.82,64.31,Normal,Origen C,Ambiente,Protocolo_1
Embalaje B,84.41,57.39,77.26,77.27,Normal,Origen A,Ambiente,Protocolo_1
Embalaje B,63.57,69.41,24.36,68.37,Normal,Origen C,Ambiente,Protocolo_1
Embalaje B,41.85,40.91,91.04,97.28,Normal,Origen B,Refrigerado,Protocolo_2
Embalaje B,45.0,93.05,6.78,91.47,Frágil,Origen A,Ambiente,Protocolo_2
Embalaje C,7.06,53.15,85.37,64.1,Frágil,Origen D,Ambiente,Protocolo_2
Embalaje C,5.82,56.53,48.81,75.43,Normal,Origen B,Ambiente,Protocolo_1
Embalaje B,84.96,55.87,79.71,38.52,Normal,Origen A,Ambiente,Protocolo_1
Embalaje C,27.27,53.18,36.8,61.09,Normal,Origen A,Ambiente,Protocolo_1
Embalaje B,68.46,45.93,25.31,63.17,Normal,Origen C,Ambiente,Protocolo_1
Embalaje C,67.74,85.77,73.36,7.19,Normal,Origen A,Ambiente,Protocolo_1
Embalaje C,54.3,42.34,87.87,79.39,Normal,Origen B,Refrigerado,Protocolo_1
Embalaje A,48.67,56.48,26.56,45.77,Normal,Origen D,Ambiente,Protocolo_1
Embalaje B,10.61,61.2,22.05,60.89,Normal,Origen B,Refrigerado,Protocolo_1
Embalaje A,72.9,25.93,85.55,29.85,Normal,Origen D,Ambiente,Protocolo_1
Embalaje A,32.35,71.04,17.62,5.69,Normal,Origen A,Ambiente,Protocolo_1
Embalaje C,17.72,13.03,62.43,58.46,Normal,Origen D,Ambiente,Protocolo_1
Embalaje C,99.07,54.05,70.25,32.59,Frágil,Origen C,Ambiente,Protocolo_2
Embalaje A,28.64,37.94,12.94,42.76,Normal,Origen C,Refrigerado,Protocolo_1
Embalaje A,40.1,78.78,60.75,51.6,Normal,Origen D,Ambiente,Protocolo_1
Embalaje A,44.87,59.06,71.04,33.82,Normal,Origen B,Ambiente,Protocolo_1
Embalaje B,88.63,28.64,36.06,84.72,Frágil,Origen D,Ambiente,Protocolo_2
Embalaje A,89.52,98.68,94.89,12.91,Normal,Origen C,Ambiente,Protocolo_1
Embalaje C,78.23,10.85,51.31,78.72,Normal,Origen B,Ambiente,Protocolo_1
Embalaje A,84.04,46.83,77.39,15.69,Normal,Origen B,Ambiente,Protocolo_1
Embalaje B,43.28,28.07,62.69,4.03,Normal,Origen A,Ambiente,Protocolo_1
Embalaje A,78.41,24.37,96.11,77.07,Normal,Origen C,Ambiente,Protocolo_1
Embalaje C,62.33,78.19,30.82,65.17,Normal,Origen D,Ambiente,Protocolo_1
Embalaje A,30.61,24.73,99.06,46.56,Frágil,Origen C,Ambiente,Protocolo_2
Embalaje C,63.62,60.72,24.97,82.29,Normal,Origen A,Ambiente,Protocolo_2
Embalaje B,39.39,79.07,34.62,42.01,Normal,Origen A,Ambiente,Protocolo_1
Embalaje B,74.23,9.93,22.63,93.04,Normal,Origen C,Ambiente,Protocolo_2
Embalaje C,96.1,30.05,31.25,29.69,Normal,Origen B,Ambiente,Protocolo_1
Embalaje C,33.99,48.6,8.3,68.73,Normal,Origen D,Ambiente,Protocolo_1
Embalaje B,14.63,36.39,94.99,94.72,Normal,Origen B,Ambiente,Protocolo_2
Embalaje A,66.52,75.2,21.27,48.18,Normal,Origen D,Ambiente,Protocolo_1
Embalaje C,88.58,93.69,24.54,80.53,Normal,Origen C,Ambiente,Protocolo_2
Embalaje C,59.43,40.52,21.04,36.23,Normal,Origen B,Ambiente,Protocolo_1
Embalaje B,16.02,18.0,68.97,72.5,Normal,Origen A,Ambiente,Protocolo_1
Embalaje A,76.59,35.62,98.94,65.3,Normal,Origen D,Ambiente,Protocolo_1
Embalaje A,97.78,55.86,64.29,15.24,Normal,Origen C,Refrigerado,Protocolo_1
Embalaje B,95.45,23.97,81.13,39.52,Normal,Origen A,Ambiente,Protocolo_1
Embalaje B,55.82,55.34,59.64,40.98,Frágil,Origen D,Ambiente,Protocolo_2
Embalaje C,63.03,80.59,85.06,89.01,Normal,Origen C,Ambiente,Protocolo_2
Embalaje B,66.77,50.24,99.48,67.38,Normal,Origen A,Ambiente,Protocolo_1
Embalaje B,75.09,90.92,92.16,65.14,Normal,Origen D,Ambiente,Protocolo_1
Embalaje A,51.39,43.58,27.94,33.36,Frágil,Origen A,Ambiente,Protocolo_2
Embalaje C,73.49,59.92,18.05,81.47,Normal,Origen A,Ambiente,Protocolo_2
Embalaje B,35.02,97.27,29.44,87.64,Normal,Origen C,Refrigerado,Protocolo_2
Embalaje A,67.88,82.06,39.06,65.74,Normal,Origen D,Ambiente,Protocolo_1
Embalaje C,48.22,45.96,10.58,60.06,Normal,Origen B,Ambiente,Protocolo_1
Embalaje C,80.15,62.2,30.71,4.68,Normal,Origen B,Ambiente,Protocolo_1
Embalaje C,50.99,64.69,34.01,58.12,Normal,Origen D,Ambiente,Protocolo_1
Embalaje A,96.21,29.87,86.82,85.25,Normal,Origen C,Ambiente,Protocolo_2
Embalaje B,78.17,98.8,60.18,95.24,Normal,Origen C,Ambiente,Protocolo_2
Embalaje A,98.92,35.73,25.38,51.17,Frágil,Origen D,Ambiente,Protocolo_2
Embalaje A,33.97,5.26,73.38,5.77,Normal,Origen D,Ambiente,Protocolo_1
Embalaje A,91.01,72.52,74.86,47.76,Normal,Origen C,Ambiente,Protocolo_1
Embalaje C,37.32,7.4,61.35,85.1,Frágil,Origen D,Ambiente,Protocolo_2
Embalaje A,7.12,81.25,74.4,59.77,Normal,Origen C,Refrigerado,Protocolo_1
Embalaje A,92.71,85.91,22.72,55.35,Normal,Origen D,Ambiente,Protocolo_1
Embalaje C,50.43,67.48,78.28,11.69,Normal,Origen D,Ambiente,Protocolo_1
Embalaje B,87.28,30.99,75.31,88.25,Frágil,Origen B,Ambiente,Protocolo_2
Embalaje C,80.33,87.16,35.93,87.22,Normal,Origen C,Ambiente,Protocolo_2
Embalaje C,9.47,92.94,60.82,33.23,Frágil,Origen B,Ambiente,Protocolo_2
Embalaje A,9.09,78.36,17.71,93.73,Normal,Origen A,Ambiente,Protocolo_2
Embalaje B,5.27,97.76,53.1,47.28,Normal,Origen D,Ambiente,Protocolo_1
Embalaje C,97.1,55.56,49.29,24.41,Normal,Origen C,Ambiente,Protocolo_1
Embalaje A,61.88,69.06,13.81,1.18,Normal,Origen B,Ambiente,Protocolo_1
Embalaje B,75.85,33.75,29.09,95.33,Normal,Origen A,Ambiente,Protocolo_2
Embalaje C,76.45,54.57,34.62,9.22,Normal,Origen C,Ambiente,Protocolo_1
Embalaje B,91.86,8.06,79.7,98.22,Normal,Origen D,Ambiente,Protocolo_2
Embalaje A,67.35,82.38,33.92,76.95,Normal,Origen C,Ambiente,Protocolo_1
Embalaje B,23.74,39.24,59.48,50.42,Frágil,Origen C,Ambiente,Protocolo_2
Embalaje C,42.41,11.13,98.6,61.26,Normal,Origen D,Ambiente,Protocolo_1
Embalaje C,35.37,16.85,72.42,2.65,Frágil,Origen D,Ambiente,Protocolo_2
Embalaje B,72.66,70.52,35.44,2.64,Normal,Origen C,Ambiente,Protocolo_1
Embalaje B,20.43,6.77,51.71,55.24,Normal,Origen D,Refrigerado,Protocolo_1
Embalaje B,15.7,54.63,37.73,29.03,Normal,Origen B,Ambiente,Protocolo_1
Embalaje A,6.26,51.06,85.34,85.71,Normal,Origen B,Refrigerado,Protocolo_2
Embalaje B,79.88,24.61,84.72,55.64,Frágil,Origen A,Refrigerado,Protocolo_2
Embalaje A,71.38,45.59,17.8,4.55,Normal,Origen D,Refrigerado,Protocolo_1
Embalaje A,98.03,13.17,43.72,6.31,Normal,Origen B,Ambiente,Protocolo_1
Embalaje C,22.81,70.62,88.81,7.35,Normal,Origen D,Ambiente,Protocolo_1
Embalaje C,49.14,36.53,59.33,93.82,Normal,Origen A,Ambiente,Protocolo_2
Embalaje B,46.28,15.92,18.04,59.1,Normal,Origen B,Ambiente,Protocolo_1
Embalaje B,70.01,46.21,27.67,27.89,Normal,Origen A,Ambiente,Protocolo_1
Embalaje A,33.99,38.51,10.1,80.53,Normal,Origen B,Refrigerado,Protocolo_2
Embalaje A,9.62,32.64,83.37,40.32,Normal,Origen D,Ambiente,Protocolo_1
Embalaje C,77.94,23.37,25.89,35.42,Normal,Origen A,Ambiente,Protocolo_1
Embalaje A,14.84,91.1,17.87,44.24,Normal,Origen D,Ambiente,Protocolo_1
Embalaje B,87.72,24.94,40.8,68.67,Normal,Origen A,Refrigerado,Protocolo_1
Embalaje C,70.91,66.95,85.44,98.33,Normal,Origen B,Ambiente,Protocolo_2
Embalaje C,14.63,71.06,48.71,44.56,Frágil,Origen C,Ambiente,Protocolo_2
Embalaje B,39.05,64.99,89.77,50.01,Normal,Origen C,Ambiente,Protocolo_1
Embalaje C,77.24,20.59,50.13,48.8,Normal,Origen A,Ambiente,Protocolo_1
Embalaje A,52.06,14.3,61.02,72.29,Normal,Origen B,Ambiente,Protocolo_1
Embalaje B,17.13,41.33,75.63,40.49,Normal,Origen D,Ambiente,Protocolo_1
Embalaje B,15.61,43.53,18.97,97.28,Normal,Origen B,Ambiente,Protocolo_2
Embalaje B,55.38,73.01,68.02,16.14,Normal,Origen A,Ambiente,Protocolo_1
Embalaje C,54.0,52.17,69.35,35.88,Frágil,Origen B,Ambiente,Protocolo_2
Embalaje A,26.01,83.6,80.59,51.44,Normal,Origen A,Ambiente,Protocolo_1
Embalaje C,12.54,56.09,61.82,54.71,Normal,Origen B,Ambiente,Protocolo_1
Embalaje C,47.89,60.01,15.16,43.61,Normal,Origen C,Ambiente,Protocolo_1
Embalaje A,5.73,46.19,92.92,87.31,Normal,Origen D,Ambiente,Protocolo_2
Embalaje A,65.08,83.45,75.43,30.88,Frágil,Origen D,Refrigerado,Protocolo_2
Embalaje A,90.46,41.81,79.33,87.32,Frágil,Origen C,Ambiente,Protocolo_2
Embalaje B,46.96,89.48,74.53,9.51,Normal,Origen C,Refrigerado,Protocolo_1
Embalaje B,85.77,33.16,62.33,35.71,Frágil,Origen D,Ambiente,Protocolo_2
Embalaje B,75.85,45.72,69.86,7.63,Normal,Origen D,Ambiente,Protocolo_1
Embalaje B,80.49,99.61,64.83,21.36,Frágil,Origen A,Ambiente,Protocolo_2
Embalaje A,77.83,80.95,99.47,46.89,Frágil,Origen A,Ambiente,Protocolo_2
Embalaje C,28.06,25.73,28.89,23.65,Normal,Origen B,Ambiente,Protocolo_1
Embalaje C,89.34,12.66,73.92,91.73,Normal,Origen B,Ambiente,Protocolo_2
Embalaje B,70.0,29.39,52.15,77.69,Normal,Origen D,Ambiente,Protocolo_1
Embalaje C,56.28,47.22,25.75,48.59,Frágil,Origen C,Ambiente,Protocolo_2
Embalaje A,83.81,17.04,78.36,5.73,Normal,Origen A,Ambiente,Protocolo_1
Embalaje B,56.36,60.91,50.28,82.87,Normal,Origen C,Ambiente,Protocolo_2
Embalaje A,47.51,44.46,97.21,8.03,Normal,Origen B,Ambiente,Protocolo_1
Embalaje B,30.77,56.49,40.97,70.81,Normal,Origen D,Ambiente,Protocolo_1
Embalaje B,54.47,28.11,59.22,17.57,Normal,Origen B,Ambiente,Protocolo_1
Embalaje A,7.81,50.3,65.83,3.27,Frágil,Origen B,Ambiente,Protocolo_2
Embalaje A,51.28,75.97,48.06,84.5,Normal,Origen A,Ambiente,Protocolo_2
Embalaje A,86.02,53.2,30.65,73.16,Normal,Origen A,Ambiente,Protocolo_1
Embalaje C,97.46,70.05,34.04,65.38,Normal,Origen A,Ambiente,Protocolo_1
Embalaje B,86.61,19.0,58.71,83.41,Frágil,Origen B,Ambiente,Protocolo_2
Embalaje B,72.66,13.46,87.29,37.09,Normal,Origen A,Ambiente,Protocolo_1
Embalaje C,15.17,66.14,11.52,97.9,Normal,Origen A,Ambiente,Protocolo_2
Embalaje C,42.21,8.06,66.88,48.18,Normal,Origen A,Ambiente,Protocolo_1
Embalaje B,76.08,24.01,58.46,20.18,Normal,Origen C,Ambiente,Protocolo_1
Embalaje C,55.3,62.19,58.11,62.77,Normal,Origen D,Refrigerado,Protocolo_1
Embalaje B,64.61,16.91,97.92,99.79,Normal,Origen A,Ambiente,Protocolo_2
Embalaje B,74.46,44.81,56.02,81.91,Normal,Origen C,Ambiente,Protocolo_2
Embalaje A,6.72,51.96,27.81,93.18,Normal,Origen D,Ambiente,Protocolo_2
Embalaje B,40.56,54.11,12.24,56.57,Normal,Origen C,Ambiente,Protocolo_1
Embalaje A,10.95,10.52,68.1,78.02,Normal,Origen C,Ambiente,Protocolo_1
Embalaje C,16.98,83.88,37.21,50.83,Normal,Origen C,Ambiente,Protocolo_1
Embalaje B,99.13,57.53,50.4,43.31,Frágil,Origen A,Ambiente,Protocolo_2
Embalaje C,60.07,46.49,50.71,25.75,Normal,Origen B,Ambiente,Protocolo_1
Embalaje C,23.25,41.81,30.28,94.27,Normal,Origen A,Ambiente,Protocolo_2
Embalaje C,78.7,28.02,61.54,7.4,Normal,Origen B,Ambiente,Protocolo_1
Embalaje A,16.43,47.77,66.58,52.12,Frágil,Origen D,Ambiente,Protocolo_2
Embalaje B,83.75,42.6,93.29,18.0,Normal,Origen D,Ambiente,Protocolo_1
Embalaje B,84.19,17.55,31.47,58.96,Normal,Origen C,Ambiente,Protocolo_1
Embalaje C,55.44,15.55,85.76,61.83,Normal,Origen B,Ambiente,Protocolo_1
Embalaje B,15.95,22.94,29.6,5.19,Normal,Origen C,Ambiente,Protocolo_1
Embalaje B,70.36,78.85,96.37,70.14,Normal,Origen A,Ambiente,Protocolo_1
Embalaje B,55.26,73.56,72.92,26.64,Frágil,Origen D,Ambiente,Protocolo_2
Embalaje C,52.12,70.75,30.73,4.73,Frágil,Origen D,Ambiente,Protocolo_2
Embalaje C,14.28,94.93,59.73,6.21,Normal,Origen D,Ambiente,Protocolo_1
Embalaje B,84.49,41.66,33.06,64.09,Frágil,Origen C,Ambiente,Protocolo_2
Embalaje C,81.07,59.09,91.66,72.78,Normal,Origen C,Ambiente,Protocolo_1
Embalaje A,79.99,14.78,82.4,88.61,Normal,Origen B,Ambiente,Protocolo_2
Embalaje A,46.74,88.33,41.21,46.8,Normal,Origen A,Ambiente,Protocolo_1
Embalaje B,30.37,38.4,66.88,78.84,Frágil,Origen D,Ambiente,Protocolo_2
Embalaje C,72.43,43.12,97.05,42.06,Normal,Origen B,Refrigerado,Protocolo_1
Embalaje B,33.08,37.71,15.79,44.33,Normal,Origen A,Ambiente,Protocolo_1
Embalaje B,61.03,12.77,65.54,23.6,Normal,Origen D,Ambiente,Protocolo_1
Embalaje A,10.87,91.82,44.58,9.93,Normal,Origen D,Ambiente,Protocolo_1
Embalaje A,24.1,96.86,71.59,93.35,Frágil,Origen B,Refrigerado,Protocolo_2
Embalaje B,38.07,14.22,68.75,51.08,Normal,Origen D,Ambiente,Protocolo_1
Embalaje C,28.1,28.89,82.41,53.18,Normal,Origen A,Ambiente,Protocolo_1
Embalaje A,17.12,77.13,81.66,57.55,Normal,Origen D,Ambiente,Protocolo_1
Embalaje B,40.32,89.89,53.93,44.69,Normal,Origen B,Ambiente,Protocolo_1
Embalaje A,97.17,76.75,17.49,48.16,Normal,Origen D,Ambiente,Protocolo_1
Embalaje C,6.2,45.02,36.61,27.39,Frágil,Origen B,Ambiente,Protocolo_2
Embalaje B,46.38,69.38,12.65,81.86,Normal,Origen C,Ambiente,Protocolo_2
Embalaje A,90.22,71.12,37.04,66.17,Normal,Origen B,Ambiente,Protocolo_1
Embalaje A,91.12,92.61,93.19,60.44,Normal,Origen B,Ambiente,Protocolo_1
Embalaje A,10.68,73.04,70.85,51.42,Normal,Origen B,Refrigerado,Protocolo_1
Embalaje A,85.17,5.04,69.05,14.36,Normal,Origen A,Ambiente,Protocolo_1
Embalaje B,22.28,33.74,21.18,73.01,Normal,Origen B,Ambiente,Protocolo_1
Embalaje B,59.68,36.06,59.61,40.88,Frágil,Origen D,Ambiente,Protocolo_2
Embalaje C,50.81,90.08,90.18,25.9,Normal,Origen A,Ambiente,Protocolo_1
Embalaje A,19.31,9.29,19.2,93.29,Normal,Origen D,Ambiente,Protocolo_2
Embalaje A,88.68,15.66,80.97,35.82,Frágil,Origen D,Ambiente,Protocolo_2
Embalaje B,59.73,81.37,95.1,29.05,Normal,Origen A,Ambiente,Protocolo_1
Embalaje C,50.55,32.22,76.68,23.18,Normal,Origen D,Ambiente,Protocolo_1
Embalaje C,86.8,95.82,57.74,57.54,Normal,Origen B,Ambiente,Protocolo_1
Embalaje A,62.4,52.61,78.68,13.2,Frágil,Origen B,Ambiente,Protocolo_2
Embalaje B,7.52,84.37,9.99,74.01,Normal,Origen C,Ambiente,Protocolo_1
Embalaje B,48.8,21.9,95.68,37.1,Normal,Origen A,Ambiente,Protocolo_1
Embalaje A,97.74,16.21,17.18,82.5,Normal,Origen B,Ambiente,Protocolo_2
Embalaje B,78.96,15.02,77.97,15.11,Frágil,Origen C,Refrigerado,Protocolo_2
Embalaje C,85.46,58.14,69.55,68.21,Normal,Origen A,Ambiente,Protocolo_1
Embalaje C,37.63,72.55,71.44,86.84,Normal,Origen D,Ambiente,Protocolo_2
Embalaje A,26.91,63.43,95.56,17.9,Normal,Origen A,Ambiente,Protocolo_1
Embalaje C,99.45,35.81,9.19,72.28,Normal,Origen D,Ambiente,Protocolo_1
Embalaje A,47.58,27.39,14.39,26.57,Normal,Origen D,Ambiente,Protocolo_1
Embalaje B,48.38,34.56,29.83,63.23,Normal,Origen C,Ambiente,Protocolo_1
Embalaje A,29.91,46.16,85.26,23.15,Frágil,Origen D,Ambiente,Protocolo_2
Embalaje A,87.68,36.38,17.19,4.01,Normal,Origen D,Ambiente,Protocolo_1
Embalaje C,77.27,69.39,86.54,53.38,Frágil,Origen B,Ambiente,Protocolo_2
Embalaje A,5.05,85.84,39.9,32.37,Frágil,Origen C,Ambiente,Protocolo_2
Embalaje A,37.74,86.85,5.51,49.73,Frágil,Origen A,Ambiente,Protocolo_2
Embalaje B,49.54,40.71,21.08,19.92,Normal,Origen B,Ambiente,Protocolo_1
Embalaje C,24.71,81.76,5.63,96.1,Frágil,Origen C,Ambiente,Protocolo_2
Embalaje B,80.41,58.83,27.85,25.95,Frágil,Origen B,Ambiente,Protocolo_2
Embalaje C,47.76,10.84,33.29,54.24,Normal,Origen A,Ambiente,Protocolo_1
Embalaje A,27.45,37.37,97.63,12.2,Normal,Origen C,Ambiente,Protocolo_1
Embalaje B,93.11,17.03,68.71,57.7,Normal,Origen B,Ambiente,Protocolo_1
Embalaje B,58.71,35.95,74.45,20.75,Normal,Origen C,Refrigerado,Protocolo_1
Embalaje B,43.43,89.48,94.14,82.41,Normal,Origen C,Ambiente,Protocolo_2
Embalaje A,87.42,85.28,78.5,66.07,Normal,Origen C,Ambiente,Protocolo_1
Embalaje C,43.28,68.83,71.86,83.39,Normal,Origen D,Ambiente,Protocolo_2
Embalaje A,34.42,14.72,87.51,73.48,Normal,Origen A,Ambiente,Protocolo_1
Embalaje B,9.61,88.01,11.65,8.04,Normal,Origen D,Ambiente,Protocolo_1
Embalaje B,87.1,64.14,67.25,2.52,Normal,Origen A,Ambiente,Protocolo_1
Embalaje C,73.16,62.03,85.36,3.8,Frágil,Origen A,Ambiente,Protocolo_2
Embalaje B,58.95,25.2,64.83,8.07,Normal,Origen C,Ambiente,Protocolo_1
Embalaje B,32.71,41.47,35.54,84.68,Normal,Origen B,Ambiente,Protocolo_2
Embalaje B,62.01,73.41,67.59,85.95,Normal,Origen D,Ambiente,Protocolo_2
Embalaje C,49.29,79.37,90.82,1.23,Frágil,Origen B,Ambiente,Protocolo_2
Embalaje C,41.22,28.93,28.93,25.6,Frágil,Origen A,Ambiente,Protocolo_2
Embalaje C,17.67,53.33,43.93,30.38,Normal,Origen A,Ambiente,Protocolo_1
Embalaje C,51.14,10.12,94.47,26.68,Normal,Origen A,Ambiente,Protocolo_1
Embalaje C,48.58,22.21,68.19,22.52,Normal,Origen B,Ambiente,Protocolo_1
Embalaje A,87.49,56.76,73.1,6.28,Normal,Origen B,Ambiente,Protocolo_1
Embalaje A,57.38,26.28,45.92,60.88,Frágil,Origen C,Ambiente,Protocolo_2
Embalaje C,80.09,24.7,35.17,28.77,Normal,Origen A,Ambiente,Protocolo_1
Embalaje B,77.74,11.83,85.77,85.26,Normal,Origen A,Ambiente,Protocolo_2
Embalaje C,34.95,98.91,85.13,56.62,Normal,Origen A,Ambiente,Protocolo_1
Embalaje C,31.87,80.54,18.16,50.04,Frágil,Origen A,Ambiente,Protocolo_2
Embalaje C,16.35,11.55,33.27,81.34,Normal,Origen D,Ambiente,Protocolo_2
Embalaje C,64.18,70.33,8.51,8.58,Normal,Origen C,Ambiente,Protocolo_1
Embalaje A,70.68,53.01,75.19,49.62,Normal,Origen C,Ambiente,Protocolo_1
Embalaje C,7.34,76.35,40.06,21.55,Normal,Origen C,Ambiente,Protocolo_1
Embalaje C,65.19,9.89,54.11,90.55,Normal,Origen A,Ambiente,Protocolo_2
Embalaje C,41.18,59.03,66.5,90.77,Normal,Origen B,Ambiente,Protocolo_2
Embalaje C,67.17,27.46,70.87,9.57,Normal,Origen A,Ambiente,Protocolo_1
Embalaje B,87.25,73.63,90.54,89.44,Normal,Origen D,Ambiente,Protocolo_2
Embalaje A,65.27,52.29,12.57,4.88,Frágil,Origen D,Ambiente,Protocolo_2
Embalaje A,15.38,86.34,52.87,42.31,Normal,Origen A,Ambiente,Protocolo_1
Embalaje C,98.5,69.62,28.07,85.8,Normal,Origen C,Ambiente,Protocolo_2
Embalaje C,38.94,67.79,18.51,49.24,Normal,Origen A,Ambiente,Protocolo_1
Embalaje A,98.25,90.77,72.64,98.31,Normal,Origen D,Ambiente,Protocolo_2
Embalaje C,60.32,40.48,72.58,97.22,Normal,Origen A,Ambiente,Protocolo_2
Embalaje C,46.87,71.11,16.36,41.75,Frágil,Origen C,Ambiente,Protocolo_2
Embalaje B,56.54,75.21,76.81,92.83,Frágil,Origen D,Ambiente,Protocolo_2
Embalaje A,35.38,58.94,78.72,4.0,Normal,Origen D,Ambiente,Protocolo_1
Embalaje B,64.95,37.18,37.58,45.34,Normal,Origen D,Ambiente,Protocolo_1
Embalaje C,78.21,79.06,93.65,42.94,Frágil,Origen D,Ambiente,Protocolo_2
Embalaje B,95.38,95.03,57.32,1.86,Normal,Origen B,Ambiente,Protocolo_1
Embalaje C,75.91,71.48,13.6,12.87,Normal,Origen C,Ambiente,Protocolo_1
Embalaje A,95.79,78.45,69.22,50.2,Normal,Origen A,Ambiente,Protocolo_1
Embalaje C,90.99,38.93,74.44,12.3,Normal,Origen C,Ambiente,Protocolo_1
Embalaje A,27.48,50.08,10.9,31.45,Normal,Origen B,Ambiente,Protocolo_1
Embalaje C,55.79,49.67,37.28,36.28,Normal,Origen B,Ambiente,Protocolo_1
Embalaje A,44.49,41.95,37.41,42.55,Frágil,Origen C,Ambiente,Protocolo_2
Embalaje C,74.47,76.33,74.83,97.64,Frágil,Origen A,Ambiente,Protocolo_2
Embalaje B,35.15,47.11,63.51,4.77,Normal,Origen D,Ambiente,Protocolo_1
Embalaje B,10.49,30.16,20.79,33.74,Normal,Origen A,Ambiente,Protocolo_1
Embalaje C,12.26,64.11,40.58,98.48,Normal,Origen B,Ambiente,Protocolo_2
Embalaje B,57.77,42.31,34.09,72.93,Normal,Origen B,Refrigerado,Protocolo_1
Embalaje A,39.21,60.93,33.6,38.75,Normal,Origen D,Ambiente,Protocolo_1
Embalaje A,49.34,61.78,14.28,95.28,Normal,Origen D,Refrigerado,Protocolo_2
Embalaje A,31.25,47.0,29.25,21.7,Normal,Origen D,Ambiente,Protocolo_1
Embalaje C,81.09,79.32,33.8,27.25,Normal,Origen B,Ambiente,Protocolo_1
Embalaje A,68.81,23.57,84.17,51.44,Frágil,Origen A,Ambiente,Protocolo_2
Embalaje A,90.22,78.57,6.63,15.67,Normal,Origen D,Ambiente,Protocolo_1
Embalaje A,52.55,66.49,98.79,6.12,Normal,Origen A,Ambiente,Protocolo_1
Embalaje C,57.1,77.65,15.23,12.68,Normal,Origen B,Ambiente,Protocolo_1
Embalaje A,29.81,13.74,75.54,35.27,Normal,Origen A,Refrigerado,Protocolo_1
Embalaje B,60.48,6.21,20.95,83.76,Normal,Origen B,Ambiente,Protocolo_2
Embalaje C,57.53,29.03,10.97,82.02,Normal,Origen D,Refrigerado,Protocolo_2
Embalaje B,5.23,52.11,96.67,7.8,Normal,Origen B,Ambiente,Protocolo_1
Embalaje C,75.85,83.05,77.49,88.54,Normal,Origen B,Ambiente,Protocolo_2
Embalaje C,5.81,32.4,66.13,23.93,Normal,Origen C,Ambiente,Protocolo_1
Embalaje A,74.29,87.42,49.55,19.02,Normal,Origen B,Ambiente,Protocolo_1
Embalaje A,59.25,33.25,27.91,69.01,Normal,Origen D,Refrigerado,Protocolo_1
Embalaje C,17.15,86.42,56.93,97.65,Normal,Origen B,Ambiente,Protocolo_2
Embalaje C,67.67,35.51,79.36,33.79,Frágil,Origen D,Ambiente,Protocolo_2
Embalaje B,80.94,10.11,95.19,59.53,Frágil,Origen C,Ambiente,Protocolo_2
Embalaje C,9.75,41.24,56.91,24.14,Normal,Origen C,Ambiente,Protocolo_1
Embalaje A,20.6,16.9,16.81,43.97,Frágil,Origen C,Ambiente,Protocolo_2
Embalaje B,21.31,93.76,81.88,10.1,Normal,Origen D,Ambiente,Protocolo_1
Embalaje B,63.18,93.07,33.19,36.11,Frágil,Origen C,Ambiente,Protocolo_2
Embalaje B,17.41,63.08,62.18,56.39,Normal,Origen C,Ambiente,Protocolo_1
Embalaje A,52.95,40.64,49.97,90.91,Normal,Origen B,Ambiente,Protocolo_2
Embalaje A,78.4,17.73,73.05,19.85,Frágil,Origen C,Ambiente,Protocolo_2
Embalaje A,29.62,39.81,30.77,38.01,Normal,Origen D,Ambiente,Protocolo_1
Embalaje B,63.57,90.43,79.07,85.56,Normal,Origen A,Ambiente,Protocolo_2
Embalaje C,12.18,81.13,94.31,13.01,Frágil,Origen B,Ambiente,Protocolo_2
Embalaje B,91.12,50.55,64.34,2.34,Normal,Origen B,Ambiente,Protocolo_1
Embalaje A,38.61,79.46,32.97,62.7,Normal,Origen A,Ambiente,Protocolo_1
Embalaje A,15.36,27.55,16.2,92.21,Frágil,Origen B,Ambiente,Protocolo_2
Embalaje B,98.6,21.78,71.26,48.82,Normal,Origen C,Ambiente,Protocolo_1
Embalaje B,82.56,29.58,73.04,31.8,Normal,Origen B,Refrigerado,Protocolo_1
Embalaje B,84.13,59.74,42.81,32.06,Normal,Origen B,Ambiente,Protocolo_1
Embalaje A,5.7,72.52,30.49,58.78,Normal,Origen A,Ambiente,Protocolo_1
Embalaje C,7.45,62.02,67.49,41.49,Normal,Origen D,Ambiente,Protocolo_1
Embalaje C,72.11,26.79,14.89,5.04,Normal,Origen A,Ambiente,Protocolo_1
Embalaje C,20.31,6.62,25.95,52.19,Normal,Origen D,Ambiente,Protocolo_1
Embalaje B,49.44,71.06,35.51,14.88,Normal,Origen B,Ambiente,Protocolo_1
Embalaje C,79.64,85.36,45.45,66.92,Normal,Origen B,Ambiente,Protocolo_1
Embalaje B,35.45,25.05,85.55,24.33,Normal,Origen D,Ambiente,Protocolo_1
Embalaje C,54.54,20.76,8.9,62.67,Frágil,Origen D,Ambiente,Protocolo_2
Embalaje B,87.18,31.66,67.54,12.42,Normal,Origen B,Ambiente,Protocolo_1
Embalaje B,19.6,47.86,64.24,65.07,Normal,Origen A,Ambiente,Protocolo_1
Embalaje B,11.63,46.12,65.72,83.47,Normal,Origen D,Ambiente,Protocolo_2
Embalaje B,36.87,32.07,78.99,71.83,Frágil,Origen D,Refrigerado,Protocolo_2
Embalaje A,61.79,42.09,74.47,61.49,Normal,Origen D,Ambiente,Protocolo_1
Embalaje A,42.08,34.39,72.08,41.05,Normal,Origen B,Ambiente,Protocolo_1
Embalaje A,68.99,24.75,34.63,38.56,Frágil,Origen D,Refrigerado,Protocolo_2
Embalaje A,27.67,46.02,14.06,77.33,Frágil,Origen A,Ambiente,Protocolo_2
Embalaje B,68.5,82.77,45.75,15.69,Normal,Origen B,Refrigerado,Protocolo_1
Embalaje C,93.2,27.59,58.48,42.62,Normal,Origen B,Ambiente,Protocolo_1
Embalaje C,48.12,68.82,73.25,79.27,Normal,Origen D,Ambiente,Protocolo_1
Embalaje B,56.16,97.3,68.86,38.28,Frágil,Origen A,Ambiente,Protocolo_2
Embalaje B,19.79,22.62,63.72,78.73,Normal,Origen C,Ambiente,Protocolo_1
Embalaje B,39.07,36.55,10.02,57.66,Normal,Origen B,Ambiente,Protocolo_1
Embalaje C,28.48,25.93,53.34,61.88,Normal,Origen A,Ambiente,Protocolo_1
Embalaje A,55.84,96.28,99.05,98.32,Normal,Origen D,Ambiente,Protocolo_2
Embalaje A,23.78,80.95,70.31,99.41,Normal,Origen C,Ambiente,Protocolo_2
Embalaje A,41.68,79.29,7.04,19.9,Normal,Origen C,Ambiente,Protocolo_1
Embalaje C,81.07,40.99,13.47,49.27,Normal,Origen A,Ambiente,Protocolo_1
Embalaje C,92.43,21.75,89.34,83.61,Normal,Origen B,Ambiente,Protocolo_2
Embalaje B,62.97,45.38,56.41,43.96,Normal,Origen D,Ambiente,Protocolo_1
Embalaje A,66.61,66.75,50.23,19.51,Normal,Origen A,Ambiente,Protocolo_1
Embalaje B,30.26,25.24,41.89,20.55,Normal,Origen A,Ambiente,Protocolo_1
Embalaje C,86.75,62.87,91.72,99.36,Normal,Origen A,Refrigerado,Protocolo_2
Embalaje C,56.35,16.68,48.16,46.65,Normal,Origen B,Ambiente,Protocolo_1
Embalaje A,12.29,93.92,40.77,19.07,Normal,Origen A,Ambiente,Protocolo_1
Embalaje C,41.0,81.87,16.53,88.3,Normal,Origen D,Ambiente,Protocolo_2
Embalaje B,89.67,71.59,93.38,91.76,Normal,Origen A,Ambiente,Protocolo_2
Embalaje C,13.88,65.73,61.94,55.38,Normal,Origen D,Refrigerado,Protocolo_1
Embalaje B,23.15,99.43,85.35,7.11,Frágil,Origen D,Ambiente,Protocolo_2
Embalaje B,15.22,85.28,76.78,82.55,Frágil,Origen D,Ambiente,Protocolo_2
Embalaje B,76.76,11.34,12.67,9.64,Normal,Origen B,Ambiente,Protocolo_1
Embalaje A,44.17,16.28,64.49,17.46,Normal,Origen D,Ambiente,Protocolo_1
Embalaje C,49.01,41.58,25.85,38.16,Normal,Origen B,Ambiente,Protocolo_1
Embalaje B,5.21,11.29,47.25,76.77,Normal,Origen B,Ambiente,Protocolo_1
Embalaje B,60.82,67.38,36.91,36.87,Normal,Origen B,Ambiente,Protocolo_1
Embalaje A,76.61,65.87,37.35,65.48,Normal,Origen D,Ambiente,Protocolo_1
Embalaje A,59.94,26.82,27.45,29.68,Frágil,Origen B,Ambiente,Protocolo_2
Embalaje A,62.3,12.66,84.04,85.52,Normal,Origen C,Ambiente,Protocolo_2
Embalaje C,75.28,67.26,34.81,66.92,Normal,Origen C,Ambiente,Protocolo_1
Embalaje B,24.9,34.83,62.22,68.84,Normal,Origen B,Refrigerado,Protocolo_1
Embalaje B,29.71,41.89,17.73,18.7,Normal,Origen B,Ambiente,Protocolo_1
Embalaje A,79.13,66.1,71.57,53.02,Normal,Origen C,Ambiente,Protocolo_1
Embalaje C,59.1,63.06,35.2,78.82,Normal,Origen C,Ambiente,Protocolo_1
Embalaje A,28.9,59.91,34.14,34.52,Normal,Origen A,Ambiente,Protocolo_1
Embalaje C,19.49,61.47,82.91,83.64,Normal,Origen D,Ambiente,Protocolo_2
Embalaje C,54.42,66.12,36.59,53.46,Frágil,Origen A,Ambiente,Protocolo_2
Embalaje C,94.26,41.64,77.3,17.52,Normal,Origen B,Ambiente,Protocolo_1
Embalaje A,62.14,71.11,24.47,15.59,Normal,Origen A,Ambiente,Protocolo_1
Embalaje A,53.83,74.07,5.38,36.11,Normal,Origen D,Ambiente,Protocolo_1
Embalaje C,76.9,76.02,72.71,79.63,Frágil,Origen D,Ambiente,Protocolo_2
Embalaje B,41.47,80.16,79.82,88.49,Normal,Origen A,Refrigerado,Protocolo_2
Embalaje B,58.99,76.59,58.32,88.6,Frágil,Origen D,Ambiente,Protocolo_2
Embalaje B,74.88,19.39,92.21,77.35,Normal,Origen D,Ambiente,Protocolo_1
Embalaje A,17.28,97.33,71.66,67.3,Frágil,Origen C,Ambiente,Protocolo_2
Embalaje C,92.88,42.27,60.45,59.68,Frágil,Origen A,Ambiente,Protocolo_2
Embalaje B,66.77,71.41,61.06,68.39,Frágil,Origen C,Ambiente,Protocolo_2
Embalaje B,97.82,27.43,18.76,92.16,Normal,Origen B,Ambiente,Protocolo_2
Embalaje B,39.58,80.73,23.77,90.83,Normal,Origen D,Ambiente,Protocolo_2
Embalaje C,31.54,41.14,90.81,43.61,Normal,Origen C,Ambiente,Protocolo_1
Embalaje C,96.04,23.06,77.73,92.71,Frágil,Origen A,Refrigerado,Protocolo_2
Embalaje A,90.68,71.51,83.58,39.53,Frágil,Origen D,Ambiente,Protocolo_2
Embalaje C,46.15,49.16,81.02,30.14,Normal,Origen B,Ambiente,Protocolo_1
Embalaje A,6.45,15.34,15.61,20.49,Normal,Origen B,Ambiente,Protocolo_1
Embalaje A,14.3,13.56,86.88,87.11,Normal,Origen B,Refrigerado,Protocolo_2
Embalaje B,57.07,71.81,58.18,10.88,Frágil,Origen B,Ambiente,Protocolo_2
Embalaje C,77.1,18.59,74.21,8.16,Normal,Origen A,Ambiente,Protocolo_1
Embalaje A,37.25,78.24,54.36,50.06,Frágil,Origen C,Refrigerado,Protocolo_2
Embalaje C,72.65,93.57,53.85,91.68,Normal,Origen B,Ambiente,Protocolo_2
Embalaje A,84.45,70.06,11.08,71.14,Normal,Origen D,Ambiente,Protocolo_1
Embalaje B,20.45,85.82,77.01,43.22,Frágil,Origen D,Ambiente,Protocolo_2
Embalaje A,15.54,89.79,50.99,29.91,Normal,Origen D,Ambiente,Protocolo_1
Embalaje C,13.13,42.09,80.71,72.9,Frágil,Origen B,Ambiente,Protocolo_2
Embalaje B,5.83,70.6,41.23,39.18,Normal,Origen D,Ambiente,Protocolo_1
Embalaje C,57.71,92.68,90.04,47.04,Normal,Origen C,Ambiente,Protocolo_1
Embalaje B,50.91,73.49,89.26,78.81,Normal,Origen A,Ambiente,Protocolo_1
Embalaje B,66.74,39.2,50.02,65.39,Normal,Origen A,Ambiente,Protocolo_1
Embalaje B,24.42,78.56,81.53,60.87,Frágil,Origen A,Ambiente,Protocolo_2
Embalaje B,33.65,43.72,99.18,2.83,Normal,Origen D,Ambiente,Protocolo_1
Embalaje A,26.99,62.66,69.19,98.36,Normal,Origen B,Refrigerado,Protocolo_2
Embalaje B,31.07,68.76,18.04,97.11,Normal,Origen D,Ambiente,Protocolo_2
Embalaje C,47.3,52.24,25.73,60.53,Normal,Origen C,Ambiente,Protocolo_1
Embalaje B,82.25,30.89,54.52,4.74,Normal,Origen D,Ambiente,Protocolo_1
Embalaje B,13.8,80.13,26.24,53.61,Normal,Origen A,Ambiente,Protocolo_1
Embalaje B,86.1,48.74,96.93,69.75,Normal,Origen B,Ambiente,Protocolo_1
Embalaje A,43.38,73.44,37.86,78.33,Normal,Origen D,Ambiente,Protocolo_1
Embalaje B,20.11,41.46,61.28,65.17,Normal,Origen C,Ambiente,Protocolo_1
Embalaje A,44.34,51.89,13.49,29.95,Normal,Origen B,Ambiente,Protocolo_1
Embalaje B,62.22,87.06,76.91,61.42,Normal,Origen A,Ambiente,Protocolo_1
Embalaje C,93.82,26.5,48.63,14.8,Normal,Origen A,Refrigerado,Protocolo_1
Embalaje C,52.47,49.57,9.83,33.42,Normal,Origen C,Ambiente,Protocolo_1
Embalaje C,12.16,48.96,98.22,39.27,Normal,Origen D,Ambiente,Protocolo_1
Embalaje A,12.33,73.78,92.9,44.57,Normal,Origen D,Ambiente,Protocolo_1
Embalaje A,21.94,99.57,77.77,84.65,Normal,Origen C,Ambiente,Protocolo_2
Embalaje C,21.08,26.67,52.46,89.35,Frágil,Origen A,Ambiente,Protocolo_2
Embalaje C,60.45,60.14,11.14,48.76,Normal,Origen B,Ambiente,Protocolo_1
Embalaje C,79.92,38.59,82.79,25.61,Normal,Origen B,Ambiente,Protocolo_1
Embalaje B,15.94,59.3,54.71,3.84,Frágil,Origen D,Ambiente,Protocolo_2
Embalaje C,87.07,78.06,57.61,23.39,Normal,Origen C,Ambiente,Protocolo_1
Embalaje A,40.51,60.38,34.11,61.22,Frágil,Origen C,Ambiente,Protocolo_2
Embalaje B,77.56,17.46,10.31,17.3,Normal,Origen B,Ambiente,Protocolo_1
Embalaje B,16.27,35.01,68.75,36.49,Frágil,Origen D,Ambiente,Protocolo_2
Embalaje C,66.77,5.46,6.6,58.1,Normal,Origen B,Refrigerado,Protocolo_1
Embalaje B,88.04,52.49,44.24,21.72,Normal,Origen B,Ambiente,Protocolo_1
Embalaje B,53.49,9.12,85.25,51.57,Frágil,Origen A,Ambiente,Protocolo_2
Embalaje A,76.96,14.22,45.22,3.95,Normal,Origen D,Ambiente,Protocolo_1
Embalaje A,41.23,72.07,62.71,58.24,Normal,Origen D,Ambiente,Protocolo_1
Embalaje B,40.85,62.29,93.4,50.86,Normal,Origen A,Ambiente,Protocolo_1
Embalaje A,89.98,44.87,17.46,84.83,Normal,Origen B,Ambiente,Protocolo_2
Embalaje C,74.63,15.96,25.36,4.83,Normal,Origen B,Ambiente,Protocolo_1
Embalaje C,27.12,58.19,96.84,80.38,Frágil,Origen D,Ambiente,Protocolo_2
Embalaje B,5.15,93.37,68.88,52.68,Frágil,Origen C,Ambiente,Protocolo_2
Embalaje C,16.84,80.23,93.46,89.58,Normal,Origen A,Ambiente,Protocolo_2
Embalaje A,34.17,66.0,46.82,58.43,Frágil,Origen C,Ambiente,Protocolo_2
Embalaje A,84.43,63.48,9.0,54.8,Normal,Origen A,Ambiente,Protocolo_1
Embalaje A,45.0,26.43,63.84,47.31,Normal,Origen B,Ambiente,Protocolo_1
Embalaje C,86.62,32.75,99.66,35.38,Normal,Origen C,Ambiente,Protocolo_1
Embalaje C,36.58,65.33,94.46,90.38,Normal,Origen A,Ambiente,Protocolo_2
Embalaje C,49.57,89.35,37.64,58.95,Normal,Origen C,Ambiente,Protocolo_1
Embalaje B,80.29,30.97,64.41,9.68,Normal,Origen A,Ambiente,Protocolo_1
Embalaje A,32.45,22.2,80.72,71.73,Normal,Origen C,Refrigerado,Protocolo_1
Embalaje B,79.37,97.92,82.98,87.52,Normal,Origen B,Ambiente,Protocolo_2
Embalaje C,59.44,77.96,97.65,27.11,Frágil,Origen C,Ambiente,Protocolo_2
Embalaje B,71.66,55.85,66.9,13.93,Frágil,Origen B,Ambiente,Protocolo_2
Embalaje C,11.87,37.2,15.27,88.31,Normal,Origen C,Ambiente,Protocolo_2
Embalaje B,17.44,43.6,83.63,19.17,Normal,Origen A,Ambiente,Protocolo_1
Embalaje A,67.74,8.08,92.89,40.5,Normal,Origen C,Ambiente,Protocolo_1
Embalaje B,16.68,47.46,33.37,86.94,Normal,Origen D,Ambiente,Protocolo_2
Embalaje A,28.51,30.18,31.64,5.67,Normal,Origen C,Ambiente,Protocolo_1
Embalaje C,95.35,42.39,88.84,88.93,Normal,Origen D,Ambiente,Protocolo_2
Embalaje A,44.72,12.74,46.88,59.91,Normal,Origen A,Ambiente,Protocolo_1
Embalaje C,56.85,61.55,94.45,51.5,Frágil,Origen C,Ambiente,Protocolo_2
Embalaje A,79.12,80.57,60.24,56.82,Normal,Origen C,Ambiente,Protocolo_1
Embalaje C,53.5,94.96,77.82,10.84,Frágil,Origen C,Ambiente,Protocolo_2
Embalaje C,90.75,64.93,54.71,51.88,Normal,Origen B,Ambiente,Protocolo_1
Embalaje C,74.07,8.76,59.05,55.58,Frágil,Origen A,Ambiente,Protocolo_2
Embalaje A,10.96,90.83,50.92,78.36,Normal,Origen A,Ambiente,Protocolo_1
Embalaje B,20.97,85.85,38.22,99.48,Normal,Origen B,Ambiente,Protocolo_2
Embalaje C,99.85,67.17,50.0,32.01,Normal,Origen C,Ambiente,Protocolo_1
Embalaje C,82.42,72.36,93.47,66.44,Normal,Origen B,Ambiente,Protocolo_1
Embalaje C,55.24,67.38,89.22,81.13,Normal,Origen C,Ambiente,Protocolo_2
Embalaje A,44.33,90.69,75.84,20.93,Normal,Origen A,Refrigerado,Protocolo_1
Embalaje C,94.34,10.23,64.95,55.99,Normal,Origen D,Ambiente,Protocolo_1
Embalaje C,90.98,98.83,28.63,88.97,Frágil,Origen B,Ambiente,Protocolo_2
Embalaje A,94.99,28.82,15.49,30.47,Frágil,Origen C,Ambiente,Protocolo_2
Embalaje C,15.58,64.5,23.52,15.14,Normal,Origen A,Ambiente,Protocolo_1
Embalaje A,51.04,52.82,24.05,24.16,Normal,Origen C,Refrigerado,Protocolo_1
Embalaje C,32.83,49.62,95.16,68.7,Normal,Origen D,Refrigerado,Protocolo_1
Embalaje A,74.25,91.53,59.7,67.72,Normal,Origen B,Refrigerado,Protocolo_1
Embalaje C,59.29,29.85,39.67,34.36,Frágil,Origen A,Ambiente,Protocolo_2
Embalaje B,46.48,79.41,58.46,23.31,Normal,Origen C,Ambiente,Protocolo_1
Embalaje B,8.4,9.68,34.23,96.9,Normal,Origen A,Ambiente,Protocolo_2
Embalaje A,22.84,66.27,34.95,86.52,Frágil,Origen C,Ambiente,Protocolo_2
Embalaje A,61.98,53.26,32.76,37.72,Normal,Origen B,Ambiente,Protocolo_1
Embalaje A,92.51,67.79,94.62,30.3,Normal,Origen D,Refrigerado,Protocolo_1
Embalaje B,52.53,78.62,56.87,41.15,Normal,Origen B,Ambiente,Protocolo_1
Embalaje A,66.1,47.78,56.13,52.26,Normal,Origen C,Refrigerado,Protocolo_1
Embalaje B,16.15,41.93,34.29,20.11,Normal,Origen B,Ambiente,Protocolo_1
Embalaje A,45.77,58.45,57.35,50.05,Normal,Origen B,Refrigerado,Protocolo_1
Embalaje C,60.92,49.81,99.33,81.14,Normal,Origen D,Ambiente,Protocolo_2
Embalaje B,83.19,98.35,41.33,66.23,Frágil,Origen A,Ambiente,Protocolo_2
Embalaje C,9.01,28.04,28.67,72.77,Normal,Origen C,Ambiente,Protocolo_1
Embalaje A,14.86,35.3,79.63,91.63,Frágil,Origen A,Ambiente,Protocolo_2
Embalaje B,13.71,65.49,15.94,15.51,Normal,Origen B,Ambiente,Protocolo_1
Embalaje C,87.03,89.52,96.66,6.23,Normal,Origen A,Ambiente,Protocolo_1
Embalaje A,87.47,13.22,86.88,5.4,Normal,Origen C,Ambiente,Protocolo_1
Embalaje C,86.58,72.3,70.84,22.11,Normal,Origen C,Ambiente,Protocolo_1
Embalaje C,62.1,26.04,25.35,83.36,Normal,Origen D,Ambiente,Protocolo_2
Embalaje B,85.27,64.62,88.64,34.55,Frágil,Origen A,Ambiente,Protocolo_2
Embalaje A,47.83,40.61,31.16,98.7,Normal,Origen B,Ambiente,Protocolo_2
Embalaje B,26.78,18.38,85.61,70.08,Normal,Origen D,Ambiente,Protocolo_1
Embalaje B,9.52,61.41,99.01,96.56,Normal,Origen A,Ambiente,Protocolo_2
Embalaje C,97.86,31.86,60.03,97.03,Frágil,Origen A,Ambiente,Protocolo_2
Embalaje C,54.0,18.53,20.77,21.25,Normal,Origen C,Ambiente,Protocolo_1
Embalaje C,67.14,91.12,76.14,63.76,Normal,Origen A,Ambiente,Protocolo_1
Embalaje B,52.88,63.49,64.33,94.26,Normal,Origen D,Ambiente,Protocolo_2
Embalaje B,46.65,26.56,73.99,69.76,Normal,Origen B,Ambiente,Protocolo_1
Embalaje B,20.38,65.88,75.26,16.02,Normal,Origen A,Ambiente,Protocolo_1
Embalaje C,79.83,80.76,58.42,26.11,Normal,Origen B,Ambiente,Protocolo_1
Embalaje B,59.3,57.37,99.78,59.44,Normal,Origen C,Ambiente,Protocolo_1
Embalaje A,19.49,14.17,25.32,13.27,Normal,Origen A,Ambiente,Protocolo_1
Embalaje C,95.29,39.97,44.78,46.1,Normal,Origen A,Ambiente,Protocolo_1
Embalaje C,22.27,88.76,58.72,14.11,Normal,Origen A,Ambiente,Protocolo_1
Embalaje C,50.96,23.45,36.58,41.18,Normal,Origen A,Ambiente,Protocolo_1
Embalaje C,19.06,39.37,32.07,20.38,Normal,Origen B,Ambiente,Protocolo_1
Embalaje A,31.53,38.9,63.76,75.57,Normal,Origen A,Ambiente,Protocolo_1
Embalaje A,55.63,13.59,42.88,56.51,Frágil,Origen C,Ambiente,Protocolo_2
Embalaje A,18.62,53.13,34.05,82.67,Normal,Origen B,Ambiente,Protocolo_2
Embalaje B,29.83,12.64,77.39,56.73,Normal,Origen A,Ambiente,Protocolo_1
Embalaje A,26.73,82.53,23.71,66.37,Normal,Origen C,Ambiente,Protocolo_1
Embalaje B,52.68,68.5,48.89,27.61,Normal,Origen C,Ambiente,Protocolo_1
Embalaje A,10.13,29.88,52.99,48.33,Normal,Origen D,Ambiente,Protocolo_1
Embalaje B,86.15,89.58,56.27,70.85,Normal,Origen D,Ambiente,Protocolo_1
Embalaje B,22.39,79.49,68.52,27.6,Normal,Origen D,Ambiente,Protocolo_1
Embalaje A,68.5,81.8,67.84,88.72,Normal,Origen C,Ambiente,Protocolo_2
Embalaje C,38.5,89.58,32.7,43.6,Normal,Origen C,Ambiente,Protocolo_1
Embalaje B,62.34,88.2,13.42,62.26,Normal,Origen B,Ambiente,Protocolo_1
Embalaje C,78.41,5.35,23.53,79.17,Normal,Origen D,Ambiente,Protocolo_1
Embalaje A,13.75,55.85,29.24,65.05,Normal,Origen A,Ambiente,Protocolo_1
Embalaje B,84.83,62.77,93.83,27.14,Normal,Origen D,Ambiente,Protocolo_1
Embalaje B,49.18,15.29,23.76,88.13,Normal,Origen A,Ambiente,Protocolo_2
Embalaje A,36.94,87.88,55.68,94.9,Frágil,Origen C,Ambiente,Protocolo_2
Embalaje C,21.47,17.88,77.95,44.55,Normal,Origen C,Refrigerado,Protocolo_1
Embalaje B,28.41,40.33,66.25,81.69,Frágil,Origen A,Ambiente,Protocolo_2
Embalaje C,91.69,73.42,10.7,1.96,Frágil,Origen D,Ambiente,Protocolo_2
Embalaje C,21.62,12.46,79.47,41.42,Normal,Origen A,Ambiente,Protocolo_1
Embalaje B,7.85,38.97,10.6,40.34,Normal,Origen A,Ambiente,Protocolo_1
Embalaje A,43.01,8.39,40.41,96.49,Normal,Origen D,Ambiente,Protocolo_2
Embalaje A,66.23,39.14,96.57,50.22,Normal,Origen B,Refrigerado,Protocolo_1
Embalaje C,99.15,90.99,70.76,80.52,Normal,Origen D,Ambiente,Protocolo_2
Embalaje B,30.56,79.91,20.73,49.31,Normal,Origen C,Ambiente,Protocolo_1
Embalaje A,33.77,31.89,62.5,32.81,Normal,Origen B,Ambiente,Protocolo_1
Embalaje A,73.3,90.22,74.7,77.97,Normal,Origen D,Ambiente,Protocolo_1
Embalaje C,20.86,77.94,48.99,31.9,Normal,Origen C,Ambiente,Protocolo_1
Embalaje A,78.08,75.23,49.43,54.25,Normal,Origen D,Ambiente,Protocolo_1
Embalaje A,57.59,19.9,99.32,20.08,Normal,Origen B,Ambiente,Protocolo_1
Embalaje A,71.43,26.79,8.86,9.06,Normal,Origen C,Ambiente,Protocolo_1
Embalaje A,82.94,38.71,47.14,99.62,Normal,Origen D,Ambiente,Protocolo_2
Embalaje B,51.97,50.96,8.05,71.1,Normal,Origen A,Ambiente,Protocolo_1
Embalaje B,18.76,19.38,63.52,93.06,Normal,Origen D,Ambiente,Protocolo_2
Embalaje A,27.11,86.11,76.74,58.42,Normal,Origen B,Ambiente,Protocolo_1
Embalaje A,60.99,87.13,44.39,81.67,Normal,Origen C,Ambiente,Protocolo_2
Embalaje C,41.29,85.77,47.3,87.89,Frágil,Origen B,Ambiente,Protocolo_2
Embalaje A,15.22,31.93,63.89,9.81,Normal,Origen C,Ambiente,Protocolo_1
Embalaje C,95.92,90.66,11.29,9.19,Normal,Origen B,Ambiente,Protocolo_1
Embalaje A,90.74,82.45,36.34,5.09,Normal,Origen B,Ambiente,Protocolo_1
Embalaje B,55.03,17.95,30.24,70.11,Normal,Origen B,Ambiente,Protocolo_1
Embalaje A,80.96,47.89,40.76,30.84,Normal,Origen B,Ambiente,Protocolo_1
Embalaje A,85.57,15.14,8.96,35.07,Normal,Origen A,Ambiente,Protocolo_1
Embalaje B,67.26,23.78,42.82,85.21,Frágil,Origen A,Ambiente,Protocolo_2
Embalaje C,14.31,36.3,55.69,27.1,Frágil,Origen D,Ambiente,Protocolo_2
Embalaje C,48.28,11.11,64.95,16.6,Normal,Origen C,Ambiente,Protocolo_1
Embalaje C,95.65,47.73,19.95,90.82,Normal,Origen A,Ambiente,Protocolo_2
Embalaje C,88.29,82.68,13.57,13.89,Frágil,Origen D,Ambiente,Protocolo_2
Embalaje B,72.99,78.81,28.58,46.41,Normal,Origen B,Ambiente,Protocolo_1
Embalaje B,26.45,73.21,30.35,84.68,Normal,Origen D,Ambiente,Protocolo_2
Embalaje A,19.52,6.82,59.75,37.77,Normal,Origen B,Ambiente,Protocolo_1
Embalaje A,49.03,58.34,25.83,22.03,Normal,Origen D,Ambiente,Protocolo_1
Embalaje A,22.36,46.28,81.68,56.54,Normal,Origen A,Ambiente,Protocolo_1
Embalaje B,53.69,74.62,82.33,90.8,Normal,Origen C,Ambiente,Protocolo_2
Embalaje A,51.1,6.21,11.11,46.75,Normal,Origen A,Ambiente,Protocolo_1
Embalaje A,22.78,80.77,28.45,46.27,Normal,Origen D,Ambiente,Protocolo_1
Embalaje C,8.17,91.0,27.0,90.55,Normal,Origen D,Ambiente,Protocolo_2
Embalaje A,25.64,72.7,9.76,95.82,Normal,Origen A,Ambiente,Protocolo_2
Embalaje A,22.14,23.95,88.48,1.72,Normal,Origen A,Ambiente,Protocolo_1
Embalaje B,51.67,88.11,74.48,81.6,Normal,Origen B,Ambiente,Protocolo_2
Embalaje B,60.67,30.01,16.77,12.09,Frágil,Origen A,Ambiente,Protocolo_2
Embalaje C,10.77,69.23,59.93,75.06,Frágil,Origen D,Refrigerado,Protocolo_2
Embalaje B,43.38,74.61,19.8,20.54,Normal,Origen A,Ambiente,Protocolo_1
Embalaje A,57.51,10.34,70.54,94.38,Normal,Origen C,Ambiente,Protocolo_2
Embalaje C,64.69,19.03,14.36,92.94,Normal,Origen D,Refrigerado,Protocolo_2
Embalaje C,81.06,23.52,60.27,64.35,Normal,Origen D,Ambiente,Protocolo_1
Embalaje A,98.17,52.9,11.44,29.85,Frágil,Origen B,Ambiente,Protocolo_2
Embalaje B,50.48,17.66,84.76,71.29,Normal,Origen D,Ambiente,Protocolo_1
Embalaje A,80.38,60.52,76.37,57.12,Normal,Origen A,Ambiente,Protocolo_1
Embalaje B,37.02,61.2,57.04,51.87,Frágil,Origen A,Refrigerado,Protocolo_2
Embalaje C,95.54,44.97,50.12,82.67,Normal,Origen D,Ambiente,Protocolo_2
Embalaje A,90.53,74.34,14.13,76.01,Normal,Origen C,Ambiente,Protocolo_1
Embalaje A,93.48,93.49,53.76,19.05,Frágil,Origen D,Ambiente,Protocolo_2
Embalaje A,53.09,22.57,39.55,40.24,Normal,Origen B,Ambiente,Protocolo_1
Embalaje B,22.04,26.48,93.38,40.18,Normal,Origen A,Ambiente,Protocolo_1
Embalaje B,48.2,86.82,39.23,71.42,Normal,Origen B,Ambiente,Protocolo_1
Embalaje A,74.24,69.73,22.66,16.93,Normal,Origen A,Ambiente,Protocolo_1
Embalaje A,78.72,89.75,70.26,19.93,Normal,Origen B,Ambiente,Protocolo_1
Embalaje B,87.57,49.91,65.56,65.51,Normal,Origen D,Ambiente,Protocolo_1
Embalaje C,36.79,69.94,97.17,11.55,Normal,Origen D,Ambiente,Protocolo_1
Embalaje A,83.91,19.88,99.52,67.16,Frágil,Origen D,Ambiente,Protocolo_2
Embalaje C,69.65,23.57,27.7,51.09,Normal,Origen C,Ambiente,Protocolo_1
Embalaje C,36.81,70.17,46.66,45.79,Normal,Origen D,Ambiente,Protocolo_1
Embalaje A,44.36,68.37,75.21,26.55,Normal,Origen B,Ambiente,Protocolo_1
Embalaje B,63.59,71.59,49.24,75.23,Frágil,Origen C,Ambiente,Protocolo_2
Embalaje B,48.1,11.07,25.53,78.47,Normal,Origen A,Ambiente,Protocolo_1
Embalaje C,48.5,53.79,40.65,61.91,Normal,Origen A,Ambiente,Protocolo_1
Embalaje C,77.53,5.19,27.8,81.01,Frágil,Origen D,Refrigerado,Protocolo_2
Embalaje C,58.72,29.37,41.42,52.68,Frágil,Origen B,Refrigerado,Protocolo_2
Embalaje A,11.88,20.01,71.01,42.98,Frágil,Origen D,Ambiente,Protocolo_2
Embalaje A,88.13,31.9,81.47,48.04,Normal,Origen D,Ambiente,Protocolo_1
Embalaje B,69.03,10.4,10.3,39.7,Normal,Origen A,Ambiente,Protocolo_1
Embalaje B,67.82,49.62,54.62,12.82,Normal,Origen A,Refrigerado,Protocolo_1
Embalaje A,33.03,99.59,50.8,99.01,Frágil,Origen C,Ambiente,Protocolo_2
Embalaje B,79.91,88.79,64.6,97.21,Normal,Origen A,Ambiente,Protocolo_2
Embalaje A,79.13,98.79,78.91,79.44,Normal,Origen B,Ambiente,Protocolo_1
Embalaje A,30.58,87.4,73.08,54.1,Normal,Origen A,Ambiente,Protocolo_1
Embalaje A,98.1,67.85,96.94,76.54,Normal,Origen C,Ambiente,Protocolo_1
Embalaje A,61.04,46.02,44.73,59.92,Normal,Origen B,Ambiente,Protocolo_1
Embalaje A,44.95,78.18,17.4,3.59,Normal,Origen B,Ambiente,Protocolo_1
Embalaje A,93.67,34.06,68.19,2.9,Normal,Origen B,Ambiente,Protocolo_1
Embalaje A,46.22,71.71,98.78,10.45,Normal,Origen B,Ambiente,Protocolo_1
Embalaje C,15.27,8.84,98.41,63.37,Normal,Origen B,Ambiente,Protocolo_1
Embalaje B,41.58,27.52,58.73,47.03,Normal,Origen D,Ambiente,Protocolo_1
Embalaje C,82.0,20.16,9.6,50.99,Normal,Origen A,Ambiente,Protocolo_1
Embalaje B,53.87,15.75,95.45,5.38,Normal,Origen D,Ambiente,Protocolo_1
Embalaje C,33.02,64.03,77.71,48.15,Normal,Origen B,Ambiente,Protocolo_1
Embalaje A,58.26,29.27,98.97,73.58,Normal,Origen B,Ambiente,Protocolo_1
Embalaje B,90.73,48.15,85.81,83.29,Frágil,Origen D,Ambiente,Protocolo_2
Embalaje B,69.05,54.78,84.54,61.95,Frágil,Origen D,Ambiente,Protocolo_2
Embalaje C,58.37,14.47,99.25,4.94,Frágil,Origen C,Ambiente,Protocolo_2
Embalaje B,84.81,12.07,77.74,80.04,Normal,Origen B,Ambiente,Protocolo_2
Embalaje B,36.92,63.35,89.81,79.49,Frágil,Origen B,Ambiente,Protocolo_2
Embalaje B,14.34,67.69,29.06,86.28,Normal,Origen B,Refrigerado,Protocolo_2
Embalaje C,18.56,97.94,55.66,69.87,Frágil,Origen A,Ambiente,Protocolo_2
Embalaje C,68.59,16.54,31.19,23.95,Normal,Origen A,Ambiente,Protocolo_1
Embalaje B,10.31,73.77,12.85,35.24,Frágil,Origen A,Ambiente,Protocolo_2
Embalaje B,15.37,9.17,90.51,83.92,Normal,Origen D,Ambiente,Protocolo_2
Embalaje B,5.52,27.94,60.04,76.87,Frágil,Origen C,Ambiente,Protocolo_2
Embalaje B,16.75,41.24,14.45,65.78,Normal,Origen C,Refrigerado,Protocolo_1
Embalaje B,61.99,90.91,68.25,88.62,Normal,Origen B,Ambiente,Protocolo_2
Embalaje A,75.83,10.37,50.66,37.55,Frágil,Origen A,Refrigerado,Protocolo_2
Embalaje A,97.75,87.7,77.1,56.54,Normal,Origen A,Ambiente,Protocolo_1
Embalaje A,47.92,75.36,46.03,70.18,Normal,Origen C,Ambiente,Protocolo_1
Embalaje B,65.22,30.12,23.6,49.55,Normal,Origen A,Ambiente,Protocolo_1
Embalaje B,40.32,91.8,45.17,67.43,Normal,Origen A,Ambiente,Protocolo_1
Embalaje B,78.18,32.61,70.86,92.55,Frágil,Origen C,Ambiente,Protocolo_2
Embalaje A,6.81,45.49,64.65,40.93,Frágil,Origen B,Ambiente,Protocolo_2
Embalaje C,41.89,48.39,48.31,25.88,Normal,Origen D,Ambiente,Protocolo_1
Embalaje B,61.09,64.58,37.97,73.03,Frágil,Origen C,Ambiente,Protocolo_2
Embalaje A,98.16,29.73,52.96,63.26,Normal,Origen D,Ambiente,Protocolo_1
Embalaje A,82.51,5.62,84.77,10.57,Normal,Origen C,Ambiente,Protocolo_1
Embalaje A,19.47,37.13,49.28,24.85,Frágil,Origen A,Ambiente,Protocolo_2
Embalaje C,41.43,5.4,96.57,24.33,Normal,Origen A,Ambiente,Protocolo_1
Embalaje A,98.76,26.52,9.21,55.03,Frágil,Origen B,Ambiente,Protocolo_2
Embalaje C,53.95,81.86,39.76,88.46,Normal,Origen A,Ambiente,Protocolo_2
Embalaje B,35.93,10.33,49.66,75.16,Normal,Origen D,Ambiente,Protocolo_1
Embalaje B,85.11,99.16,51.37,28.25,Normal,Origen A,Refrigerado,Protocolo_1
Embalaje A,93.84,88.24,80.58,65.54,Frágil,Origen B,Ambiente,Protocolo_2
Embalaje B,40.54,78.15,81.55,84.19,Normal,Origen D,Ambiente,Protocolo_2
Embalaje A,98.4,31.03,58.72,28.44,Normal,Origen C,Ambiente,Protocolo_1
Embalaje C,21.37,48.13,11.67,23.24,Normal,Origen D,Ambiente,Protocolo_1
Embalaje C,66.75,30.63,79.94,43.03,Frágil,Origen D,Ambiente,Protocolo_2
Embalaje B,17.86,85.56,99.56,21.54,Normal,Origen B,Ambiente,Protocolo_1
Embalaje C,55.74,31.52,55.12,61.13,Normal,Origen A,Ambiente,Protocolo_1
Embalaje C,76.86,29.55,48.53,46.1,Normal,Origen D,Ambiente,Protocolo_1
Embalaje A,78.08,47.97,44.13,42.49,Frágil,Origen A,Ambiente,Protocolo_2
Embalaje C,8.29,96.55,14.14,27.04,Normal,Origen D,Ambiente,Protocolo_1
Embalaje B,72.73,41.27,83.21,54.3,Normal,Origen D,Ambiente,Protocolo_1
Embalaje A,52.07,89.52,27.2,71.16,Normal,Origen B,Ambiente,Protocolo_1
Embalaje C,48.57,22.7,66.42,36.83,Normal,Origen B,Ambiente,Protocolo_1
Embalaje B,10.13,88.0,91.48,24.85,Normal,Origen D,Ambiente,Protocolo_1
Embalaje B,18.49,49.72,21.18,28.9,Frágil,Origen B,Ambiente,Protocolo_2
Embalaje A,12.96,8.75,64.95,3.25,Frágil,Origen B,Ambiente,Protocolo_2
Embalaje C,48.88,46.25,71.15,52.92,Frágil,Origen C,Ambiente,Protocolo_2
Embalaje C,30.43,78.6,23.2,72.34,Normal,Origen A,Ambiente,Protocolo_1
Embalaje A,33.51,63.18,17.51,11.18,Normal,Origen C,Refrigerado,Protocolo_1
Embalaje C,7.21,10.77,5.35,94.97,Normal,Origen C,Ambiente,Protocolo_2
Embalaje B,33.05,54.13,75.13,23.84,Frágil,Origen A,Ambiente,Protocolo_2
Embalaje B,50.64,40.23,29.26,23.59,Normal,Origen D,Ambiente,Protocolo_1
Embalaje B,56.44,98.86,50.44,32.8,Frágil,Origen D,Ambiente,Protocolo_2
Embalaje C,51.53,10.43,44.81,73.39,Normal,Origen A,Ambiente,Protocolo_1
Embalaje C,24.11,56.75,48.97,35.46,Normal,Origen A,Ambiente,Protocolo_1
Embalaje C,82.82,36.4,11.84,5.4,Normal,Origen A,Ambiente,Protocolo_1
Embalaje C,73.14,70.61,54.38,33.15,Normal,Origen B,Ambiente,Protocolo_1
Embalaje B,29.38,71.97,38.27,43.38,Normal,Origen D,Ambiente,Protocolo_1
Embalaje B,90.05,62.22,30.05,89.62,Normal,Origen D,Ambiente,Protocolo_2
Embalaje B,6.58,29.76,44.47,25.24,Normal,Origen B,Ambiente,Protocolo_1
Embalaje B,98.93,55.47,66.87,10.86,Normal,Origen B,Ambiente,Protocolo_1
Embalaje B,30.47,46.07,63.78,68.24,Normal,Origen D,Ambiente,Protocolo_1
Embalaje C,77.92,42.0,46.7,71.43,Normal,Origen B,Ambiente,Protocolo_1
Embalaje C,45.03,60.24,9.08,16.96,Normal,Origen B,Ambiente,Protocolo_1
Embalaje C,81.24,72.58,84.11,57.84,Normal,Origen A,Ambiente,Protocolo_1
Embalaje A,13.57,34.25,17.09,88.94,Normal,Origen D,Ambiente,Protocolo_2
Embalaje B,19.07,28.59,97.9,61.34,Frágil,Origen D,Ambiente,Protocolo_2
Embalaje C,66.83,36.53,38.72,53.13,Normal,Origen D,Ambiente,Protocolo_1
Embalaje C,30.49,17.12,96.71,32.21,Normal,Origen D,Ambiente,Protocolo_1
Embalaje A,20.77,55.6,27.29,5.62,Normal,Origen A,Ambiente,Protocolo_1
Embalaje B,12.04,39.28,91.83,5.69,Normal,Origen A,Ambiente,Protocolo_1
Embalaje A,39.82,33.37,68.35,42.56,Frágil,Origen A,Ambiente,Protocolo_2
Embalaje B,16.07,12.42,17.2,13.14,Normal,Origen A,Ambiente,Protocolo_1
Embalaje A,90.24,79.01,32.84,63.49,Normal,Origen C,Ambiente,Protocolo_1
Embalaje A,40.97,60.48,62.06,85.66,Normal,Origen A,Ambiente,Protocolo_2
Embalaje B,22.86,59.47,34.79,81.62,Normal,Origen B,Ambiente,Protocolo_2
Embalaje C,49.01,51.16,55.87,31.2,Normal,Origen C,Ambiente,Protocolo_1
Embalaje A,85.97,39.45,41.81,73.92,Frágil,Origen C,Ambiente,Protocolo_2
Embalaje A,27.82,36.92,19.83,15.34,Normal,Origen C,Refrigerado,Protocolo_1
Embalaje B,43.65,54.21,6.77,41.96,Frágil,Origen A,Ambiente,Protocolo_2
Embalaje C,86.66,88.73,31.39,60.47,Normal,Origen C,Ambiente,Protocolo_1
Embalaje C,36.62,38.37,74.1,13.44,Normal,Origen A,Ambiente,Protocolo_1
Embalaje B,6.47,23.94,14.11,32.34,Normal,Origen D,Ambiente,Protocolo_1
Embalaje A,31.25,33.82,54.82,73.02,Normal,Origen A,Ambiente,Protocolo_1
Embalaje B,47.46,41.55,27.41,91.89,Normal,Origen D,Ambiente,Protocolo_2
Embalaje A,7.64,37.76,43.35,79.86,Frágil,Origen C,Ambiente,Protocolo_2
Embalaje C,95.3,55.8,47.75,72.36,Normal,Origen D,Ambiente,Protocolo_1
Embalaje A,13.01,54.24,63.15,41.82,Normal,Origen D,Ambiente,Protocolo_1
Embalaje C,99.77,97.48,6.17,89.4,Normal,Origen C,Ambiente,Protocolo_2
Embalaje A,42.29,98.34,19.49,39.95,Normal,Origen D,Ambiente,Protocolo_1
Embalaje A,38.45,23.34,53.33,72.54,Normal,Origen B,Ambiente,Protocolo_1
Embalaje A,60.87,79.29,15.17,25.77,Frágil,Origen C,Ambiente,Protocolo_2
Embalaje B,52.79,92.69,27.04,79.94,Frágil,Origen D,Ambiente,Protocolo_2
Embalaje A,32.59,15.85,13.72,66.27,Normal,Origen A,Ambiente,Protocolo_1
Embalaje B,25.17,34.44,89.39,8.48,Normal,Origen C,Ambiente,Protocolo_1
Embalaje B,63.75,63.16,18.51,51.59,Normal,Origen A,Ambiente,Protocolo_1
Embalaje C,56.23,57.13,96.57,69.86,Normal,Origen A,Refrigerado,Protocolo_1
Embalaje A,77.54,63.63,95.42,1.88,Normal,Origen C,Ambiente,Protocolo_1
Embalaje C,84.34,92.82,84.72,52.61,Normal,Origen D,Ambiente,Protocolo_1
Embalaje B,70.28,22.23,54.77,93.12,Normal,Origen C,Ambiente,Protocolo_2
Embalaje C,97.92,44.9,23.97,35.05,Normal,Origen D,Ambiente,Protocolo_1
Embalaje C,10.34,91.78,61.15,97.47,Normal,Origen A,Ambiente,Protocolo_2
Embalaje A,36.56,78.17,59.48,55.26,Normal,Origen A,Ambiente,Protocolo_1
Embalaje C,54.52,28.47,88.14,50.03,Frágil,Origen B,Ambiente,Protocolo_2
Embalaje B,88.45,32.47,18.33,36.11,Normal,Origen C,Ambiente,Protocolo_1
Embalaje A,92.35,36.95,5.89,60.86,Normal,Origen D,Ambiente,Protocolo_1
Embalaje A,80.47,82.37,51.22,70.98,Normal,Origen D,Ambiente,Protocolo_1
Embalaje B,13.38,60.27,24.29,32.1,Normal,Origen B,Ambiente,Protocolo_1
Embalaje C,8.35,75.16,39.54,99.84,Normal,Origen B,Refrigerado,Protocolo_2
Embalaje B,54.05,63.99,36.98,29.03,Normal,Origen D,Ambiente,Protocolo_1
Embalaje C,40.53,37.21,72.17,34.25,Normal,Origen C,Ambiente,Protocolo_1
Embalaje B,37.37,6.58,52.21,10.85,Normal,Origen A,Ambiente,Protocolo_1
Embalaje C,87.34,49.68,17.1,36.72,Normal,Origen D,Ambiente,Protocolo_1
Embalaje B,65.3,48.31,90.07,15.22,Normal,Origen B,Ambiente,Protocolo_1
Embalaje B,7.01,22.76,79.84,59.05,Normal,Origen B,Ambiente,Protocolo_1
Embalaje B,41.2,96.39,82.32,78.37,Frágil,Origen D,Ambiente,Protocolo_2
Embalaje A,82.0,60.37,60.56,7.86,Normal,Origen C,Ambiente,Protocolo_1
Embalaje A,51.9,93.1,68.74,41.94,Normal,Origen D,Ambiente,Protocolo_1
Embalaje B,86.54,91.8,72.53,46.44,Normal,Origen A,Ambiente,Protocolo_1
Embalaje B,7.39,59.05,48.4,23.34,Normal,Origen C,Ambiente,Protocolo_1
Embalaje B,73.26,35.24,45.54,38.39,Frágil,Origen A,Ambiente,Protocolo_2
Embalaje C,16.31,69.47,84.84,43.51,Normal,Origen A,Ambiente,Protocolo_1
Embalaje A,91.32,34.73,24.56,12.74,Frágil,Origen C,Ambiente,Protocolo_2
Embalaje B,69.66,55.6,22.74,3.36,Frágil,Origen C,Ambiente,Protocolo_2
Embalaje B,88.16,94.02,92.21,4.62,Normal,Origen B,Ambiente,Protocolo_1
Embalaje B,24.84,43.12,22.24,2.07,Normal,Origen D,Ambiente,Protocolo_1
Embalaje B,82.09,64.07,5.67,26.76,Normal,Origen B,Ambiente,Protocolo_1
Embalaje A,41.8,41.63,5.64,81.7,Normal,Origen A,Ambiente,Protocolo_2
Embalaje A,14.04,24.27,45.74,64.18,Normal,Origen B,Ambiente,Protocolo_1
Embalaje A,31.31,47.59,5.7,98.87,Normal,Origen B,Ambiente,Protocolo_2
Embalaje A,29.4,92.89,28.91,30.13,Normal,Origen C,Ambiente,Protocolo_1
Embalaje A,12.83,57.17,15.39,39.44,Normal,Origen D,Ambiente,Protocolo_1
Embalaje C,77.49,45.02,49.83,31.17,Normal,Origen C,Ambiente,Protocolo_1
Embalaje A,76.54,57.64,57.31,10.89,Normal,Origen D,Ambiente,Protocolo_1
Embalaje C,37.6,15.75,83.37,83.25,Normal,Origen B,Ambiente,Protocolo_2
Embalaje C,11.12,48.13,58.31,70.44,Normal,Origen C,Ambiente,Protocolo_1
Embalaje A,85.88,17.69,13.02,8.65,Normal,Origen D,Ambiente,Protocolo_1
Embalaje A,20.19,22.86,12.42,61.78,Frágil,Origen C,Ambiente,Protocolo_2
Embalaje B,53.11,43.67,9.51,40.09,Normal,Origen C,Ambiente,Protocolo_1
Embalaje A,49.51,97.26,33.3,1.08,Normal,Origen C,Ambiente,Protocolo_1
Embalaje C,39.83,85.14,96.7,22.69,Normal,Origen D,Ambiente,Protocolo_1
Embalaje B,98.46,41.98,65.01,70.69,Frágil,Origen C,Ambiente,Protocolo_2
Embalaje A,12.01,10.43,84.15,51.74,Normal,Origen B,Ambiente,Protocolo_1
Embalaje C,92.75,99.86,34.34,69.37,Normal,Origen B,Ambiente,Protocolo_1
Embalaje B,71.25,94.23,71.24,20.22,Normal,Origen C,Ambiente,Protocolo_1
Embalaje B,49.65,70.83,69.63,64.94,Normal,Origen D,Ambiente,Protocolo_1
Embalaje A,49.64,48.2,37.86,72.52,Normal,Origen A,Ambiente,Protocolo_1
Embalaje B,14.79,56.52,34.88,56.6,Frágil,Origen C,Ambiente,Protocolo_2
Embalaje B,63.94,63.95,25.93,19.89,Normal,Origen B,Ambiente,Protocolo_1
Embalaje A,75.51,99.81,34.17,63.75,Frágil,Origen A,Ambiente,Protocolo_2
Embalaje B,51.17,18.07,88.67,23.19,Normal,Origen D,Ambiente,Protocolo_1
Embalaje B,65.35,86.18,65.8,22.34,Normal,Origen B,Ambiente,Protocolo_1
Embalaje B,31.73,73.93,20.15,85.3,Normal,Origen D,Ambiente,Protocolo_2
Embalaje B,22.0,40.45,61.36,1.82,Normal,Origen A,Refrigerado,Protocolo_1
Embalaje C,33.96,78.33,40.69,74.2,Frágil,Origen A,Ambiente,Protocolo_2
Embalaje B,88.42,53.24,43.53,81.72,Normal,Origen B,Ambiente,Protocolo_2
Embalaje A,69.94,38.54,51.32,25.62,Normal,Origen A,Ambiente,Protocolo_1
Embalaje B,59.24,75.27,57.52,57.9,Normal,Origen B,Ambiente,Protocolo_1
Embalaje C,49.16,33.96,75.14,62.46,Normal,Origen B,Ambiente,Protocolo_1
Embalaje C,74.7,35.83,22.14,93.66,Frágil,Origen B,Ambiente,Protocolo_2
Embalaje A,94.7,85.26,82.17,85.1,Normal,Origen D,Ambiente,Protocolo_2
Embalaje B,22.4,49.09,64.2,8.52,Normal,Origen D,Refrigerado,Protocolo_1
Embalaje B,75.49,31.71,46.0,5.84,Normal,Origen A,Ambiente,Protocolo_1
Embalaje B,87.67,42.64,84.12,59.41,Normal,Origen A,Ambiente,Protocolo_1
Embalaje C,45.81,23.24,35.07,23.94,Normal,Origen A,Refrigerado,Protocolo_1
Embalaje B,9.45,27.55,57.4,99.6,Normal,Origen D,Ambiente,Protocolo_2
Embalaje A,61.65,74.91,12.88,39.18,Normal,Origen D,Ambiente,Protocolo_1
Embalaje B,70.27,93.72,46.46,16.84,Normal,Origen D,Refrigerado,Protocolo_1
Embalaje A,24.41,47.05,30.85,19.53,Normal,Origen C,Ambiente,Protocolo_1
Embalaje C,5.18,70.22,78.14,68.01,Frágil,Origen B,Ambiente,Protocolo_2
Embalaje C,41.94,60.42,54.64,28.01,Normal,Origen C,Ambiente,Protocolo_1
Embalaje C,87.7,19.42,72.07,42.19,Frágil,Origen C,Ambiente,Protocolo_2
Embalaje C,90.67,94.27,82.77,11.82,Frágil,Origen C,Ambiente,Protocolo_2
Embalaje C,57.07,27.92,82.47,86.97,Normal,Origen C,Ambiente,Protocolo_2
Embalaje A,88.99,33.24,33.42,86.0,Normal,Origen B,Refrigerado,Protocolo_2
Embalaje B,55.67,50.1,79.24,56.25,Normal,Origen B,Refrigerado,Protocolo_1
Embalaje B,68.75,39.92,64.72,56.89,Normal,Origen A,Ambiente,Protocolo_1
Embalaje C,49.92,37.39,36.67,36.88,Frágil,Origen A,Ambiente,Protocolo_2
Embalaje B,37.97,59.51,32.25,55.97,Normal,Origen A,Ambiente,Protocolo_1
Embalaje C,71.39,35.93,61.56,6.72,Normal,Origen A,Ambiente,Protocolo_1
Embalaje C,27.02,68.52,23.65,91.23,Normal,Origen B,Refrigerado,Protocolo_2
Embalaje C,12.01,78.74,58.64,67.2,Normal,Origen C,Ambiente,Protocolo_1
Embalaje C,35.85,87.28,98.3,96.29,Normal,Origen C,Ambiente,Protocolo_2
Embalaje A,71.14,42.52,54.85,95.97,Normal,Origen D,Ambiente,Protocolo_2
Embalaje C,96.9,72.82,55.48,57.47,Frágil,Origen C,Ambiente,Protocolo_2
Embalaje B,98.31,77.71,77.48,78.64,Normal,Origen C,Ambiente,Protocolo_1
Embalaje C,75.79,89.87,20.22,78.43,Normal,Origen C,Ambiente,Protocolo_1
Embalaje B,85.04,19.47,79.66,53.72,Frágil,Origen C,Refrigerado,Protocolo_2
Embalaje B,19.3,13.52,20.63,62.07,Normal,Origen A,Ambiente,Protocolo_1
Embalaje B,23.64,45.9,99.03,24.47,Normal,Origen A,Ambiente,Protocolo_1
Embalaje A,9.79,21.06,55.37,79.32,Normal,Origen B,Ambiente,Protocolo_1
Embalaje C,78.45,92.18,45.46,29.27,Normal,Origen C,Ambiente,Protocolo_1
Embalaje B,70.01,29.64,46.2,81.62,Normal,Origen D,Ambiente,Protocolo_2
Embalaje C,20.72,49.38,18.4,38.77,Normal,Origen C,Ambiente,Protocolo_1
Embalaje B,33.49,36.56,64.36,19.33,Normal,Origen A,Ambiente,Protocolo_1
Embalaje A,85.39,71.48,14.03,22.63,Normal,Origen A,Ambiente,Protocolo_1
Embalaje A,64.2,31.54,82.51,68.57,Normal,Origen C,Ambiente,Protocolo_1
Embalaje B,44.58,26.8,31.84,13.52,Normal,Origen D,Ambiente,Protocolo_1
Embalaje C,10.12,43.83,65.1,15.39,Normal,Origen D,Ambiente,Protocolo_1
Embalaje B,9.97,86.71,91.12,6.62,Normal,Origen B,Ambiente,Protocolo_1
Embalaje B,71.41,27.88,64.75,24.76,Normal,Origen B,Ambiente,Protocolo_1
Embalaje C,69.08,6.28,58.16,90.16,Normal,Origen B,Ambiente,Protocolo_2
Embalaje A,26.55,28.82,90.67,86.75,Normal,Origen A,Ambiente,Protocolo_2
Embalaje C,90.92,27.0,68.58,81.97,Normal,Origen A,Refrigerado,Protocolo_2
Embalaje C,20.33,89.79,90.33,2.93,Normal,Origen D,Ambiente,Protocolo_1
Embalaje B,46.03,66.05,61.1,52.85,Normal,Origen D,Ambiente,Protocolo_1
Embalaje B,33.04,47.26,72.17,28.14,Normal,Origen D,Ambiente,Protocolo_1
Embalaje B,78.28,30.76,21.13,59.75,Normal,Origen D,Ambiente,Protocolo_1
Embalaje B,32.5,30.95,33.87,21.58,Normal,Origen D,Ambiente,Protocolo_1
Embalaje A,67.96,41.14,26.25,37.01,Normal,Origen A,Ambiente,Protocolo_1
Embalaje A,91.39,50.31,81.56,92.86,Frágil,Origen B,Ambiente,Protocolo_2
Embalaje A,97.4,80.22,85.64,78.57,Normal,Origen A,Refrigerado,Protocolo_1
Embalaje A,9.18,26.81,19.38,5.67,Frágil,Origen A,Ambiente,Protocolo_2
Embalaje A,58.22,77.22,24.25,97.25,Normal,Origen C,Ambiente,Protocolo_2
Embalaje A,8.58,28.56,9.56,24.96,Normal,Origen B,Ambiente,Protocolo_1
Embalaje B,68.68,45.92,51.63,69.91,Normal,Origen A,Ambiente,Protocolo_1
Embalaje A,8.69,39.36,27.96,22.75,Frágil,Origen C,Ambiente,Protocolo_2
Embalaje B,59.19,21.21,21.7,15.47,Normal,Origen C,Ambiente,Protocolo_1
Embalaje A,63.11,78.47,6.21,15.46,Frágil,Origen A,Ambiente,Protocolo_2
Embalaje A,33.35,63.83,50.98,36.31,Normal,Origen A,Ambiente,Protocolo_1
Embalaje A,65.8,23.03,31.14,99.49,Normal,Origen D,Ambiente,Protocolo_2
Embalaje B,5.79,95.65,73.6,11.66,Normal,Origen D,Ambiente,Protocolo_1
Embalaje C,35.45,39.16,97.91,85.36,Normal,Origen C,Ambiente,Protocolo_2
Embalaje C,46.62,44.78,41.71,1.75,Normal,Origen B,Ambiente,Protocolo_1
Embalaje A,18.07,31.92,38.84,43.42,Normal,Origen A,Ambiente,Protocolo_1
Embalaje C,55.61,73.35,52.36,35.95,Normal,Origen B,Refrigerado,Protocolo_1
Embalaje B,24.25,40.21,54.17,73.66,Normal,Origen B,Ambiente,Protocolo_1
Embalaje C,57.24,98.62,69.55,44.4,Normal,Origen C,Ambiente,Protocolo_1
Embalaje C,51.96,8.64,71.93,25.36,Frágil,Origen B,Ambiente,Protocolo_2
Embalaje A,50.48,79.23,13.84,2.96,Normal,Origen A,Ambiente,Protocolo_1
Embalaje A,78.23,13.42,60.03,86.27,Normal,Origen D,Ambiente,Protocolo_2
Embalaje C,90.3,52.51,77.63,78.02,Normal,Origen C,Ambiente,Protocolo_1
Embalaje A,96.17,22.62,50.11,34.79,Normal,Origen A,Ambiente,Protocolo_1
Embalaje A,43.95,28.14,83.82,76.19,Normal,Origen D,Ambiente,Protocolo_1
Embalaje B,90.25,48.72,69.28,2.64,Normal,Origen D,Refrigerado,Protocolo_1
Embalaje B,23.75,52.53,51.18,45.38,Normal,Origen A,Ambiente,Protocolo_1
Embalaje B,10.82,16.46,65.05,61.89,Normal,Origen C,Refrigerado,Protocolo_1
Embalaje A,23.98,15.53,17.87,57.87,Normal,Origen A,Ambiente,Protocolo_1
Embalaje C,61.42,73.15,60.2,11.24,Normal,Origen A,Ambiente,Protocolo_1
Embalaje B,61.73,34.74,21.15,90.28,Frágil,Origen D,Ambiente,Protocolo_2
Embalaje A,52.74,27.34,45.01,31.57,Normal,Origen B,Ambiente,Protocolo_1
Embalaje B,40.32,45.36,33.11,50.19,Frágil,Origen C,Ambiente,Protocolo_2
Embalaje B,11.59,52.54,48.1,80.74,Normal,Origen C,Ambiente,Protocolo_2
Embalaje C,37.06,96.72,20.94,46.86,Normal,Origen B,Ambiente,Protocolo_1
Embalaje B,66.32,88.2,8.32,96.21,Normal,Origen B,Ambiente,Protocolo_2
Embalaje A,32.46,86.7,39.02,88.23,Normal,Origen C,Ambiente,Protocolo_2
Embalaje C,92.6,50.13,86.52,42.59,Normal,Origen B,Ambiente,Protocolo_1
Embalaje B,62.68,91.72,47.59,12.91,Normal,Origen D,Ambiente,Protocolo_1
Embalaje B,70.8,30.17,93.78,11.43,Normal,Origen D,Ambiente,Protocolo_1
Embalaje B,94.24,84.79,80.27,87.81,Normal,Origen B,Ambiente,Protocolo_2
Embalaje B,26.49,68.83,44.27,32.4,Normal,Origen A,Ambiente,Protocolo_1
Embalaje C,77.64,61.05,39.79,59.19,Normal,Origen A,Refrigerado,Protocolo_1
Embalaje A,86.31,53.45,5.41,37.14,Normal,Origen C,Ambiente,Protocolo_1
Embalaje C,95.36,96.41,51.7,25.77,Normal,Origen C,Refrigerado,Protocolo_1
Embalaje C,23.39,96.19,15.47,78.83,Normal,Origen B,Ambiente,Protocolo_1
Embalaje A,15.87,67.47,32.3,96.9,Normal,Origen A,Ambiente,Protocolo_2
Embalaje C,68.78,10.58,78.2,66.84,Normal,Origen C,Refrigerado,Protocolo_1
Embalaje C,62.68,34.92,63.47,62.59,Normal,Origen D,Refrigerado,Protocolo_1
Embalaje B,42.7,6.23,84.6,44.3,Normal,Origen D,Ambiente,Protocolo_1
Embalaje C,20.91,45.25,64.38,72.67,Normal,Origen D,Ambiente,Protocolo_1
Embalaje B,19.96,66.09,19.92,55.27,Normal,Origen B,Ambiente,Protocolo_1
Embalaje A,75.47,84.72,6.76,36.18,Normal,Origen C,Refrigerado,Protocolo_1
Embalaje A,52.45,19.38,37.81,79.05,Normal,Origen C,Ambiente,Protocolo_1
Embalaje A,80.85,78.59,48.94,58.93,Frágil,Origen A,Ambiente,Protocolo_2
Embalaje C,81.61,39.18,90.48,63.28,Frágil,Origen A,Ambiente,Protocolo_2
Embalaje A,83.28,31.92,19.89,79.86,Normal,Origen A,Refrigerado,Protocolo_1
Embalaje A,19.3,34.7,47.93,49.04,Normal,Origen D,Ambiente,Protocolo_1
Embalaje A,6.0,16.3,17.33,16.58,Normal,Origen D,Ambiente,Protocolo_1
Embalaje C,93.96,78.59,77.44,29.82,Normal,Origen C,Ambiente,Protocolo_1
Embalaje B,96.6,32.31,86.63,1.05,Normal,Origen B,Ambiente,Protocolo_1
Embalaje A,38.39,22.25,72.72,57.47,Normal,Origen B,Ambiente,Protocolo_1
Embalaje B,8.12,72.91,75.18,52.32,Normal,Origen A,Ambiente,Protocolo_1
Embalaje C,38.01,63.4,78.2,94.42,Frágil,Origen C,Ambiente,Protocolo_2
Embalaje A,77.54,64.92,28.44,31.62,Normal,Origen C,Refrigerado,Protocolo_1
Embalaje C,43.74,85.02,61.72,25.16,Normal,Origen B,Ambiente,Protocolo_1
Embalaje B,7.13,68.07,31.83,72.28,Normal,Origen B,Refrigerado,Protocolo_1
Embalaje B,17.55,97.92,80.0,71.48,Normal,Origen C,Ambiente,Protocolo_1
Embalaje C,55.19,30.01,75.56,5.4,Frágil,Origen C,Ambiente,Protocolo_2
Embalaje C,94.52,90.95,10.77,54.23,Normal,Origen C,Ambiente,Protocolo_1
Embalaje B,84.9,98.08,8.05,10.04,Normal,Origen C,Ambiente,Protocolo_1
Embalaje A,80.23,49.45,81.23,29.39,Frágil,Origen D,Ambiente,Protocolo_2
Embalaje C,22.26,28.36,98.92,38.6,Normal,Origen C,Ambiente,Protocolo_1
Embalaje A,17.92,73.63,37.07,32.19,Normal,Origen A,Ambiente,Protocolo_1
Embalaje A,70.11,48.65,29.57,33.39,Normal,Origen D,Ambiente,Protocolo_1
Embalaje A,95.08,21.39,61.4,80.72,Normal,Origen A,Ambiente,Protocolo_2
Embalaje C,11.4,87.64,18.76,88.78,Normal,Origen D,Ambiente,Protocolo_2
Embalaje C,59.1,83.66,17.59,67.59,Normal,Origen C,Ambiente,Protocolo_1
Embalaje C,88.49,73.81,56.64,25.69,Normal,Origen A,Ambiente,Protocolo_1
Embalaje C,51.34,39.49,42.61,82.38,Normal,Origen A,Ambiente,Protocolo_2
Embalaje C,71.37,40.99,74.57,59.36,Normal,Origen C,Ambiente,Protocolo_1
Embalaje A,81.97,21.78,65.31,94.2,Frágil,Origen C,Refrigerado,Protocolo_2
Embalaje A,17.16,66.83,41.38,63.71,Normal,Origen B,Ambiente,Protocolo_1
Embalaje B,36.06,30.88,87.98,51.14,Normal,Origen B,Ambiente,Protocolo_1
Embalaje A,33.01,74.37,28.84,18.17,Normal,Origen D,Ambiente,Protocolo_1
Embalaje B,96.82,39.28,20.83,89.05,Normal,Origen D,Ambiente,Protocolo_2
Embalaje B,85.05,93.2,33.24,85.04,Normal,Origen B,Ambiente,Protocolo_2
Embalaje C,78.65,88.33,62.43,78.15,Normal,Origen D,Ambiente,Protocolo_1
Embalaje A,44.31,95.37,76.42,62.08,Normal,Origen D,Ambiente,Protocolo_1
Embalaje A,35.28,80.0,40.86,53.84,Normal,Origen C,Ambiente,Protocolo_1
Embalaje A,75.69,29.82,92.43,41.31,Normal,Origen D,Ambiente,Protocolo_1
Embalaje B,14.53,84.18,99.48,32.09,Normal,Origen C,Ambiente,Protocolo_1
Embalaje A,90.51,12.71,49.41,27.8,Normal,Origen B,Ambiente,Protocolo_1
Embalaje B,55.84,49.13,24.11,98.82,Normal,Origen D,Refrigerado,Protocolo_2
Embalaje A,42.77,15.82,15.83,77.38,Frágil,Origen A,Ambiente,Protocolo_2
Embalaje C,52.44,13.41,62.39,84.73,Normal,Origen C,Ambiente,Protocolo_2
Embalaje A,65.92,55.14,32.76,3.32,Normal,Origen D,Refrigerado,Protocolo_1
Embalaje B,33.48,25.69,41.47,44.72,Normal,Origen C,Ambiente,Protocolo_1
Embalaje B,34.9,25.6,47.56,88.05,Normal,Origen C,Ambiente,Protocolo_2
Embalaje C,96.66,18.65,37.48,44.06,Frágil,Origen D,Ambiente,Protocolo_2
Embalaje C,21.79,89.15,34.46,90.95,Normal,Origen A,Ambiente,Protocolo_2
Embalaje C,77.68,5.21,56.23,37.22,Normal,Origen A,Ambiente,Protocolo_1
Embalaje C,42.86,98.98,30.07,27.26,Normal,Origen B,Ambiente,Protocolo_1
Embalaje A,38.73,25.89,77.21,96.03,Normal,Origen A,Ambiente,Protocolo_2
Embalaje C,46.69,65.65,30.59,76.64,Normal,Origen C,Ambiente,Protocolo_1
Embalaje C,95.49,63.02,70.29,80.58,Normal,Origen C,Ambiente,Protocolo_2
Embalaje C,93.13,84.44,88.08,80.78,Normal,Origen C,Ambiente,Protocolo_2
Embalaje C,85.63,5.18,92.9,70.89,Normal,Origen B,Ambiente,Protocolo_1
Embalaje C,66.09,14.15,90.15,64.55,Normal,Origen B,Ambiente,Protocolo_1
Embalaje A,40.76,32.8,71.17,49.75,Normal,Origen A,Ambiente,Protocolo_1
Embalaje B,24.13,13.14,55.6,12.01,Frágil,Origen B,Ambiente,Protocolo_2
Embalaje A,54.31,97.81,56.74,82.72,Normal,Origen D,Ambiente,Protocolo_2
Embalaje B,50.1,6.99,19.66,59.63,Normal,Origen C,Refrigerado,Protocolo_1
Embalaje A,91.34,19.67,48.17,3.55,Normal,Origen B,Ambiente,Protocolo_1
Embalaje B,20.72,82.97,46.31,62.48,Normal,Origen C,Ambiente,Protocolo_1
Embalaje C,28.68,23.1,32.06,1.31,Frágil,Origen A,Ambiente,Protocolo_2
Embalaje B,43.25,78.68,70.05,40.6,Normal,Origen B,Refrigerado,Protocolo_1
Embalaje C,9.42,86.57,10.22,75.63,Normal,Origen B,Ambiente,Protocolo_1
Embalaje A,19.99,61.28,81.0,78.77,Normal,Origen A,Refrigerado,Protocolo_1
Embalaje A,12.19,99.82,68.55,61.8,Normal,Origen C,Ambiente,Protocolo_1
Embalaje A,29.79,66.81,48.09,42.49,Normal,Origen B,Ambiente,Protocolo_1
Embalaje B,61.15,76.07,96.99,7.68,Normal,Origen A,Ambiente,Protocolo_1
Embalaje A,35.78,68.27,88.82,69.43,Frágil,Origen D,Ambiente,Protocolo_2
Embalaje B,63.64,40.98,57.92,65.05,Normal,Origen C,Ambiente,Protocolo_1
Embalaje B,77.08,45.49,95.1,66.18,Normal,Origen D,Ambiente,Protocolo_1
Embalaje A,9.17,13.18,49.18,29.96,Normal,Origen D,Ambiente,Protocolo_1
Embalaje A,78.85,42.13,41.6,93.78,Frágil,Origen C,Refrigerado,Protocolo_2
Embalaje C,26.86,54.85,14.91,62.29,Normal,Origen C,Ambiente,Protocolo_1
Embalaje A,21.85,49.7,87.03,51.73,Normal,Origen C,Ambiente,Protocolo_1
Embalaje C,63.44,83.28,41.24,62.31,Normal,Origen B,Ambiente,Protocolo_1
Embalaje A,60.49,48.95,90.92,36.99,Normal,Origen B,Ambiente,Protocolo_1
Embalaje C,14.2,41.79,68.03,78.79,Normal,Origen C,Ambiente,Protocolo_1
Embalaje A,36.86,74.86,48.96,77.41,Normal,Origen C,Ambiente,Protocolo_1
Embalaje A,50.2,45.63,99.0,54.51,Frágil,Origen A,Ambiente,Protocolo_2
Embalaje C,17.22,99.39,36.91,74.33,Normal,Origen A,Ambiente,Protocolo_1
Embalaje B,85.9,59.61,12.35,34.97,Normal,Origen D,Ambiente,Protocolo_1
Embalaje B,22.35,48.21,56.67,91.09,Normal,Origen A,Ambiente,Protocolo_2
Embalaje A,63.62,77.51,24.0,24.39,Frágil,Origen B,Ambiente,Protocolo_2
Embalaje B,93.38,50.32,34.09,14.19,Normal,Origen C,Ambiente,Protocolo_1
Embalaje B,56.79,49.78,58.4,18.03,Normal,Origen B,Ambiente,Protocolo_1
Embalaje A,60.21,81.19,78.6,15.49,Normal,Origen C,Ambiente,Protocolo_1
Embalaje B,13.68,24.71,29.6,33.87,Normal,Origen B,Ambiente,Protocolo_1
Embalaje A,47.48,61.04,54.18,72.4,Normal,Origen C,Ambiente,Protocolo_1
Embalaje A,53.73,20.84,23.31,37.71,Frágil,Origen A,Ambiente,Protocolo_2
Embalaje C,76.44,53.23,68.1,13.87,Normal,Origen C,Ambiente,Protocolo_1
Embalaje B,96.11,73.74,44.75,89.7,Normal,Origen A,Ambiente,Protocolo_2
Embalaje B,95.48,81.52,39.19,24.12,Normal,Origen A,Ambiente,Protocolo_1
Embalaje B,33.68,84.3,55.23,67.92,Normal,Origen D,Ambiente,Protocolo_1
Embalaje A,91.85,93.71,20.27,68.63,Normal,Origen A,Refrigerado,Protocolo_1
Embalaje C,11.19,72.24,20.02,96.99,Normal,Origen A,Ambiente,Protocolo_2
Embalaje A,31.91,37.38,60.25,62.35,Normal,Origen A,Refrigerado,Protocolo_1
Embalaje A,68.81,48.71,28.27,44.21,Frágil,Origen C,Ambiente,Protocolo_2
Embalaje B,45.48,17.27,27.54,74.41,Normal,Origen A,Ambiente,Protocolo_1
Embalaje C,96.94,20.07,39.32,29.72,Normal,Origen A,Ambiente,Protocolo_1
Embalaje C,78.36,64.91,96.68,84.44,Frágil,Origen C,Ambiente,Protocolo_2
Embalaje C,33.16,56.53,99.93,39.47,Normal,Origen C,Ambiente,Protocolo_1
Embalaje B,81.58,39.43,44.77,41.93,Normal,Origen B,Ambiente,Protocolo_1
Embalaje C,15.83,42.7,98.42,13.84,Normal,Origen A,Ambiente,Protocolo_1
Embalaje B,25.19,98.95,30.54,1.87,Normal,Origen A,Ambiente,Protocolo_1
Embalaje C,25.93,82.05,61.85,11.04,Frágil,Origen A,Ambiente,Protocolo_2
Embalaje A,68.53,51.19,35.85,57.76,Normal,Origen D,Ambiente,Protocolo_1
Embalaje A,31.49,95.76,64.45,64.32,Frágil,Origen A,Ambiente,Protocolo_2
Embalaje B,35.31,81.61,46.07,32.69,Normal,Origen C,Ambiente,Protocolo_1
Embalaje C,56.95,9.94,34.1,1.04,Normal,Origen C,Ambiente,Protocolo_1
Embalaje A,95.39,81.12,54.47,3.84,Frágil,Origen A,Ambiente,Protocolo_2
Embalaje A,58.94,47.84,8.57,45.41,Normal,Origen B,Ambiente,Protocolo_1
Embalaje A,92.88,43.57,31.83,43.7,Normal,Origen D,Ambiente,Protocolo_1
Embalaje B,90.42,63.77,45.12,37.68,Frágil,Origen D,Ambiente,Protocolo_2
Embalaje C,58.04,73.4,21.27,96.57,Normal,Origen B,Ambiente,Protocolo_2
Embalaje C,63.12,32.06,43.03,90.03,Normal,Origen B,Ambiente,Protocolo_2
Embalaje B,64.59,58.49,18.96,63.27,Normal,Origen A,Refrigerado,Protocolo_1
Embalaje A,64.47,29.3,14.55,68.95,Normal,Origen B,Ambiente,Protocolo_1
Embalaje C,52.86,85.14,60.55,60.01,Normal,Origen D,Ambiente,Protocolo_1
Embalaje B,67.83,26.94,22.97,78.23,Normal,Origen C,Ambiente,Protocolo_1
Embalaje A,55.36,84.65,71.01,93.13,Frágil,Origen A,Ambiente,Protocolo_2
Embalaje B,40.55,20.78,62.91,11.43,Normal,Origen B,Ambiente,Protocolo_1
Embalaje A,16.3,40.48,87.43,23.43,Normal,Origen D,Ambiente,Protocolo_1
Embalaje B,71.66,64.9,18.82,19.93,Frágil,Origen B,Ambiente,Protocolo_2
Embalaje B,55.0,75.99,49.73,92.03,Normal,Origen D,Refrigerado,Protocolo_2
Embalaje C,77.26,33.14,87.92,91.24,Normal,Origen B,Ambiente,Protocolo_2
Embalaje A,69.76,18.15,5.15,89.17,Normal,Origen C,Ambiente,Protocolo_2
Embalaje A,95.04,69.77,34.52,42.35,Normal,Origen D,Ambiente,Protocolo_1
Embalaje C,52.04,99.69,11.59,2.65,Normal,Origen B,Ambiente,Protocolo_1
Embalaje B,28.37,22.28,96.77,3.4,Normal,Origen C,Ambiente,Protocolo_1
Embalaje A,49.63,61.61,23.41,88.82,Normal,Origen B,Ambiente,Protocolo_2
Embalaje C,40.41,25.08,49.07,62.77,Normal,Origen A,Ambiente,Protocolo_1
Embalaje C,45.17,97.28,66.07,30.31,Normal,Origen D,Ambiente,Protocolo_1
Embalaje B,87.82,7.51,8.18,13.98,Normal,Origen C,Ambiente,Protocolo_1
Embalaje B,99.41,10.22,72.05,84.4,Normal,Origen D,Ambiente,Protocolo_2
Embalaje C,45.68,97.68,6.42,3.85,Normal,Origen D,Ambiente,Protocolo_1
Embalaje A,19.93,64.25,18.82,23.05,Normal,Origen C,Ambiente,Protocolo_1
Embalaje B,89.9,26.51,26.41,90.45,Normal,Origen B,Ambiente,Protocolo_2
Embalaje B,88.75,16.01,41.98,85.43,Normal,Origen A,Ambiente,Protocolo_2
Embalaje B,74.13,56.58,25.96,31.56,Normal,Origen A,Ambiente,Protocolo_1
Embalaje B,67.29,43.41,19.23,36.7,Normal,Origen A,Ambiente,Protocolo_1
Embalaje B,33.43,27.7,7.42,47.42,Normal,Origen C,Ambiente,Protocolo_1
Embalaje C,13.66,64.75,78.13,37.91,Normal,Origen D,Ambiente,Protocolo_1
Embalaje C,95.64,30.0,61.4,20.17,Normal,Origen B,Ambiente,Protocolo_1
Embalaje B,29.27,11.97,34.72,68.52,Normal,Origen C,Ambiente,Protocolo_1
Embalaje B,64.7,11.81,33.27,37.21,Normal,Origen C,Ambiente,Protocolo_1
Embalaje C,48.8,66.77,83.31,6.0,Frágil,Origen B,Refrigerado,Protocolo_2
Embalaje B,25.33,28.5,31.89,21.44,Normal,Origen A,Ambiente,Protocolo_1
Embalaje A,19.25,38.1,45.6,43.83,Normal,Origen B,Ambiente,Protocolo_1
Embalaje A,58.59,76.85,68.1,2.58,Normal,Origen C,Ambiente,Protocolo_1
Embalaje C,88.53,30.01,29.82,66.28,Normal,Origen A,Ambiente,Protocolo_1
Embalaje A,21.48,58.02,21.64,75.35,Normal,Origen D,Ambiente,Protocolo_1
Embalaje A,83.01,81.95,33.32,44.29,Frágil,Origen B,Ambiente,Protocolo_2
Embalaje A,6.63,99.97,22.55,98.22,Normal,Origen C,Ambiente,Protocolo_2
Embalaje A,22.26,14.93,97.08,67.23,Normal,Origen B,Ambiente,Protocolo_1
Embalaje B,89.19,30.76,66.72,29.62,Normal,Origen C,Ambiente,Protocolo_1
Embalaje A,94.59,60.8,98.66,29.39,Frágil,Origen A,Ambiente,Protocolo_2
Embalaje A,10.91,94.01,75.95,26.9,Normal,Origen D,Ambiente,Protocolo_1
Embalaje B,60.1,87.81,47.7,58.72,Normal,Origen C,Ambiente,Protocolo_1
Embalaje A,48.74,34.2,98.87,8.93,Normal,Origen B,Ambiente,Protocolo_1
Embalaje B,9.36,82.83,11.27,88.1,Normal,Origen C,Ambiente,Protocolo_2
Embalaje A,6.0,43.77,17.9,39.88,Frágil,Origen A,Ambiente,Protocolo_2
Embalaje A,25.31,22.64,5.12,96.67,Normal,Origen D,Ambiente,Protocolo_2
Embalaje A,26.11,6.14,85.46,78.37,Normal,Origen B,Ambiente,Protocolo_1
Embalaje C,66.21,56.68,32.37,42.98,Frágil,Origen A,Ambiente,Protocolo_2
Embalaje C,72.95,14.84,98.52,23.46,Frágil,Origen B,Ambiente,Protocolo_2
Embalaje A,13.42,88.79,30.82,30.01,Normal,Origen A,Ambiente,Protocolo_1
Embalaje B,46.77,27.51,9.23,16.81,Frágil,Origen B,Ambiente,Protocolo_2
Embalaje C,63.33,94.48,30.97,80.1,Frágil,Origen C,Refrigerado,Protocolo_2
Embalaje C,21.0,53.74,78.38,42.28,Normal,Origen C,Ambiente,Protocolo_1
Embalaje B,44.8,89.12,18.15,77.15,Frágil,Origen B,Ambiente,Protocolo_2
Embalaje A,92.18,51.23,96.45,24.72,Normal,Origen B,Ambiente,Protocolo_1
Embalaje C,41.83,88.49,98.71,54.72,Normal,Origen A,Ambiente,Protocolo_1
Embalaje B,88.23,39.31,60.34,48.01,Normal,Origen C,Ambiente,Protocolo_1
Embalaje A,68.86,35.55,29.14,34.1,Frágil,Origen A,Ambiente,Protocolo_2
Embalaje A,27.44,21.19,95.8,22.48,Normal,Origen C,Ambiente,Protocolo_1
Embalaje B,86.25,96.47,98.6,75.23,Normal,Origen A,Ambiente,Protocolo_1
Embalaje C,41.31,44.1,98.3,20.38,Frágil,Origen B,Ambiente,Protocolo_2
Embalaje A,20.18,72.03,80.83,44.74,Normal,Origen A,Ambiente,Protocolo_1
Embalaje C,34.39,5.2,34.59,87.2,Normal,Origen A,Ambiente,Protocolo_2
Embalaje B,77.09,22.25,82.64,16.85,Normal,Origen A,Refrigerado,Protocolo_1
Embalaje A,28.62,57.29,19.4,35.39,Normal,Origen A,Ambiente,Protocolo_1
Embalaje C,35.73,8.2,58.06,45.54,Normal,Origen C,Ambiente,Protocolo_1
Embalaje C,39.39,58.14,29.82,31.19,Normal,Origen A,Refrigerado,Protocolo_1
Embalaje C,36.32,43.37,21.17,3.02,Normal,Origen C,Ambiente,Protocolo_1
Embalaje C,48.0,63.16,30.5,36.93,Frágil,Origen D,Ambiente,Protocolo_2
Embalaje A,62.36,64.73,47.69,88.07,Normal,Origen A,Ambiente,Protocolo_2
Embalaje A,57.23,40.98,54.64,20.11,Normal,Origen D,Ambiente,Protocolo_1
Embalaje C,9.85,88.81,35.59,70.61,Normal,Origen B,Ambiente,Protocolo_1
Embalaje B,32.76,56.02,75.16,21.3,Normal,Origen B,Ambiente,Protocolo_1
Embalaje C,41.03,74.85,52.56,52.98,Normal,Origen D,Refrigerado,Protocolo_1
Embalaje A,94.81,61.95,76.06,46.98,Normal,Origen A,Ambiente,Protocolo_1
Embalaje C,46.19,98.64,64.04,57.23,Normal,Origen B,Ambiente,Protocolo_1
Embalaje B,50.66,82.29,65.81,54.48,Normal,Origen D,Refrigerado,Protocolo_1
Embalaje A,79.48,94.46,64.99,83.85,Normal,Origen A,Ambiente,Protocolo_2
Embalaje B,24.64,97.03,29.88,33.72,Normal,Origen A,Ambiente,Protocolo_1
Embalaje B,25.64,7.33,88.05,23.01,Frágil,Origen A,Ambiente,Protocolo_2
Embalaje C,89.89,79.09,92.36,56.63,Normal,Origen D,Ambiente,Protocolo_1
Embalaje B,67.87,98.2,48.65,92.89,Normal,Origen D,Ambiente,Protocolo_2
Embalaje B,49.75,51.09,7.25,82.5,Normal,Origen A,Ambiente,Protocolo_2
Embalaje C,6.94,61.22,97.46,90.94,Normal,Origen D,Ambiente,Protocolo_2
Embalaje A,67.68,80.17,33.68,86.22,Normal,Origen A,Ambiente,Protocolo_2
Embalaje B,87.39,28.07,44.01,14.92,Frágil,Origen A,Refrigerado,Protocolo_2
Embalaje B,56.5,87.93,37.96,72.11,Frágil,Origen A,Ambiente,Protocolo_2
Embalaje A,12.12,33.39,65.55,81.77,Normal,Origen B,Ambiente,Protocolo_2
Embalaje A,13.01,72.92,89.3,40.15,Normal,Origen B,Ambiente,Protocolo_1
Embalaje C,18.42,24.82,12.83,42.72,Normal,Origen C,Refrigerado,Protocolo_1
Embalaje A,72.48,79.51,35.7,51.13,Normal,Origen C,Ambiente,Protocolo_1
Embalaje A,93.05,53.6,83.56,15.72,Normal,Origen A,Ambiente,Protocolo_1
Embalaje C,89.79,5.57,40.1,81.89,Normal,Origen D,Ambiente,Protocolo_2
Embalaje B,66.02,64.99,25.68,80.97,Normal,Origen A,Ambiente,Protocolo_2
Embalaje C,43.48,90.67,49.06,65.11,Frágil,Origen C,Ambiente,Protocolo_2
Embalaje B,25.86,33.34,33.42,63.16,Normal,Origen A,Ambiente,Protocolo_1
Embalaje C,46.92,60.61,64.34,62.15,Frágil,Origen A,Ambiente,Protocolo_2
Embalaje B,41.67,22.15,67.55,58.67,Normal,Origen D,Ambiente,Protocolo_1
Embalaje A,96.24,44.01,65.09,61.58,Normal,Origen D,Ambiente,Protocolo_1
Embalaje A,83.94,33.22,58.09,86.18,Frágil,Origen A,Ambiente,Protocolo_2
Embalaje B,74.32,64.55,23.79,74.64,Normal,Origen D,Ambiente,Protocolo_1
Embalaje A,37.4,60.03,16.27,94.47,Frágil,Origen B,Ambiente,Protocolo_2
Embalaje A,46.78,81.67,56.25,24.8,Normal,Origen A,Ambiente,Protocolo_1
Embalaje A,45.58,36.56,68.56,97.99,Normal,Origen B,Ambiente,Protocolo_2
Embalaje A,74.88,93.07,23.16,64.53,Frágil,Origen A,Ambiente,Protocolo_2
Embalaje A,89.26,59.83,87.11,16.75,Normal,Origen B,Ambiente,Protocolo_1
Embalaje C,41.06,25.77,14.6,69.1,Normal,Origen B,Ambiente,Protocolo_1
Embalaje B,52.36,12.51,63.76,26.8,Frágil,Origen D,Ambiente,Protocolo_2
Embalaje B,97.7,10.95,63.86,52.11,Normal,Origen B,Ambiente,Protocolo_1
Embalaje C,88.41,19.12,33.14,53.39,Frágil,Origen B,Ambiente,Protocolo_2
Embalaje C,29.01,89.55,37.03,15.54,Normal,Origen B,Ambiente,Protocolo_1
Embalaje A,37.21,12.15,78.04,67.37,Normal,Origen D,Ambiente,Protocolo_1
Embalaje A,80.11,51.84,28.4,92.16,Normal,Origen D,Ambiente,Protocolo_2
Embalaje A,32.25,44.35,75.2,66.24,Normal,Origen C,Ambiente,Protocolo_1
Embalaje C,35.69,49.12,86.37,36.26,Frágil,Origen D,Ambiente,Protocolo_2
Embalaje A,74.01,8.58,34.3,87.28,Normal,Origen D,Ambiente,Protocolo_2
Embalaje A,13.25,91.34,32.79,26.4,Normal,Origen C,Ambiente,Protocolo_1
Embalaje A,35.07,50.32,92.56,77.97,Normal,Origen D,Ambiente,Protocolo_1
Embalaje C,12.81,84.26,90.37,6.7,Normal,Origen C,Ambiente,Protocolo_1
Embalaje C,41.13,67.14,57.74,77.01,Normal,Origen C,Ambiente,Protocolo_1
Embalaje A,6.19,91.53,63.12,6.55,Normal,Origen D,Ambiente,Protocolo_1
Embalaje C,48.93,5.71,97.0,62.36,Normal,Origen A,Ambiente,Protocolo_1
Embalaje A,89.36,12.37,42.12,66.17,Normal,Origen A,Ambiente,Protocolo_1
Embalaje A,66.46,13.94,5.22,73.47,Normal,Origen C,Ambiente,Protocolo_1
Embalaje A,57.99,13.6,41.55,90.05,Frágil,Origen B,Ambiente,Protocolo_2
Embalaje A,40.07,15.56,45.15,88.74,Frágil,Origen B,Ambiente,Protocolo_2
Embalaje B,54.54,17.04,31.67,69.94,Normal,Origen C,Ambiente,Protocolo_1
Embalaje B,72.96,23.34,7.62,88.29,Normal,Origen A,Ambiente,Protocolo_2
Embalaje C,98.72,32.12,76.33,31.32,Normal,Origen B,Ambiente,Protocolo_1
Embalaje C,27.87,89.58,20.37,86.5,Normal,Origen A,Ambiente,Protocolo_2
Embalaje B,16.06,7.32,82.76,52.99,Normal,Origen D,Ambiente,Protocolo_1
Embalaje C,75.87,60.53,54.03,24.54,Normal,Origen B,Refrigerado,Protocolo_1
Embalaje B,61.6,18.24,9.65,69.5,Normal,Origen D,Ambiente,Protocolo_1
Embalaje C,61.26,60.33,72.45,55.36,Normal,Origen C,Ambiente,Protocolo_1
Embalaje C,53.28,11.58,99.03,65.17,Normal,Origen A,Ambiente,Protocolo_1
Embalaje B,81.72,71.26,49.23,70.7,Normal,Origen C,Ambiente,Protocolo_1
Embalaje C,96.21,44.44,29.6,65.93,Normal,Origen B,Ambiente,Protocolo_1
Embalaje A,84.26,22.83,48.94,39.96,Normal,Origen B,Refrigerado,Protocolo_1
Embalaje B,33.5,93.24,23.36,29.52,Normal,Origen B,Ambiente,Protocolo_1
Embalaje C,76.34,77.62,55.41,3.58,Normal,Origen C,Ambiente,Protocolo_1
Embalaje C,99.61,70.59,83.74,95.18,Normal,Origen B,Ambiente,Protocolo_2
Embalaje C,42.73,42.57,53.97,85.22,Normal,Origen D,Ambiente,Protocolo_2
Embalaje B,6.31,19.98,50.52,8.3,Normal,Origen A,Ambiente,Protocolo_1
Embalaje B,20.86,14.45,43.77,43.19,Normal,Origen B,Ambiente,Protocolo_1
Embalaje A,77.9,16.42,16.23,38.27,Normal,Origen D,Ambiente,Protocolo_1
Embalaje C,78.43,92.27,45.48,42.16,Frágil,Origen C,Ambiente,Protocolo_2
Embalaje C,58.24,25.09,21.44,29.16,Frágil,Origen D,Refrigerado,Protocolo_2
Embalaje C,43.53,61.35,13.0,15.0,Normal,Origen A,Refrigerado,Protocolo_1
Embalaje A,81.62,17.08,32.0,42.79,Normal,Origen D,Ambiente,Protocolo_1
Embalaje B,35.27,97.58,26.48,25.72,Frágil,Origen A,Ambiente,Protocolo_2
Embalaje C,66.42,19.13,69.79,76.63,Normal,Origen B,Ambiente,Protocolo_1
Embalaje B,83.0,22.54,7.41,42.07,Normal,Origen D,Ambiente,Protocolo_1
Embalaje C,38.96,15.5,94.36,90.34,Frágil,Origen B,Refrigerado,Protocolo_2
Embalaje B,96.28,22.46,99.93,12.43,Frágil,Origen D,Ambiente,Protocolo_2
Embalaje C,47.03,12.25,90.56,85.73,Normal,Origen C,Ambiente,Protocolo_2
Embalaje A,29.93,33.88,80.14,60.57,Normal,Origen C,Ambiente,Protocolo_1
Embalaje A,65.58,32.54,12.55,79.76,Normal,Origen B,Ambiente,Protocolo_1
Embalaje A,83.92,87.29,67.31,27.54,Normal,Origen C,Ambiente,Protocolo_1
Embalaje B,43.78,78.83,59.95,12.78,Normal,Origen C,Ambiente,Protocolo_1
Embalaje B,47.05,53.46,35.59,87.64,Frágil,Origen B,Ambiente,Protocolo_2
Embalaje B,91.11,82.14,64.68,23.74,Frágil,Origen A,Ambiente,Protocolo_2
Embalaje C,90.68,85.17,94.16,73.37,Normal,Origen C,Refrigerado,Protocolo_1
Embalaje B,74.96,39.42,96.84,90.37,Normal,Origen A,Ambiente,Protocolo_2
Embalaje A,95.35,58.34,14.2,25.33,Normal,Origen A,Ambiente,Protocolo_1
Embalaje A,54.99,57.05,30.67,31.05,Normal,Origen A,Ambiente,Protocolo_1
Embalaje C,73.82,86.29,91.31,64.95,Normal,Origen A,Ambiente,Protocolo_1
Embalaje A,94.4,76.46,17.88,1.75,Frágil,Origen C,Ambiente,Protocolo_2
Embalaje B,29.11,78.47,10.85,64.18,Normal,Origen D,Ambiente,Protocolo_1
Embalaje B,68.45,94.32,45.71,1.94,Normal,Origen C,Ambiente,Protocolo_1
Embalaje B,13.32,16.87,37.17,65.24,Normal,Origen C,Ambiente,Protocolo_1
Embalaje C,12.01,73.21,63.69,97.52,Normal,Origen B,Ambiente,Protocolo_2
Embalaje B,35.93,74.79,76.58,47.56,Frágil,Origen A,Ambiente,Protocolo_2
Embalaje A,10.82,27.35,12.32,52.31,Normal,Origen C,Ambiente,Protocolo_1
Embalaje A,12.7,73.1,34.69,64.26,Frágil,Origen C,Refrigerado,Protocolo_2
Embalaje C,91.45,29.87,36.03,70.24,Normal,Origen D,Ambiente,Protocolo_1
Embalaje C,56.69,73.56,64.71,40.87,Normal,Origen C,Ambiente,Protocolo_1
Embalaje A,76.44,66.04,56.29,4.11,Normal,Origen B,Ambiente,Protocolo_1
Embalaje B,44.74,50.18,76.01,2.62,Frágil,Origen C,Ambiente,Protocolo_2
Embalaje B,54.79,34.96,41.75,4.44,Normal,Origen D,Ambiente,Protocolo_1
Embalaje A,18.62,53.45,77.15,88.56,Frágil,Origen B,Ambiente,Protocolo_2
Embalaje A,10.42,19.72,62.03,48.99,Frágil,Origen D,Ambiente,Protocolo_2
Embalaje A,20.83,29.86,86.27,4.51,Normal,Origen A,Ambiente,Protocolo_1
Embalaje B,44.39,60.08,40.14,81.33,Normal,Origen D,Ambiente,Protocolo_2
Embalaje A,36.6,97.88,46.59,8.54,Normal,Origen C,Ambiente,Protocolo_1
Embalaje C,19.92,19.94,38.56,35.46,Normal,Origen D,Ambiente,Protocolo_1
Embalaje C,58.47,41.77,40.92,68.69,Normal,Origen B,Ambiente,Protocolo_1
Embalaje B,29.26,65.56,38.86,42.63,Normal,Origen C,Ambiente,Protocolo_1
Embalaje C,15.56,52.53,18.19,30.3,Frágil,Origen C,Refrigerado,Protocolo_2
Embalaje A,31.34,63.91,97.93,13.98,Normal,Origen D,Refrigerado,Protocolo_1
Embalaje B,19.83,54.93,93.0,7.51,Normal,Origen A,Ambiente,Protocolo_1
Embalaje B,8.4,94.99,83.12,48.46,Frágil,Origen C,Ambiente,Protocolo_2
Embalaje C,17.37,69.72,73.09,40.46,Normal,Origen B,Ambiente,Protocolo_1
Embalaje B,8.29,32.41,27.34,57.63,Normal,Origen B,Ambiente,Protocolo_1
Embalaje A,56.82,40.32,80.08,54.06,Normal,Origen C,Ambiente,Protocolo_1
Embalaje C,44.22,11.73,80.45,82.83,Normal,Origen B,Ambiente,Protocolo_2
Embalaje B,80.25,53.36,5.86,98.56,Normal,Origen B,Refrigerado,Protocolo_2
Embalaje A,86.49,16.66,30.63,95.09,Normal,Origen D,Ambiente,Protocolo_2
Embalaje A,11.07,15.01,5.74,54.87,Normal,Origen D,Ambiente,Protocolo_1
Embalaje A,5.91,9.8,58.04,92.34,Frágil,Origen D,Ambiente,Protocolo_2
Embalaje C,44.1,12.72,31.56,90.11,Frágil,Origen B,Ambiente,Protocolo_2
Embalaje B,97.44,45.2,21.68,1.97,Frágil,Origen D,Ambiente,Protocolo_2
Embalaje A,56.44,48.65,58.53,65.61,Normal,Origen D,Ambiente,Protocolo_1
Embalaje B,74.84,15.37,92.32,33.94,Normal,Origen C,Ambiente,Protocolo_1
Embalaje B,6.42,79.38,95.78,62.16,Frágil,Origen C,Ambiente,Protocolo_2
Embalaje C,79.28,77.21,12.23,44.6,Frágil,Origen D,Ambiente,Protocolo_2
Embalaje C,77.82,24.35,94.57,46.49,Normal,Origen D,Ambiente,Protocolo_1
Embalaje C,71.95,5.13,65.59,21.3,Normal,Origen A,Refrigerado,Protocolo_1
Embalaje B,53.01,44.48,22.76,11.06,Normal,Origen C,Ambiente,Protocolo_1
Embalaje A,80.23,64.83,78.06,17.58,Normal,Origen D,Ambiente,Protocolo_1
Embalaje C,58.4,84.97,38.19,55.6,Normal,Origen D,Ambiente,Protocolo_1
Embalaje C,61.69,79.17,66.62,21.63,Normal,Origen C,Ambiente,Protocolo_1
Embalaje C,82.19,54.47,69.47,80.76,Normal,Origen A,Ambiente,Protocolo_2
Embalaje B,60.25,30.58,59.24,4.5,Normal,Origen D,Ambiente,Protocolo_1
Embalaje A,38.41,46.5,12.27,35.85,Normal,Origen C,Ambiente,Protocolo_1
Embalaje C,57.82,22.91,70.1,4.91,Normal,Origen D,Ambiente,Protocolo_1
Embalaje A,62.21,21.12,65.74,6.03,Normal,Origen C,Ambiente,Protocolo_1
Embalaje C,97.1,33.58,70.85,72.53,Normal,Origen D,Ambiente,Protocolo_1
Embalaje B,9.63,87.32,83.65,47.12,Normal,Origen C,Ambiente,Protocolo_1
Embalaje C,80.26,65.71,50.73,3.03,Normal,Origen C,Ambiente,Protocolo_1
Embalaje A,11.78,11.71,28.46,83.19,Normal,Origen A,Ambiente,Protocolo_2
Embalaje C,56.99,64.71,46.91,74.38,Normal,Origen B,Refrigerado,Protocolo_1
Embalaje C,17.85,62.7,35.05,17.15,Normal,Origen B,Ambiente,Protocolo_1
Embalaje B,60.07,38.22,71.67,37.03,Normal,Origen B,Ambiente,Protocolo_1
Embalaje C,17.45,46.42,86.6,70.71,Frágil,Origen B,Ambiente,Protocolo_2
Embalaje A,76.12,53.74,72.98,22.65,Normal,Origen A,Refrigerado,Protocolo_1
Embalaje A,5.04,99.97,35.56,34.32,Frágil,Origen A,Ambiente,Protocolo_2
Embalaje A,84.85,58.06,86.28,4.63,Normal,Origen B,Ambiente,Protocolo_1
Embalaje C,12.25,38.33,47.87,8.98,Normal,Origen D,Ambiente,Protocolo_1
Embalaje C,96.09,67.61,86.79,67.66,Normal,Origen D,Ambiente,Protocolo_1
Embalaje A,6.95,58.04,80.29,96.29,Normal,Origen D,Ambiente,Protocolo_2
Embalaje A,93.85,35.0,78.61,95.86,Normal,Origen C,Ambiente,Protocolo_2
Embalaje B,45.89,47.67,22.86,82.07,Normal,Origen D,Ambiente,Protocolo_2
Embalaje A,98.38,77.9,60.5,42.29,Normal,Origen A,Ambiente,Protocolo_1
Embalaje B,83.38,81.4,83.26,70.25,Normal,Origen B,Ambiente,Protocolo_1
Embalaje C,68.02,74.78,53.06,98.96,Normal,Origen B,Ambiente,Protocolo_2
Embalaje C,94.2,27.77,62.43,64.1,Frágil,Origen C,Ambiente,Protocolo_2
Embalaje A,41.71,69.63,26.72,75.69,Frágil,Origen D,Ambiente,Protocolo_2
Embalaje B,90.03,82.73,47.59,75.5,Normal,Origen B,Ambiente,Protocolo_1
Embalaje A,88.46,29.59,11.32,2.92,Normal,Origen A,Ambiente,Protocolo_1
Embalaje C,70.02,6.02,95.29,47.95,Normal,Origen D,Ambiente,Protocolo_1
Embalaje A,21.15,38.77,38.77,53.6,Normal,Origen B,Ambiente,Protocolo_1
Embalaje C,91.99,77.26,88.59,35.02,Normal,Origen C,Ambiente,Protocolo_1
Embalaje C,6.72,68.98,43.27,33.88,Normal,Origen A,Ambiente,Protocolo_1
Embalaje A,59.43,56.96,7.63,51.71,Frágil,Origen A,Ambiente,Protocolo_2
Embalaje A,28.99,13.09,86.73,79.73,Normal,Origen B,Ambiente,Protocolo_1
Embalaje C,53.72,85.28,59.62,7.78,Normal,Origen B,Ambiente,Protocolo_1
Embalaje A,60.48,64.73,40.39,69.21,Normal,Origen A,Ambiente,Protocolo_1
Embalaje B,87.04,88.83,64.03,91.29,Frágil,Origen B,Ambiente,Protocolo_2
Embalaje B,9.65,79.18,36.89,30.95,Normal,Origen B,Ambiente,Protocolo_1
Embalaje B,74.0,88.24,16.57,23.75,Normal,Origen C,Ambiente,Protocolo_1
Embalaje A,99.62,57.7,66.63,55.61,Frágil,Origen C,Ambiente,Protocolo_2
Embalaje C,51.74,99.1,99.48,20.91,Frágil,Origen C,Ambiente,Protocolo_2
Embalaje B,61.41,92.09,91.81,49.38,Normal,Origen D,Ambiente,Protocolo_1
Embalaje A,13.25,15.37,76.13,62.02,Normal,Origen B,Refrigerado,Protocolo_1
Embalaje C,41.93,9.28,84.78,49.64,Normal,Origen B,Ambiente,Protocolo_1
Embalaje B,54.94,78.89,7.28,34.42,Normal,Origen A,Ambiente,Protocolo_1
Embalaje A,33.12,32.2,16.06,19.88,Normal,Origen B,Refrigerado,Protocolo_1
Embalaje C,80.44,69.61,13.14,72.15,Normal,Origen B,Refrigerado,Protocolo_1
Embalaje A,65.15,44.76,85.71,29.53,Normal,Origen A,Ambiente,Protocolo_1
Embalaje C,64.15,81.43,76.01,63.36,Normal,Origen D,Ambiente,Protocolo_1
Embalaje A,26.38,26.27,20.33,29.21,Normal,Origen A,Ambiente,Protocolo_1
Embalaje B,72.16,62.72,67.86,73.43,Normal,Origen A,Ambiente,Protocolo_1
Embalaje A,16.74,14.61,29.52,91.69,Normal,Origen C,Ambiente,Protocolo_2
Embalaje C,43.96,73.1,19.1,88.1,Frágil,Origen A,Ambiente,Protocolo_2
Embalaje A,80.06,58.49,23.81,63.17,Normal,Origen D,Ambiente,Protocolo_1
Embalaje B,82.47,34.35,5.3,91.23,Normal,Origen B,Ambiente,Protocolo_2
Embalaje B,98.36,64.24,84.55,30.25,Normal,Origen C,Ambiente,Protocolo_1
Embalaje A,73.08,69.6,26.48,66.25,Normal,Origen B,Ambiente,Protocolo_1
Embalaje A,5.42,28.57,41.9,33.67,Normal,Origen B,Ambiente,Protocolo_1
Embalaje B,69.7,47.96,85.07,76.57,Normal,Origen A,Refrigerado,Protocolo_1
Embalaje A,51.61,39.9,40.78,70.82,Normal,Origen C,Ambiente,Protocolo_1
Embalaje A,68.32,28.15,97.03,16.71,Normal,Origen B,Ambiente,Protocolo_1
Embalaje C,28.38,49.99,97.52,85.44,Normal,Origen B,Ambiente,Protocolo_2
Embalaje C,36.24,11.46,74.05,44.71,Frágil,Origen A,Ambiente,Protocolo_2
Embalaje C,58.98,93.16,37.16,75.21,Frágil,Origen B,Ambiente,Protocolo_2
Embalaje B,29.69,19.27,12.23,84.01,Normal,Origen B,Ambiente,Protocolo_2
Embalaje A,19.46,25.59,5.17,87.77,Normal,Origen D,Ambiente,Protocolo_2
Embalaje A,39.71,64.91,47.34,61.56,Frágil,Origen B,Ambiente,Protocolo_2
Embalaje C,54.22,53.31,10.45,57.48,Normal,Origen C,Refrigerado,Protocolo_1
Embalaje A,97.86,22.36,62.99,1.41,Normal,Origen B,Ambiente,Protocolo_1
Embalaje A,81.1,29.41,80.16,63.88,Normal,Origen A,Ambiente,Protocolo_1
Embalaje B,98.28,74.0,48.34,8.58,Normal,Origen D,Ambiente,Protocolo_1
Embalaje B,80.16,98.73,37.64,9.89,Frágil,Origen B,Ambiente,Protocolo_2
Embalaje B,33.49,5.22,51.24,87.73,Normal,Origen C,Ambiente,Protocolo_2
Embalaje A,26.44,57.13,21.9,82.33,Normal,Origen D,Ambiente,Protocolo_2
Embalaje B,61.93,22.6,45.32,79.58,Frágil,Origen D,Refrigerado,Protocolo_2
Embalaje C,80.7,53.14,20.47,63.12,Normal,Origen C,Ambiente,Protocolo_1
Embalaje C,92.97,74.09,91.93,29.14,Normal,Origen C,Ambiente,Protocolo_1
Embalaje B,91.95,54.74,79.7,54.08,Frágil,Origen B,Ambiente,Protocolo_2
Embalaje A,15.4,45.84,91.29,98.45,Frágil,Origen B,Ambiente,Protocolo_2
Embalaje C,35.9,73.54,72.45,52.53,Frágil,Origen A,Ambiente,Protocolo_2
Embalaje C,94.09,56.73,51.81,97.15,Frágil,Origen A,Ambiente,Protocolo_2
Embalaje A,19.82,77.13,97.66,47.26,Normal,Origen B,Refrigerado,Protocolo_1
Embalaje C,11.48,77.48,63.45,34.97,Frágil,Origen A,Ambiente,Protocolo_2
Embalaje C,77.6,65.36,69.89,62.04,Normal,Origen C,Ambiente,Protocolo_1
Embalaje B,61.5,53.23,36.5,16.67,Normal,Origen B,Ambiente,Protocolo_1
Embalaje A,37.8,35.0,20.96,15.3,Normal,Origen C,Ambiente,Protocolo_1
Embalaje A,72.35,33.95,98.67,6.83,Normal,Origen A,Refrigerado,Protocolo_1
Embalaje A,76.52,29.44,45.48,70.19,Normal,Origen B,Refrigerado,Protocolo_1
Embalaje B,14.42,56.96,61.08,67.11,Normal,Origen D,Ambiente,Protocolo_1
Embalaje C,14.75,76.7,65.4,73.0,Normal,Origen D,Ambiente,Protocolo_1
Embalaje B,95.21,75.35,15.11,81.4,Normal,Origen D,Ambiente,Protocolo_2
Embalaje B,92.85,66.39,72.58,12.47,Frágil,Origen B,Ambiente,Protocolo_2
Embalaje A,87.89,29.83,49.07,44.07,Normal,Origen C,Ambiente,Protocolo_1
Embalaje A,41.71,77.69,89.06,46.34,Normal,Origen D,Refrigerado,Protocolo_1
Embalaje A,24.34,76.96,91.16,8.4,Normal,Origen A,Ambiente,Protocolo_1
Embalaje A,38.39,78.87,10.16,26.24,Normal,Origen B,Ambiente,Protocolo_1
Embalaje C,33.05,81.22,44.82,58.58,Normal,Origen A,Ambiente,Protocolo_1
Embalaje B,23.04,85.31,52.28,59.29,Frágil,Origen B,Refrigerado,Protocolo_2
Embalaje A,81.42,47.52,77.58,1.64,Normal,Origen A,Ambiente,Protocolo_1
Embalaje A,71.31,62.73,14.06,50.4,Normal,Origen B,Ambiente,Protocolo_1
Embalaje C,33.5,75.27,22.66,91.14,Normal,Origen D,Ambiente,Protocolo_2
Embalaje C,29.77,60.37,60.16,77.11,Normal,Origen D,Ambiente,Protocolo_1
Embalaje C,22.09,75.87,53.12,45.96,Normal,Origen A,Ambiente,Protocolo_1
Embalaje C,13.15,26.96,33.26,29.66,Normal,Origen A,Ambiente,Protocolo_1
Embalaje B,34.01,73.69,91.05,87.11,Normal,Origen B,Ambiente,Protocolo_2
Embalaje B,37.76,75.63,22.77,58.21,Normal,Origen A,Ambiente,Protocolo_1
Embalaje A,62.45,86.2,24.84,8.02,Normal,Origen A,Refrigerado,Protocolo_1
Embalaje A,91.91,59.68,95.44,78.08,Normal,Origen A,Ambiente,Protocolo_1
Embalaje A,59.43,86.65,34.36,25.07,Frágil,Origen C,Ambiente,Protocolo_2
Embalaje C,60.72,72.32,90.0,78.72,Normal,Origen A,Refrigerado,Protocolo_1
Embalaje B,8.75,73.18,54.93,89.65,Normal,Origen C,Ambiente,Protocolo_2
Embalaje C,6.01,56.5,67.8,70.24,Normal,Origen D,Ambiente,Protocolo_1
Embalaje A,36.44,77.19,9.09,81.43,Frágil,Origen A,Ambiente,Protocolo_2
Embalaje A,77.43,13.86,29.85,33.08,Normal,Origen B,Ambiente,Protocolo_1
Embalaje C,93.84,52.22,72.49,38.74,Normal,Origen C,Ambiente,Protocolo_1
Embalaje A,26.82,44.85,7.9,4.46,Normal,Origen D,Ambiente,Protocolo_1
Embalaje A,92.85,33.83,50.52,24.01,Normal,Origen B,Ambiente,Protocolo_1
Embalaje A,5.36,39.28,99.87,37.8,Frágil,Origen C,Ambiente,Protocolo_2
Embalaje A,15.47,95.97,63.74,94.97,Frágil,Origen C,Ambiente,Protocolo_2
Embalaje B,27.49,83.91,99.17,7.17,Normal,Origen B,Ambiente,Protocolo_1
Embalaje C,40.8,83.25,38.76,77.4,Normal,Origen A,Ambiente,Protocolo_1
Embalaje B,15.91,67.3,39.17,76.45,Normal,Origen D,Ambiente,Protocolo_1
Embalaje A,65.4,99.67,12.3,33.15,Normal,Origen C,Refrigerado,Protocolo_1
Embalaje B,53.86,11.2,52.87,81.25,Normal,Origen B,Ambiente,Protocolo_2
Embalaje A,28.05,16.24,50.24,74.47,Normal,Origen B,Refrigerado,Protocolo_1
Embalaje C,89.25,73.05,9.31,51.58,Normal,Origen B,Ambiente,Protocolo_1
Embalaje C,64.61,70.54,57.04,12.99,Normal,Origen B,Ambiente,Protocolo_1
Embalaje C,37.43,70.82,61.37,11.97,Normal,Origen A,Ambiente,Protocolo_1
Embalaje A,46.15,54.77,66.38,5.7,Normal,Origen B,Ambiente,Protocolo_1
Embalaje C,7.94,17.29,93.92,18.74,Normal,Origen A,Ambiente,Protocolo_1
Embalaje C,53.22,52.33,79.73,87.49,Frágil,Origen A,Ambiente,Protocolo_2
Embalaje A,6.28,10.42,45.12,1.14,Normal,Origen A,Ambiente,Protocolo_1
Embalaje B,88.88,12.11,30.19,84.17,Frágil,Origen B,Ambiente,Protocolo_2
Embalaje B,44.74,65.08,42.13,33.9,Normal,Origen D,Ambiente,Protocolo_1
Embalaje B,90.83,72.1,71.58,59.25,Normal,Origen B,Ambiente,Protocolo_1
Embalaje C,11.49,97.07,35.8,8.57,Normal,Origen C,Ambiente,Protocolo_1
Embalaje A,13.03,94.13,20.64,64.19,Normal,Origen D,Ambiente,Protocolo_1
Embalaje A,30.13,52.78,86.82,67.06,Frágil,Origen B,Ambiente,Protocolo_2
Embalaje B,52.87,82.02,42.94,55.41,Normal,Origen B,Ambiente,Protocolo_1
Embalaje B,17.32,47.22,9.77,7.55,Normal,Origen A,Ambiente,Protocolo_1
Embalaje B,8.41,33.95,38.14,88.76,Normal,Origen C,Ambiente,Protocolo_2
Embalaje A,22.21,20.11,29.22,29.52,Normal,Origen B,Ambiente,Protocolo_1
Embalaje B,28.29,49.29,11.68,76.18,Normal,Origen D,Ambiente,Protocolo_1
Embalaje C,69.09,12.07,38.67,76.46,Frágil,Origen A,Ambiente,Protocolo_2
Embalaje A,87.06,56.26,88.08,20.8,Frágil,Origen C,Ambiente,Protocolo_2
Embalaje C,83.28,44.25,48.34,1.32,Normal,Origen C,Ambiente,Protocolo_1
Embalaje A,45.65,6.1,6.74,57.12,Normal,Origen B,Ambiente,Protocolo_1
Embalaje B,9.14,11.44,5.26,13.49,Normal,Origen B,Ambiente,Protocolo_1
Embalaje B,93.98,38.81,83.93,82.61,Normal,Origen D,Ambiente,Protocolo_2
Embalaje B,58.6,99.4,47.19,3.47,Normal,Origen C,Ambiente,Protocolo_1
Embalaje B,70.63,92.7,5.24,63.35,Normal,Origen B,Ambiente,Protocolo_1
Embalaje B,87.09,9.36,7.78,26.1,Normal,Origen D,Ambiente,Protocolo_1
Embalaje C,86.56,13.9,37.23,58.22,Normal,Origen B,Ambiente,Protocolo_1
Embalaje A,86.01,39.1,76.59,11.48,Normal,Origen C,Ambiente,Protocolo_1
Embalaje C,21.93,18.39,38.38,28.86,Normal,Origen B,Ambiente,Protocolo_1
Embalaje C,24.96,66.29,91.23,57.77,Normal,Origen A,Ambiente,Protocolo_1
Embalaje C,28.58,73.65,22.17,15.67,Normal,Origen B,Ambiente,Protocolo_1
Embalaje B,39.9,74.73,52.56,95.35,Normal,Origen D,Refrigerado,Protocolo_2
Embalaje A,75.59,30.01,34.51,3.45,Normal,Origen B,Ambiente,Protocolo_1
Embalaje A,90.14,75.05,10.32,49.95,Normal,Origen D,Ambiente,Protocolo_1
Embalaje C,93.2,73.64,91.69,43.78,Normal,Origen A,Ambiente,Protocolo_1
Embalaje B,61.56,38.86,67.27,6.34,Normal,Origen C,Ambiente,Protocolo_1
Embalaje C,69.41,75.93,38.4,4.72,Normal,Origen D,Ambiente,Protocolo_1
Embalaje C,51.4,22.9,40.73,4.43,Frágil,Origen A,Ambiente,Protocolo_2
Embalaje B,70.42,55.48,97.11,24.77,Normal,Origen B,Ambiente,Protocolo_1
Embalaje C,32.49,42.3,9.29,24.32,Normal,Origen D,Ambiente,Protocolo_1
Embalaje C,49.95,14.14,14.09,47.81,Normal,Origen B,Ambiente,Protocolo_1
Embalaje B,58.8,32.32,87.67,67.3,Normal,Origen C,Refrigerado,Protocolo_1
Embalaje A,37.32,70.11,6.35,54.15,Normal,Origen C,Ambiente,Protocolo_1
Embalaje B,41.38,59.94,68.21,45.19,Normal,Origen D,Ambiente,Protocolo_1
Embalaje C,10.69,42.37,14.58,5.74,Normal,Origen A,Ambiente,Protocolo_1
Embalaje B,16.93,51.16,56.79,69.35,Normal,Origen B,Ambiente,Protocolo_1
Embalaje B,25.8,8.28,28.23,13.37,Frágil,Origen B,Ambiente,Protocolo_2
Embalaje A,34.19,56.23,59.36,99.9,Normal,Origen D,Ambiente,Protocolo_2
Embalaje A,86.51,64.19,66.4,29.5,Normal,Origen B,Ambiente,Protocolo_1
Embalaje A,80.96,65.87,37.69,93.95,Normal,Origen D,Ambiente,Protocolo_2
Embalaje A,38.48,58.62,85.42,78.07,Normal,Origen B,Ambiente,Protocolo_1
Embalaje C,93.84,35.96,89.88,79.64,Normal,Origen B,Ambiente,Protocolo_1
Embalaje A,61.67,25.05,53.23,74.33,Normal,Origen B,Refrigerado,Protocolo_1
Embalaje C,43.97,48.24,34.85,59.48,Frágil,Origen B,Ambiente,Protocolo_2
Embalaje A,39.98,30.11,82.96,19.52,Normal,Origen A,Ambiente,Protocolo_1
Embalaje C,56.96,80.25,31.04,89.39,Frágil,Origen B,Refrigerado,Protocolo_2
Embalaje A,16.2,97.9,28.31,48.6,Normal,Origen A,Refrigerado,Protocolo_1
Embalaje C,65.4,23.07,12.84,54.28,Normal,Origen B,Ambiente,Protocolo_1
Embalaje B,95.41,81.87,69.73,81.87,Normal,Origen C,Ambiente,Protocolo_2
Embalaje C,38.09,95.24,87.95,9.17,Frágil,Origen B,Refrigerado,Protocolo_2
Embalaje A,12.57,38.96,66.1,57.15,Frágil,Origen A,Ambiente,Protocolo_2
Embalaje B,32.92,7.7,40.0,6.24,Normal,Origen B,Ambiente,Protocolo_1
Embalaje A,37.79,22.7,5.42,32.18,Normal,Origen C,Ambiente,Protocolo_1
Embalaje A,42.4,93.02,87.04,21.87,Normal,Origen D,Ambiente,Protocolo_1
Embalaje C,5.63,81.98,64.14,33.25,Normal,Origen B,Ambiente,Protocolo_1
Embalaje B,83.92,75.54,66.02,40.76,Normal,Origen B,Ambiente,Protocolo_1
Embalaje C,22.09,63.14,75.26,64.94,Normal,Origen D,Ambiente,Protocolo_1
Embalaje B,40.45,53.07,53.47,77.53,Normal,Origen B,Ambiente,Protocolo_1
Embalaje C,27.22,59.73,31.82,33.85,Normal,Origen A,Ambiente,Protocolo_1
Embalaje C,61.79,60.35,37.87,97.42,Normal,Origen B,Ambiente,Protocolo_2
Embalaje A,81.92,31.66,29.81,5.6,Normal,Origen A,Ambiente,Protocolo_1
Embalaje C,39.0,52.89,81.17,61.25,Frágil,Origen D,Ambiente,Protocolo_2
Embalaje B,68.66,32.99,12.4,92.41,Normal,Origen C,Ambiente,Protocolo_2
Embalaje B,69.96,21.41,34.3,79.5,Normal,Origen A,Ambiente,Protocolo_1
Embalaje B,62.16,62.24,10.44,11.25,Normal,Origen B,Ambiente,Protocolo_1
Embalaje C,92.68,90.96,7.53,51.67,Normal,Origen A,Ambiente,Protocolo_1
Embalaje C,28.17,65.77,11.99,16.78,Normal,Origen B,Ambiente,Protocolo_1
Embalaje A,14.08,74.01,46.38,92.82,Normal,Origen A,Ambiente,Protocolo_2
Embalaje B,31.75,13.72,89.65,52.02,Normal,Origen B,Ambiente,Protocolo_1
Embalaje C,99.5,51.71,78.6,75.9,Normal,Origen D,Ambiente,Protocolo_1
Embalaje B,32.64,53.49,55.6,57.17,Normal,Origen D,Ambiente,Protocolo_1
Embalaje A,91.42,28.85,13.21,11.92,Normal,Origen D,Ambiente,Protocolo_1
Embalaje C,39.93,43.66,19.79,4.21,Normal,Origen D,Ambiente,Protocolo_1
Embalaje C,75.49,79.03,77.62,35.26,Normal,Origen C,Ambiente,Protocolo_1
Embalaje A,66.98,97.01,56.66,30.64,Normal,Origen D,Ambiente,Protocolo_1
Embalaje B,75.83,77.78,77.5,1.03,Normal,Origen D,Ambiente,Protocolo_1
Embalaje A,70.34,48.48,10.37,39.7,Frágil,Origen A,Ambiente,Protocolo_2
Embalaje B,55.17,38.79,33.07,93.66,Normal,Origen C,Ambiente,Protocolo_2
Embalaje B,42.64,87.98,16.44,74.54,Normal,Origen C,Ambiente,Protocolo_1
Embalaje A,75.47,5.18,7.12,51.31,Normal,Origen A,Ambiente,Protocolo_1
Embalaje B,33.34,23.31,74.91,18.67,Normal,Origen D,Ambiente,Protocolo_1
Embalaje C,50.58,24.45,41.01,37.99,Normal,Origen C,Ambiente,Protocolo_1
Embalaje B,95.21,73.51,60.27,65.89,Normal,Origen A,Ambiente,Protocolo_1
Embalaje A,24.09,11.6,97.73,59.94,Normal,Origen C,Refrigerado,Protocolo_1
Embalaje B,91.97,34.29,59.79,92.93,Frágil,Origen A,Ambiente,Protocolo_2
Embalaje B,7.52,54.21,13.44,20.9,Normal,Origen A,Ambiente,Protocolo_1
Embalaje B,91.05,32.31,83.27,87.26,Normal,Origen D,Refrigerado,Protocolo_2
Embalaje C,58.61,33.18,71.88,42.57,Frágil,Origen D,Ambiente,Protocolo_2
Embalaje A,36.94,9.24,32.1,55.5,Normal,Origen B,Ambiente,Protocolo_1
Embalaje A,61.77,51.83,18.13,99.1,Normal,Origen C,Refrigerado,Protocolo_2
Embalaje C,50.62,29.15,84.15,99.31,Normal,Origen D,Ambiente,Protocolo_2
Embalaje A,53.43,16.21,98.24,16.3,Normal,Origen B,Ambiente,Protocolo_1
Embalaje C,61.08,58.74,65.78,4.05,Normal,Origen D,Ambiente,Protocolo_1
Embalaje B,10.08,9.98,92.09,1.38,Normal,Origen A,Ambiente,Protocolo_1
Embalaje B,74.89,96.13,67.59,3.84,Frágil,Origen B,Ambiente,Protocolo_2
Embalaje B,58.9,49.81,95.9,17.55,Normal,Origen A,Ambiente,Protocolo_1
Embalaje C,91.25,76.5,92.47,32.13,Normal,Origen A,Refrigerado,Protocolo_1
Embalaje A,96.27,18.87,68.81,34.39,Normal,Origen C,Ambiente,Protocolo_1
Embalaje B,63.99,13.89,74.17,98.96,Normal,Origen A,Ambiente,Protocolo_2
Embalaje B,72.4,59.0,79.97,95.8,Normal,Origen D,Ambiente,Protocolo_2
Embalaje A,68.52,36.02,14.43,7.11,Frágil,Origen D,Ambiente,Protocolo_2
Embalaje A,63.55,86.15,91.94,46.14,Normal,Origen D,Ambiente,Protocolo_1
Embalaje B,36.03,93.55,91.29,99.72,Normal,Origen D,Ambiente,Protocolo_2
Embalaje B,18.78,75.11,96.95,13.48,Normal,Origen C,Ambiente,Protocolo_1
Embalaje B,17.94,43.26,44.27,50.15,Frágil,Origen B,Ambiente,Protocolo_2
Embalaje A,24.07,64.04,90.5,18.24,Normal,Origen D,Ambiente,Protocolo_1
Embalaje C,8.16,96.41,75.24,37.35,Normal,Origen B,Ambiente,Protocolo_1
Embalaje C,88.71,51.28,80.65,3.48,Normal,Origen D,Ambiente,Protocolo_1
Embalaje B,79.29,34.24,25.99,42.45,Frágil,Origen A,Ambiente,Protocolo_2
Embalaje B,28.34,76.9,26.66,25.53,Normal,Origen A,Ambiente,Protocolo_1
Embalaje B,90.66,64.39,40.09,16.49,Normal,Origen B,Ambiente,Protocolo_1
Embalaje B,87.24,96.91,86.99,5.42,Frágil,Origen A,Ambiente,Protocolo_2
Embalaje C,63.65,47.81,8.21,56.68,Normal,Origen B,Ambiente,Protocolo_1
Embalaje B,79.59,9.85,39.15,9.33,Frágil,Origen D,Ambiente,Protocolo_2
Embalaje B,65.92,48.83,44.64,18.72,Normal,Origen A,Ambiente,Protocolo_1
Embalaje A,37.63,69.6,33.14,71.39,Normal,Origen D,Ambiente,Protocolo_1
Embalaje C,52.53,20.49,14.42,89.26,Normal,Origen A,Ambiente,Protocolo_2
Embalaje B,54.87,41.01,52.42,22.74,Normal,Origen C,Ambiente,Protocolo_1
Embalaje A,13.51,42.99,82.87,16.12,Normal,Origen A,Ambiente,Protocolo_1
Embalaje B,80.73,41.4,56.82,13.84,Frágil,Origen C,Ambiente,Protocolo_2
Embalaje A,24.3,8.55,79.3,94.7,Normal,Origen D,Ambiente,Protocolo_2
Embalaje C,71.46,50.86,94.89,62.36,Normal,Origen D,Ambiente,Protocolo_1
Embalaje B,14.09,16.65,34.94,44.6,Normal,Origen D,Ambiente,Protocolo_1
Embalaje C,85.94,66.76,15.52,8.04,Normal,Origen C,Ambiente,Protocolo_1
Embalaje C,52.76,80.42,72.57,15.87,Normal,Origen B,Ambiente,Protocolo_1
Embalaje B,92.74,55.55,91.92,82.27,Frágil,Origen D,Ambiente,Protocolo_2
Embalaje A,52.55,84.36,90.12,72.8,Normal,Origen A,Ambiente,Protocolo_1
Embalaje B,69.16,50.08,81.53,25.69,Normal,Origen D,Ambiente,Protocolo_1
Embalaje B,8.37,52.54,87.68,60.8,Normal,Origen A,Ambiente,Protocolo_1
Embalaje A,16.34,90.0,65.26,97.85,Frágil,Origen D,Ambiente,Protocolo_2
Embalaje A,9.73,96.49,9.34,83.63,Normal,Origen C,Ambiente,Protocolo_2
Embalaje B,13.89,33.8,90.43,62.33,Normal,Origen D,Ambiente,Protocolo_1
Embalaje B,73.86,29.68,82.05,91.68,Frágil,Origen B,Ambiente,Protocolo_2
Embalaje A,65.69,80.17,43.57,29.43,Frágil,Origen A,Ambiente,Protocolo_2
Embalaje C,42.86,25.74,7.07,41.47,Frágil,Origen D,Ambiente,Protocolo_2
Embalaje B,70.77,64.66,42.62,85.16,Normal,Origen D,Ambiente,Protocolo_2
Embalaje A,51.32,87.23,51.65,43.89,Normal,Origen A,Refrigerado,Protocolo_1
Embalaje C,17.29,62.91,57.31,94.56,Normal,Origen D,Ambiente,Protocolo_2
Embalaje C,42.23,43.58,92.02,28.55,Normal,Origen B,Ambiente,Protocolo_1
Embalaje A,11.75,34.78,40.04,21.58,Normal,Origen B,Ambiente,Protocolo_1
Embalaje C,39.4,37.96,80.71,17.78,Normal,Origen B,Ambiente,Protocolo_1
Embalaje B,15.77,32.18,36.07,9.62,Normal,Origen D,Ambiente,Protocolo_1
Embalaje C,91.82,25.01,11.86,50.56,Normal,Origen D,Ambiente,Protocolo_1
Embalaje A,34.42,36.67,76.43,69.23,Normal,Origen A,Ambiente,Protocolo_1
Embalaje B,41.57,55.92,58.06,75.85,Normal,Origen B,Ambiente,Protocolo_1
Embalaje A,68.24,95.66,95.56,13.95,Normal,Origen C,Ambiente,Protocolo_1
Embalaje C,54.66,25.37,85.93,70.11,Normal,Origen D,Ambiente,Protocolo_1
Embalaje B,53.75,29.27,39.49,4.26,Normal,Origen A,Refrigerado,Protocolo_1
Embalaje B,36.78,75.19,7.38,65.77,Normal,Origen B,Ambiente,Protocolo_1
Embalaje C,29.81,89.78,36.66,16.74,Frágil,Origen A,Refrigerado,Protocolo_2
Embalaje C,71.64,54.51,92.42,90.09,Normal,Origen C,Ambiente,Protocolo_2
Embalaje B,65.7,69.62,97.27,21.45,Frágil,Origen B,Ambiente,Protocolo_2
Embalaje A,49.89,65.69,28.03,17.31,Normal,Origen D,Ambiente,Protocolo_1
Embalaje A,54.51,70.17,85.83,61.5,Normal,Origen B,Ambiente,Protocolo_1
Embalaje C,56.19,50.38,66.48,52.4,Normal,Origen A,Ambiente,Protocolo_1
Embalaje A,20.7,80.77,34.43,31.86,Normal,Origen A,Ambiente,Protocolo_1
Embalaje A,9.54,89.94,86.31,56.34,Normal,Origen D,Ambiente,Protocolo_1
Embalaje A,45.17,72.01,60.32,10.01,Normal,Origen D,Refrigerado,Protocolo_1
Embalaje A,92.49,79.4,45.26,2.61,Normal,Origen A,Ambiente,Protocolo_1
Embalaje C,81.94,68.69,70.3,13.62,Normal,Origen C,Ambiente,Protocolo_1
Embalaje C,65.08,83.04,87.94,31.59,Frágil,Origen C,Ambiente,Protocolo_2
Embalaje C,72.34,11.39,85.68,68.82,Normal,Origen A,Ambiente,Protocolo_1
Embalaje A,78.95,76.36,43.24,9.29,Normal,Origen B,Ambiente,Protocolo_1
Embalaje C,24.78,59.78,63.64,46.52,Normal,Origen D,Ambiente,Protocolo_1
Embalaje C,31.59,53.94,86.32,55.65,Normal,Origen B,Ambiente,Protocolo_1
Embalaje B,93.03,41.76,19.65,39.5,Normal,Origen B,Ambiente,Protocolo_1
Embalaje C,16.41,5.48,60.25,58.23,Normal,Origen A,Ambiente,Protocolo_1
Embalaje B,35.45,26.47,80.31,80.15,Normal,Origen D,Ambiente,Protocolo_2
Embalaje C,62.76,88.97,69.67,86.8,Normal,Origen C,Ambiente,Protocolo_2
Embalaje C,92.46,84.52,46.89,39.23,Frágil,Origen D,Ambiente,Protocolo_2
Embalaje B,80.05,58.78,46.57,35.51,Frágil,Origen C,Ambiente,Protocolo_2
Embalaje B,17.5,68.62,52.46,1.54,Normal,Origen A,Ambiente,Protocolo_1
Embalaje A,95.82,48.9,24.54,1.06,Normal,Origen D,Refrigerado,Protocolo_1
Embalaje B,60.97,87.79,45.57,90.97,Normal,Origen D,Refrigerado,Protocolo_2
Embalaje C,73.31,9.69,65.45,16.74,Normal,Origen C,Ambiente,Protocolo_1
Embalaje A,13.93,78.8,46.62,52.32,Normal,Origen B,Ambiente,Protocolo_1
Embalaje C,78.32,26.47,99.82,24.41,Normal,Origen D,Ambiente,Protocolo_1
Embalaje A,90.27,23.61,38.62,54.09,Normal,Origen B,Ambiente,Protocolo_1
Embalaje C,36.23,77.56,17.82,49.24,Normal,Origen C,Ambiente,Protocolo_1
Embalaje A,98.04,81.62,82.61,42.04,Normal,Origen B,Ambiente,Protocolo_1
Embalaje C,81.95,13.93,51.8,64.8,Normal,Origen A,Refrigerado,Protocolo_1
Embalaje B,57.61,9.48,54.39,26.19,Normal,Origen D,Ambiente,Protocolo_1
Embalaje B,86.82,85.6,51.37,65.36,Frágil,Origen D,Ambiente,Protocolo_2
Embalaje B,86.32,32.24,66.89,76.41,Normal,Origen B,Ambiente,Protocolo_1
Embalaje B,39.11,65.05,90.84,38.9,Normal,Origen B,Ambiente,Protocolo_1
Embalaje C,42.18,13.72,26.51,47.77,Normal,Origen A,Ambiente,Protocolo_1
Embalaje B,24.64,32.8,29.51,7.21,Frágil,Origen D,Ambiente,Protocolo_2
Embalaje A,22.49,6.87,84.11,44.55,Frágil,Origen B,Ambiente,Protocolo_2
Embalaje A,26.54,72.25,64.69,10.34,Normal,Origen D,Ambiente,Protocolo_1
Embalaje A,60.74,34.48,8.81,46.53,Normal,Origen D,Ambiente,Protocolo_1
Embalaje C,84.4,52.7,89.17,87.53,Normal,Origen B,Ambiente,Protocolo_2
Embalaje C,75.06,96.19,30.61,20.64,Frágil,Origen D,Ambiente,Protocolo_2
Embalaje C,39.35,47.55,37.84,94.79,Normal,Origen C,Ambiente,Protocolo_2
Embalaje C,58.5,24.39,34.98,28.51,Normal,Origen D,Refrigerado,Protocolo_1
Embalaje A,8.03,89.56,17.25,33.6,Normal,Origen B,Refrigerado,Protocolo_1
Embalaje B,44.0,46.03,8.69,29.32,Normal,Origen D,Ambiente,Protocolo_1
Embalaje A,49.19,46.45,79.95,17.98,Frágil,Origen B,Ambiente,Protocolo_2
Embalaje C,29.2,32.42,31.94,48.31,Normal,Origen C,Ambiente,Protocolo_1
Embalaje C,83.35,47.26,64.03,64.54,Frágil,Origen B,Ambiente,Protocolo_2
Embalaje C,57.7,40.12,91.54,39.54,Normal,Origen D,Ambiente,Protocolo_1
Embalaje C,5.4,32.87,69.74,69.91,Frágil,Origen D,Ambiente,Protocolo_2
Embalaje A,32.93,80.8,90.22,92.8,Normal,Origen A,Ambiente,Protocolo_2
Embalaje B,13.52,56.85,67.44,24.85,Normal,Origen B,Ambiente,Protocolo_1
Embalaje A,77.91,90.38,7.33,54.14,Normal,Origen D,Ambiente,Protocolo_1
Embalaje A,39.09,89.73,24.62,39.06,Normal,Origen B,Ambiente,Protocolo_1
Embalaje B,44.24,79.17,84.72,25.64,Normal,Origen B,Ambiente,Protocolo_1
Embalaje B,36.31,68.14,35.24,87.57,Normal,Origen D,Ambiente,Protocolo_2
Embalaje C,44.63,31.58,23.03,43.49,Normal,Origen B,Ambiente,Protocolo_1
Embalaje A,95.92,36.4,64.75,74.56,Normal,Origen B,Ambiente,Protocolo_1
Embalaje B,26.11,85.96,8.22,9.12,Normal,Origen A,Ambiente,Protocolo_1
Embalaje B,69.91,8.24,79.73,20.25,Normal,Origen A,Ambiente,Protocolo_1
Embalaje B,89.48,25.59,40.0,15.15,Normal,Origen A,Ambiente,Protocolo_1
Embalaje B,87.24,68.81,78.52,66.82,Normal,Origen C,Ambiente,Protocolo_1
Embalaje C,15.86,48.72,86.52,47.71,Normal,Origen D,Ambiente,Protocolo_1
Embalaje C,53.78,24.09,68.23,18.82,Frágil,Origen C,Ambiente,Protocolo_2
Embalaje C,46.08,93.52,66.92,12.79,Frágil,Origen D,Ambiente,Protocolo_2
Embalaje C,48.81,74.36,21.09,13.32,Normal,Origen C,Ambiente,Protocolo_1
Embalaje A,46.84,92.35,17.09,10.12,Normal,Origen D,Ambiente,Protocolo_1
Embalaje B,61.98,82.0,13.05,9.39,Normal,Origen B,Ambiente,Protocolo_1
Embalaje C,49.6,67.9,66.53,36.59,Normal,Origen D,Ambiente,Protocolo_1
Embalaje B,23.21,71.81,25.15,12.92,Normal,Origen C,Ambiente,Protocolo_1
Embalaje C,87.84,17.65,72.32,20.3,Normal,Origen A,Ambiente,Protocolo_1
Embalaje A,14.61,11.23,25.91,63.21,Frágil,Origen D,Ambiente,Protocolo_2
Embalaje B,27.45,58.0,69.93,56.63,Frágil,Origen D,Ambiente,Protocolo_2
Embalaje C,78.11,51.78,79.06,3.7,Normal,Origen B,Ambiente,Protocolo_1
Embalaje A,72.63,61.72,28.15,69.49,Frágil,Origen A,Ambiente,Protocolo_2
Embalaje B,6.0,38.64,90.27,67.28,Frágil,Origen C,Ambiente,Protocolo_2
Embalaje A,56.67,77.98,93.81,17.46,Normal,Origen C,Refrigerado,Protocolo_1
Embalaje A,44.21,71.92,60.86,87.22,Normal,Origen B,Ambiente,Protocolo_2
Embalaje B,85.9,61.81,40.56,37.12,Normal,Origen C,Ambiente,Protocolo_1
Embalaje B,66.08,13.5,84.91,24.12,Normal,Origen A,Ambiente,Protocolo_1
Embalaje B,19.64,53.89,66.53,34.14,Frágil,Origen A,Ambiente,Protocolo_2
Embalaje C,47.61,77.06,48.0,11.44,Normal,Origen B,Ambiente,Protocolo_1
Embalaje C,26.66,35.8,90.04,1.83,Normal,Origen B,Ambiente,Protocolo_1
Embalaje C,88.51,62.92,22.55,90.32,Normal,Origen C,Refrigerado,Protocolo_2
Embalaje C,58.7,32.18,95.8,64.95,Normal,Origen D,Ambiente,Protocolo_1
Embalaje B,70.39,71.63,98.72,84.33,Normal,Origen D,Ambiente,Protocolo_2
Embalaje C,61.97,21.4,20.69,28.17,Normal,Origen C,Ambiente,Protocolo_1
Embalaje B,76.49,15.01,86.53,77.2,Normal,Origen B,Ambiente,Protocolo_1
Embalaje A,54.6,69.53,18.07,6.76,Normal,Origen B,Ambiente,Protocolo_1
Embalaje C,67.94,82.7,78.45,67.6,Normal,Origen B,Ambiente,Protocolo_1
Embalaje C,87.55,29.81,84.56,15.67,Normal,Origen B,Ambiente,Protocolo_1
Embalaje A,31.23,27.4,7.43,18.57,Frágil,Origen B,Ambiente,Protocolo_2
Embalaje B,28.77,54.05,53.13,53.12,Normal,Origen C,Ambiente,Protocolo_1
Embalaje A,69.63,71.73,64.76,61.1,Normal,Origen A,Refrigerado,Protocolo_1
Embalaje B,51.34,61.4,22.77,21.6,Normal,Origen D,Refrigerado,Protocolo_1
Embalaje B,49.98,23.09,69.83,21.28,Normal,Origen C,Refrigerado,Protocolo_1
Embalaje B,25.51,32.75,30.04,25.71,Frágil,Origen D,Ambiente,Protocolo_2
Embalaje C,26.76,24.02,60.09,95.64,Frágil,Origen A,Ambiente,Protocolo_2
Embalaje C,64.49,84.94,18.29,84.02,Normal,Origen B,Refrigerado,Protocolo_2
Embalaje B,84.34,74.1,38.07,77.84,Normal,Origen C,Ambiente,Protocolo_1
Embalaje A,77.04,33.15,80.54,19.53,Normal,Origen C,Ambiente,Protocolo_1
Embalaje C,75.14,61.24,42.83,33.47,Normal,Origen C,Ambiente,Protocolo_1
Embalaje A,20.5,72.92,79.54,1.24,Normal,Origen C,Refrigerado,Protocolo_1
Embalaje C,61.46,77.19,67.68,57.49,Frágil,Origen B,Ambiente,Protocolo_2
Embalaje B,22.83,63.74,34.74,56.69,Normal,Origen A,Ambiente,Protocolo_1
Embalaje A,72.3,46.3,53.95,1.55,Frágil,Origen B,Ambiente,Protocolo_2
Embalaje C,69.73,74.52,79.78,93.71,Frágil,Origen B,Ambiente,Protocolo_2
Embalaje C,8.84,61.64,86.41,65.75,Normal,Origen D,Ambiente,Protocolo_1
Embalaje B,94.83,85.57,90.21,13.68,Normal,Origen A,Ambiente,Protocolo_1
Embalaje A,53.39,87.42,21.44,59.71,Normal,Origen B,Ambiente,Protocolo_1
Embalaje B,94.06,99.13,69.36,94.94,Normal,Origen D,Ambiente,Protocolo_2
Embalaje C,10.42,52.92,17.52,80.69,Normal,Origen C,Ambiente,Protocolo_2
Embalaje B,19.38,26.16,81.94,60.74,Normal,Origen A,Ambiente,Protocolo_1
Embalaje C,20.2,71.68,30.32,73.37,Normal,Origen A,Refrigerado,Protocolo_1
Embalaje B,89.2,31.4,61.93,8.95,Normal,Origen B,Ambiente,Protocolo_1
Embalaje A,78.15,93.0,16.47,76.75,Frágil,Origen B,Ambiente,Protocolo_2
Embalaje A,13.09,45.75,33.73,43.09,Normal,Origen A,Ambiente,Protocolo_1
Embalaje C,9.37,34.98,18.54,34.27,Normal,Origen D,Ambiente,Protocolo_1
Embalaje A,81.51,70.69,71.46,17.51,Normal,Origen B,Ambiente,Protocolo_1
Embalaje B,76.84,42.6,5.72,36.89,Frágil,Origen C,Refrigerado,Protocolo_2
Embalaje A,50.63,56.64,91.98,48.16,Normal,Origen C,Ambiente,Protocolo_1
Embalaje C,20.25,74.5,76.33,39.06,Normal,Origen C,Ambiente,Protocolo_1
Embalaje C,95.9,34.78,43.7,49.21,Normal,Origen A,Ambiente,Protocolo_1
Embalaje B,87.32,40.36,26.16,10.38,Normal,Origen A,Ambiente,Protocolo_1
Embalaje B,64.34,68.13,62.88,83.27,Normal,Origen B,Ambiente,Protocolo_2
Embalaje A,93.58,87.29,88.44,16.06,Frágil,Origen C,Ambiente,Protocolo_2
Embalaje B,52.43,45.13,23.35,4.59,Normal,Origen A,Ambiente,Protocolo_1
Embalaje C,92.87,45.47,15.43,4.35,Frágil,Origen A,Ambiente,Protocolo_2
Embalaje C,17.22,53.86,5.63,73.2,Normal,Origen C,Ambiente,Protocolo_1
Embalaje A,34.13,68.07,31.21,91.17,Frágil,Origen A,Ambiente,Protocolo_2
Embalaje C,25.85,16.88,48.34,6.34,Normal,Origen B,Ambiente,Protocolo_1
Embalaje A,20.79,86.6,63.07,28.45,Normal,Origen B,Ambiente,Protocolo_1
Embalaje C,39.53,38.94,68.6,29.84,Normal,Origen A,Ambiente,Protocolo_1
Embalaje B,84.4,23.7,69.64,69.3,Normal,Origen D,Ambiente,Protocolo_1
Embalaje A,98.88,43.05,41.78,56.05,Normal,Origen D,Ambiente,Protocolo_1
Embalaje A,20.06,45.93,65.31,21.93,Normal,Origen B,Ambiente,Protocolo_1
Embalaje C,31.37,97.58,66.13,72.13,Normal,Origen B,Refrigerado,Protocolo_1
Embalaje A,83.51,30.59,91.49,5.75,Normal,Origen D,Ambiente,Protocolo_1
Embalaje A,14.08,61.51,38.61,69.26,Frágil,Origen A,Ambiente,Protocolo_2
Embalaje A,46.3,60.11,87.25,33.51,Normal,Origen B,Ambiente,Protocolo_1
Embalaje A,91.49,98.77,18.69,83.56,Normal,Origen A,Ambiente,Protocolo_2
Embalaje B,66.08,97.3,51.1,35.43,Normal,Origen A,Ambiente,Protocolo_1
Embalaje A,29.35,32.13,26.74,26.26,Normal,Origen B,Ambiente,Protocolo_1
Embalaje C,17.09,49.87,58.21,6.51,Frágil,Origen C,Ambiente,Protocolo_2
Embalaje B,77.44,85.25,24.99,20.27,Normal,Origen C,Ambiente,Protocolo_1
Embalaje B,53.2,98.82,54.54,52.48,Frágil,Origen C,Ambiente,Protocolo_2
Embalaje C,38.55,13.08,50.8,82.47,Normal,Origen C,Ambiente,Protocolo_2
Embalaje A,73.21,93.96,27.76,78.81,Normal,Origen A,Ambiente,Protocolo_1
Embalaje C,39.56,82.16,10.32,57.84,Normal,Origen B,Ambiente,Protocolo_1
Embalaje A,45.15,82.53,63.56,65.9,Normal,Origen D,Ambiente,Protocolo_1
Embalaje A,41.15,5.05,11.19,2.72,Normal,Origen B,Ambiente,Protocolo_1
Embalaje B,42.66,66.6,83.23,60.35,Frágil,Origen C,Ambiente,Protocolo_2
Embalaje B,71.14,39.74,64.17,82.5,Normal,Origen B,Ambiente,Protocolo_2
Embalaje C,77.75,17.63,6.88,38.42,Normal,Origen B,Ambiente,Protocolo_1
Embalaje C,94.07,24.76,99.57,39.55,Normal,Origen B,Ambiente,Protocolo_1
Embalaje C,14.26,22.44,73.28,16.56,Frágil,Origen A,Ambiente,Protocolo_2
Embalaje C,77.85,58.69,8.6,26.72,Normal,Origen B,Ambiente,Protocolo_1
Embalaje B,57.16,44.56,97.27,11.6,Frágil,Origen B,Ambiente,Protocolo_2
Embalaje B,38.05,73.64,66.48,55.33,Frágil,Origen B,Ambiente,Protocolo_2
Embalaje C,13.93,50.86,22.43,27.08,Normal,Origen A,Ambiente,Protocolo_1
Embalaje C,21.23,25.98,74.29,72.84,Normal,Origen B,Refrigerado,Protocolo_1
Embalaje A,8.46,14.04,49.38,85.69,Frágil,Origen A,Refrigerado,Protocolo_2
Embalaje C,6.52,94.08,48.32,44.75,Normal,Origen A,Ambiente,Protocolo_1
Embalaje C,49.93,19.58,79.72,47.07,Normal,Origen D,Ambiente,Protocolo_1
Embalaje B,34.53,37.76,84.19,48.33,Normal,Origen B,Ambiente,Protocolo_1
Embalaje A,44.55,78.11,24.92,12.46,Normal,Origen D,Refrigerado,Protocolo_1
Embalaje B,35.51,73.7,23.78,63.91,Frágil,Origen A,Ambiente,Protocolo_2
Embalaje A,55.42,57.68,81.79,50.73,Normal,Origen A,Ambiente,Protocolo_1
Embalaje C,46.98,5.06,72.82,51.26,Frágil,Origen B,Ambiente,Protocolo_2
Embalaje B,27.2,16.53,60.25,86.12,Frágil,Origen A,Refrigerado,Protocolo_2
Embalaje A,5.04,82.86,65.24,13.59,Frágil,Origen A,Ambiente,Protocolo_2
Embalaje B,6.46,75.31,59.72,16.12,Normal,Origen D,Ambiente,Protocolo_1
Embalaje A,41.38,18.42,11.32,19.76,Frágil,Origen B,Ambiente,Protocolo_2
Embalaje B,60.73,55.02,50.09,60.83,Normal,Origen A,Ambiente,Protocolo_1
Embalaje A,78.54,42.16,53.13,47.96,Frágil,Origen B,Ambiente,Protocolo_2
Embalaje A,64.9,88.62,77.99,83.37,Normal,Origen B,Ambiente,Protocolo_2
Embalaje A,5.59,25.6,43.12,13.65,Frágil,Origen A,Ambiente,Protocolo_2
Embalaje B,14.59,77.81,54.15,36.13,Frágil,Origen C,Ambiente,Protocolo_2
Embalaje C,97.23,68.53,54.88,22.66,Frágil,Origen D,Ambiente,Protocolo_2
Embalaje B,14.15,76.54,20.1,74.06,Normal,Origen B,Ambiente,Protocolo_1
Embalaje B,68.13,21.08,45.49,76.03,Normal,Origen C,Ambiente,Protocolo_1
Embalaje B,68.6,71.1,50.39,43.12,Normal,Origen D,Ambiente,Protocolo_1
Embalaje B,99.44,33.3,67.01,62.28,Normal,Origen A,Ambiente,Protocolo_1
Embalaje C,87.88,61.88,30.74,99.77,Frágil,Origen D,Refrigerado,Protocolo_2
Embalaje B,40.99,80.36,53.37,39.35,Normal,Origen D,Ambiente,Protocolo_1
Embalaje A,26.42,76.73,80.07,69.81,Normal,Origen B,Ambiente,Protocolo_1
Embalaje A,19.29,38.04,63.14,9.18,Normal,Origen C,Ambiente,Protocolo_1
Embalaje B,54.79,24.82,69.08,29.96,Normal,Origen A,Ambiente,Protocolo_1
Embalaje A,59.95,25.23,39.05,28.78,Normal,Origen D,Ambiente,Protocolo_1
Embalaje A,37.4,90.65,82.51,10.6,Normal,Origen A,Refrigerado,Protocolo_1
Embalaje C,8.98,55.18,26.36,37.61,Normal,Origen A,Ambiente,Protocolo_1
Embalaje A,70.22,27.44,60.58,84.72,Normal,Origen A,Ambiente,Protocolo_2
Embalaje C,68.97,89.32,82.81,93.9,Normal,Origen C,Ambiente,Protocolo_2
Embalaje C,16.46,93.77,62.63,82.62,Normal,Origen A,Ambiente,Protocolo_2
Embalaje A,46.8,14.48,93.82,74.52,Normal,Origen B,Ambiente,Protocolo_1
Embalaje A,5.77,63.48,91.61,94.34,Normal,Origen B,Ambiente,Protocolo_2
Embalaje A,31.54,99.53,22.42,39.62,Normal,Origen A,Ambiente,Protocolo_1
Embalaje A,94.66,33.75,89.29,62.47,Normal,Origen D,Refrigerado,Protocolo_1
Embalaje B,86.03,61.95,74.65,2.38,Normal,Origen A,Ambiente,Protocolo_1
Embalaje B,51.96,51.65,65.98,4.13,Normal,Origen A,Ambiente,Protocolo_1
Embalaje C,13.46,56.04,73.04,1.57,Normal,Origen A,Ambiente,Protocolo_1
Embalaje C,74.61,61.63,53.33,78.26,Normal,Origen B,Ambiente,Protocolo_1
Embalaje A,84.48,61.53,40.48,29.68,Normal,Origen C,Ambiente,Protocolo_1
Embalaje C,70.55,24.23,52.56,19.5,Normal,Origen A,Ambiente,Protocolo_1
Embalaje A,57.98,65.7,50.75,65.63,Frágil,Origen B,Refrigerado,Protocolo_2
Embalaje B,78.35,58.82,19.8,10.61,Normal,Origen A,Ambiente,Protocolo_1
Embalaje A,66.39,99.45,88.44,80.2,Normal,Origen B,Ambiente,Protocolo_2
Embalaje A,97.15,26.71,63.78,79.68,Normal,Origen D,Ambiente,Protocolo_1
Embalaje C,36.99,78.87,64.78,85.56,Frágil,Origen B,Ambiente,Protocolo_2
Embalaje A,60.71,45.48,84.32,57.98,Normal,Origen A,Ambiente,Protocolo_1
Embalaje B,9.64,96.14,99.72,25.49,Normal,Origen D,Ambiente,Protocolo_1
Embalaje A,66.69,34.36,76.79,95.8,Normal,Origen D,Ambiente,Protocolo_2
Embalaje B,63.46,48.76,87.3,73.34,Normal,Origen B,Ambiente,Protocolo_1
Embalaje C,72.34,97.16,31.82,99.28,Normal,Origen D,Ambiente,Protocolo_2
Embalaje B,42.45,94.06,61.2,24.11,Normal,Origen D,Refrigerado,Protocolo_1
Embalaje C,11.92,20.18,5.63,2.39,Normal,Origen A,Ambiente,Protocolo_1
Embalaje B,30.82,55.16,89.6,53.64,Normal,Origen B,Ambiente,Protocolo_1
Embalaje A,99.11,68.46,76.21,87.87,Normal,Origen C,Ambiente,Protocolo_2
Embalaje C,28.16,67.06,41.67,49.91,Normal,Origen A,Ambiente,Protocolo_1
Embalaje B,67.8,29.27,53.02,2.74,Normal,Origen A,Ambiente,Protocolo_1
Embalaje B,78.46,99.19,51.52,21.82,Normal,Origen C,Ambiente,Protocolo_1
Embalaje C,47.98,59.29,36.55,84.17,Frágil,Origen D,Ambiente,Protocolo_2
Embalaje B,27.75,37.89,20.92,46.43,Normal,Origen D,Ambiente,Protocolo_1
Embalaje C,27.76,6.19,33.43,26.98,Normal,Origen D,Ambiente,Protocolo_1
Embalaje B,22.39,78.83,66.99,70.83,Normal,Origen C,Ambiente,Protocolo_1
Embalaje B,29.96,38.99,67.95,3.37,Frágil,Origen A,Ambiente,Protocolo_2
Embalaje C,64.73,50.45,24.82,80.43,Normal,Origen A,Ambiente,Protocolo_2
Embalaje A,66.38,72.34,27.55,96.02,Frágil,Origen B,Ambiente,Protocolo_2
Embalaje C,46.74,70.26,48.36,71.93,Normal,Origen B,Ambiente,Protocolo_1
Embalaje A,16.52,50.74,83.38,63.43,Normal,Origen A,Ambiente,Protocolo_1
Embalaje C,39.57,24.62,62.18,44.77,Normal,Origen B,Refrigerado,Protocolo_1
Embalaje C,91.83,22.69,83.27,17.28,Frágil,Origen C,Ambiente,Protocolo_2
Embalaje B,88.25,29.4,47.45,44.85,Normal,Origen D,Ambiente,Protocolo_1
Embalaje B,5.4,31.29,44.87,15.17,Normal,Origen B,Ambiente,Protocolo_1
Embalaje B,68.71,30.6,26.1,2.5,Normal,Origen B,Ambiente,Protocolo_1
Embalaje A,41.75,32.69,27.49,88.54,Normal,Origen D,Ambiente,Protocolo_2
Embalaje C,24.82,48.61,12.99,19.19,Normal,Origen C,Ambiente,Protocolo_1
Embalaje B,26.07,61.05,12.86,49.91,Normal,Origen D,Ambiente,Protocolo_1
Embalaje C,55.96,32.62,96.37,78.78,Normal,Origen A,Ambiente,Protocolo_1
Embalaje A,54.11,34.87,49.2,23.58,Normal,Origen D,Ambiente,Protocolo_1
Embalaje C,77.95,39.54,28.38,69.0,Frágil,Origen A,Ambiente,Protocolo_2
Embalaje B,10.33,95.75,78.47,70.28,Frágil,Origen D,Ambiente,Protocolo_2
Embalaje C,50.63,71.98,80.29,54.14,Normal,Origen D,Refrigerado,Protocolo_1
Embalaje A,61.77,97.16,82.39,15.39,Normal,Origen C,Ambiente,Protocolo_1
Embalaje B,24.55,22.84,36.12,75.0,Normal,Origen A,Ambiente,Protocolo_1
Embalaje C,9.93,70.35,50.3,68.74,Normal,Origen D,Refrigerado,Protocolo_1
Embalaje A,92.23,32.36,65.44,39.93,Normal,Origen D,Ambiente,Protocolo_1
Embalaje A,93.4,53.58,21.14,54.91,Normal,Origen C,Ambiente,Protocolo_1
Embalaje B,97.26,83.28,15.47,14.39,Normal,Origen D,Ambiente,Protocolo_1
Embalaje C,7.44,29.13,21.29,86.84,Normal,Origen B,Ambiente,Protocolo_2
Embalaje A,76.09,62.33,64.88,29.54,Frágil,Origen C,Ambiente,Protocolo_2
Embalaje C,95.06,5.6,21.28,59.81,Normal,Origen D,Ambiente,Protocolo_1
Embalaje C,9.87,28.02,30.4,25.3,Normal,Origen B,Ambiente,Protocolo_1
Embalaje A,72.85,82.19,31.59,88.93,Normal,Origen C,Ambiente,Protocolo_2
Embalaje B,34.77,30.87,87.9,99.46,Normal,Origen B,Ambiente,Protocolo_2
Embalaje B,24.54,94.45,36.83,58.39,Normal,Origen B,Ambiente,Protocolo_1
Embalaje A,70.36,15.65,42.31,12.96,Normal,Origen C,Ambiente,Protocolo_1
Embalaje A,87.76,90.29,99.65,47.57,Normal,Origen C,Ambiente,Protocolo_1
Embalaje C,34.85,74.47,19.29,35.84,Frágil,Origen C,Ambiente,Protocolo_2
Embalaje A,81.0,11.85,74.91,4.03,Normal,Origen C,Ambiente,Protocolo_1
Embalaje C,7.16,67.09,42.12,70.94,Normal,Origen D,Refrigerado,Protocolo_1
Embalaje A,77.52,20.71,64.04,28.29,Frágil,Origen A,Refrigerado,Protocolo_2
Embalaje C,34.39,46.67,8.53,45.67,Normal,Origen C,Ambiente,Protocolo_1
Embalaje A,83.48,13.75,72.76,66.95,Frágil,Origen B,Ambiente,Protocolo_2
Embalaje B,63.37,35.28,23.63,70.55,Normal,Origen D,Ambiente,Protocolo_1
Embalaje B,25.47,63.87,97.14,74.94,Frágil,Origen A,Ambiente,Protocolo_2
Embalaje A,82.47,63.78,51.98,25.82,Frágil,Origen A,Ambiente,Protocolo_2
Embalaje C,26.86,42.73,14.52,6.7,Normal,Origen D,Ambiente,Protocolo_1
Embalaje C,38.32,62.82,62.17,62.27,Normal,Origen C,Ambiente,Protocolo_1
Embalaje C,5.44,69.44,84.53,95.29,Normal,Origen D,Ambiente,Protocolo_2
Embalaje B,34.19,60.71,14.37,33.67,Normal,Origen C,Ambiente,Protocolo_1
Embalaje A,62.79,90.0,35.75,52.49,Frágil,Origen C,Ambiente,Protocolo_2
Embalaje B,77.1,45.81,45.48,26.25,Normal,Origen C,Ambiente,Protocolo_1
Embalaje A,52.1,18.65,52.64,14.92,Normal,Origen A,Ambiente,Protocolo_1
Embalaje C,88.84,91.75,55.58,74.05,Normal,Origen B,Ambiente,Protocolo_1
Embalaje A,79.86,21.45,5.41,44.3,Normal,Origen B,Ambiente,Protocolo_1
Embalaje B,77.82,97.33,67.93,92.28,Normal,Origen A,Ambiente,Protocolo_2
Embalaje B,57.75,12.18,35.79,59.56,Normal,Origen C,Ambiente,Protocolo_1
Embalaje C,26.79,17.89,53.3,27.81,Frágil,Origen B,Ambiente,Protocolo_2
Embalaje A,89.01,47.01,31.02,89.26,Frágil,Origen A,Ambiente,Protocolo_2
Embalaje C,94.23,26.17,28.53,8.8,Normal,Origen D,Ambiente,Protocolo_1
Embalaje A,43.39,64.56,75.11,97.53,Frágil,Origen D,Ambiente,Protocolo_2
Embalaje C,38.45,32.52,25.24,92.88,Normal,Origen B,Ambiente,Protocolo_2
Embalaje C,64.99,19.79,68.13,79.2,Normal,Origen D,Ambiente,Protocolo_1
Embalaje A,32.3,20.47,74.4,57.05,Normal,Origen D,Ambiente,Protocolo_1
Embalaje A,33.33,83.67,34.44,11.8,Normal,Origen C,Ambiente,Protocolo_1
Embalaje B,74.02,92.42,29.65,9.97,Normal,Origen C,Ambiente,Protocolo_1
Embalaje C,83.43,80.15,39.99,95.17,Normal,Origen A,Ambiente,Protocolo_2
Embalaje B,99.05,98.03,99.79,26.69,Normal,Origen C,Ambiente,Protocolo_1
Embalaje B,78.24,33.51,31.25,32.81,Frágil,Origen D,Ambiente,Protocolo_2
Embalaje B,79.68,77.76,69.88,55.92,Normal,Origen B,Ambiente,Protocolo_1
Embalaje B,23.11,56.69,26.32,61.18,Normal,Origen A,Ambiente,Protocolo_1
Embalaje B,21.14,29.38,22.14,48.44,Normal,Origen D,Ambiente,Protocolo_1
Embalaje B,20.3,32.36,18.47,22.67,Frágil,Origen C,Ambiente,Protocolo_2
Embalaje C,92.83,17.2,74.31,77.54,Normal,Origen A,Ambiente,Protocolo_1
Embalaje B,85.88,77.5,36.25,30.47,Normal,Origen D,Ambiente,Protocolo_1
Embalaje B,70.76,78.7,51.37,72.46,Normal,Origen B,Ambiente,Protocolo_1
Embalaje C,65.97,68.32,43.47,48.75,Frágil,Origen C,Ambiente,Protocolo_2
Embalaje C,28.96,65.62,66.62,1.31,Frágil,Origen D,Ambiente,Protocolo_2
Embalaje C,79.36,57.12,46.58,90.65,Normal,Origen C,Ambiente,Protocolo_2
Embalaje C,58.54,22.75,34.36,34.52,Normal,Origen C,Ambiente,Protocolo_1
Embalaje B,30.75,16.84,94.51,78.45,Normal,Origen A,Ambiente,Protocolo_1
Embalaje C,50.63,96.78,62.2,47.46,Normal,Origen D,Ambiente,Protocolo_1
Embalaje A,30.79,9.59,97.28,93.05,Normal,Origen D,Refrigerado,Protocolo_2
Embalaje A,71.35,49.78,47.6,74.29,Normal,Origen C,Ambiente,Protocolo_1
Embalaje C,21.34,60.0,23.88,58.53,Normal,Origen C,Ambiente,Protocolo_1
Embalaje B,61.37,10.65,66.67,28.84,Normal,Origen A,Ambiente,Protocolo_1
Embalaje C,63.86,93.59,58.28,38.01,Normal,Origen A,Ambiente,Protocolo_1
Embalaje B,61.03,9.93,59.6,93.22,Normal,Origen A,Ambiente,Protocolo_2
Embalaje C,51.67,28.16,52.48,11.15,Normal,Origen B,Ambiente,Protocolo_1
Embalaje A,49.45,20.32,41.15,5.48,Normal,Origen D,Ambiente,Protocolo_1
Embalaje B,23.36,46.01,85.14,68.9,Normal,Origen A,Ambiente,Protocolo_1
Embalaje C,65.71,24.87,98.77,9.99,Normal,Origen C,Ambiente,Protocolo_1
Embalaje B,72.85,18.14,46.68,29.64,Normal,Origen B,Refrigerado,Protocolo_1
Embalaje B,31.33,14.74,38.61,96.86,Normal,Origen D,Ambiente,Protocolo_2
Embalaje A,70.5,28.51,18.54,70.42,Normal,Origen A,Ambiente,Protocolo_1
Embalaje C,34.9,73.52,36.89,92.24,Normal,Origen C,Ambiente,Protocolo_2
Embalaje A,35.11,87.4,15.44,60.3,Normal,Origen B,Refrigerado,Protocolo_1
Embalaje B,85.75,88.03,89.63,31.53,Frágil,Origen A,Refrigerado,Protocolo_2
Embalaje B,43.98,84.79,28.78,12.35,Frágil,Origen D,Ambiente,Protocolo_2
Embalaje B,43.83,85.57,92.79,26.25,Normal,Origen B,Ambiente,Protocolo_1
Embalaje C,69.38,93.75,10.56,83.07,Normal,Origen C,Ambiente,Protocolo_2
Embalaje C,15.71,16.57,95.75,14.69,Normal,Origen A,Ambiente,Protocolo_1
Embalaje A,42.96,7.9,13.47,3.96,Frágil,Origen B,Ambiente,Protocolo_2
Embalaje C,59.15,37.15,95.03,22.47,Normal,Origen A,Ambiente,Protocolo_1
Embalaje A,82.51,57.52,38.14,62.67,Frágil,Origen D,Refrigerado,Protocolo_2
Embalaje B,12.34,5.16,46.74,20.35,Normal,Origen D,Ambiente,Protocolo_1
Embalaje A,86.88,46.18,48.0,11.75,Normal,Origen A,Ambiente,Protocolo_1
Embalaje A,53.65,74.07,38.36,72.17,Normal,Origen B,Ambiente,Protocolo_1
Embalaje A,35.59,73.6,84.58,55.57,Normal,Origen C,Ambiente,Protocolo_1
Embalaje B,28.67,7.13,87.79,85.62,Normal,Origen D,Ambiente,Protocolo_2
Embalaje C,65.29,24.74,85.95,36.64,Normal,Origen D,Ambiente,Protocolo_1
Embalaje B,88.77,76.05,61.79,72.2,Frágil,Origen B,Ambiente,Protocolo_2
Embalaje B,60.97,41.58,73.52,86.44,Frágil,Origen A,Ambiente,Protocolo_2
Embalaje C,8.94,9.89,12.5,41.11,Normal,Origen D,Ambiente,Protocolo_1
Embalaje A,94.02,77.22,70.73,17.98,Normal,Origen C,Ambiente,Protocolo_1
Embalaje B,30.7,63.31,17.3,56.87,Normal,Origen D,Ambiente,Protocolo_1
Embalaje B,71.94,97.64,89.54,55.41,Normal,Origen D,Ambiente,Protocolo_1
Embalaje B,81.8,69.48,90.77,92.15,Normal,Origen C,Ambiente,Protocolo_2
Embalaje B,96.58,24.31,94.43,68.0,Frágil,Origen B,Ambiente,Protocolo_2
Embalaje C,38.49,7.94,19.72,3.7,Normal,Origen D,Ambiente,Protocolo_1
Embalaje B,99.6,5.48,37.88,61.68,Normal,Origen B,Ambiente,Protocolo_1
Embalaje A,32.44,14.25,10.2,56.72,Normal,Origen D,Ambiente,Protocolo_1
Embalaje A,55.33,70.33,30.47,81.46,Frágil,Origen A,Ambiente,Protocolo_2
Embalaje A,89.68,53.39,40.61,93.46,Normal,Origen B,Ambiente,Protocolo_2
Embalaje B,76.89,17.15,70.03,46.87,Normal,Origen D,Ambiente,Protocolo_1
Embalaje A,99.81,62.54,86.6,49.49,Frágil,Origen B,Ambiente,Protocolo_2
Embalaje B,61.18,47.02,54.69,17.46,Frágil,Origen B,Ambiente,Protocolo_2
Embalaje C,22.04,88.83,29.76,50.09,Normal,Origen A,Ambiente,Protocolo_1
Embalaje C,76.2,76.74,32.68,85.97,Normal,Origen A,Ambiente,Protocolo_2
Embalaje C,46.09,77.57,31.33,16.94,Normal,Origen C,Ambiente,Protocolo_1
Embalaje C,75.2,54.95,18.04,44.27,Normal,Origen C,Ambiente,Protocolo_1
Embalaje B,25.83,18.23,33.79,84.45,Normal,Origen A,Refrigerado,Protocolo_2
Embalaje C,33.22,24.67,78.48,30.56,Normal,Origen C,Ambiente,Protocolo_1
Embalaje C,67.54,11.38,35.03,38.28,Frágil,Origen A,Ambiente,Protocolo_2
Embalaje A,76.11,39.46,46.89,34.67,Frágil,Origen C,Ambiente,Protocolo_2
Embalaje A,81.5,6.06,15.49,4.21,Frágil,Origen B,Ambiente,Protocolo_2
Embalaje B,80.14,14.46,52.65,21.65,Frágil,Origen A,Ambiente,Protocolo_2
Embalaje B,38.54,34.77,81.14,40.84,Normal,Origen A,Ambiente,Protocolo_1
Embalaje A,29.05,49.52,46.78,79.99,Normal,Origen C,Ambiente,Protocolo_1
Embalaje A,71.21,20.04,54.69,31.6,Normal,Origen B,Ambiente,Protocolo_1
Embalaje A,59.72,89.97,22.79,51.57,Normal,Origen B,Ambiente,Protocolo_1
Embalaje B,48.13,83.29,6.71,50.32,Normal,Origen D,Ambiente,Protocolo_1
Embalaje C,40.94,93.78,32.01,8.53,Normal,Origen C,Ambiente,Protocolo_1
Embalaje B,88.26,89.56,96.36,32.54,Normal,Origen C,Ambiente,Protocolo_1
Embalaje A,75.56,92.28,18.49,12.59,Normal,Origen D,Ambiente,Protocolo_1
Embalaje C,18.38,27.1,55.06,91.43,Frágil,Origen C,Ambiente,Protocolo_2
Embalaje C,30.89,31.45,96.28,52.62,Normal,Origen B,Ambiente,Protocolo_1
Embalaje A,28.29,23.33,14.35,92.05,Normal,Origen B,Ambiente,Protocolo_2
Embalaje C,39.3,96.72,72.27,90.83,Frágil,Origen D,Ambiente,Protocolo_2
Embalaje C,72.61,80.81,85.73,6.79,Normal,Origen A,Ambiente,Protocolo_1
Embalaje A,63.55,78.2,89.68,2.94,Normal,Origen C,Ambiente,Protocolo_1
Embalaje A,77.05,38.88,26.05,86.15,Frágil,Origen A,Ambiente,Protocolo_2
Embalaje A,32.29,74.65,17.43,5.82,Normal,Origen A,Ambiente,Protocolo_1
Embalaje C,13.49,79.8,35.86,89.25,Normal,Origen B,Ambiente,Protocolo_2
Embalaje B,70.8,81.0,49.1,15.48,Normal,Origen B,Refrigerado,Protocolo_1
Embalaje B,51.02,84.17,18.31,67.55,Normal,Origen D,Ambiente,Protocolo_1
Embalaje B,14.17,97.91,80.07,2.07,Normal,Origen A,Ambiente,Protocolo_1
Embalaje B,42.29,89.31,76.73,51.05,Normal,Origen C,Ambiente,Protocolo_1
Embalaje B,64.7,68.68,15.79,68.73,Normal,Origen D,Ambiente,Protocolo_1
Embalaje B,95.65,20.33,33.68,32.86,Normal,Origen B,Ambiente,Protocolo_1
Embalaje A,13.94,54.44,66.33,22.19,Normal,Origen D,Ambiente,Protocolo_1
Embalaje C,43.67,98.16,77.78,42.49,Normal,Origen B,Ambiente,Protocolo_1
Embalaje C,63.05,30.28,11.5,4.91,Normal,Origen B,Ambiente,Protocolo_1
Embalaje C,39.73,38.16,51.43,86.64,Normal,Origen B,Ambiente,Protocolo_2
Embalaje B,69.63,19.95,37.52,10.88,Normal,Origen C,Ambiente,Protocolo_1
Embalaje A,10.58,26.83,6.25,65.39,Normal,Origen C,Ambiente,Protocolo_1
Embalaje C,92.06,15.82,78.72,49.57,Normal,Origen A,Ambiente,Protocolo_1
Embalaje C,64.3,87.24,94.4,70.03,Frágil,Origen C,Ambiente,Protocolo_2
Embalaje A,85.99,66.33,94.91,33.57,Normal,Origen A,Ambiente,Protocolo_1
Embalaje C,52.83,38.12,25.0,13.38,Normal,Origen C,Ambiente,Protocolo_1
Embalaje A,91.2,10.43,65.41,8.82,Normal,Origen B,Ambiente,Protocolo_1
Embalaje C,8.59,45.53,18.28,30.33,Normal,Origen C,Ambiente,Protocolo_1
Embalaje B,69.49,32.49,58.0,61.47,Normal,Origen A,Ambiente,Protocolo_1
Embalaje B,99.61,8.31,51.43,43.08,Frágil,Origen D,Ambiente,Protocolo_2
Embalaje C,93.38,11.69,63.09,46.05,Frágil,Origen A,Ambiente,Protocolo_2
Embalaje A,63.65,9.28,69.54,52.51,Normal,Origen D,Ambiente,Protocolo_1
Embalaje A,77.01,91.25,65.96,17.38,Normal,Origen C,Ambiente,Protocolo_1
Embalaje B,41.9,14.27,93.11,15.18,Normal,Origen C,Refrigerado,Protocolo_1
Embalaje A,6.86,59.17,37.84,56.49,Normal,Origen B,Ambiente,Protocolo_1
Embalaje C,18.74,53.6,23.07,27.36,Normal,Origen C,Ambiente,Protocolo_1
Embalaje A,14.48,32.62,74.27,94.59,Frágil,Origen B,Ambiente,Protocolo_2
Embalaje B,92.11,52.25,84.57,72.41,Normal,Origen B,Ambiente,Protocolo_1
Embalaje B,99.83,86.82,58.31,67.63,Normal,Origen D,Ambiente,Protocolo_1
Embalaje B,65.98,62.04,14.66,98.07,Normal,Origen A,Ambiente,Protocolo_2
Embalaje C,42.09,20.09,26.69,57.85,Normal,Origen A,Ambiente,Protocolo_1
Embalaje A,18.61,5.28,69.65,30.88,Normal,Origen B,Ambiente,Protocolo_1
Embalaje A,90.09,81.45,25.57,13.07,Frágil,Origen C,Refrigerado,Protocolo_2
Embalaje A,54.25,81.43,7.67,7.13,Normal,Origen A,Refrigerado,Protocolo_1
Embalaje C,34.32,75.05,62.19,41.99,Normal,Origen C,Ambiente,Protocolo_1
Embalaje A,5.33,98.0,85.85,61.19,Normal,Origen D,Ambiente,Protocolo_1
Embalaje B,44.73,19.34,98.64,96.71,Normal,Origen A,Ambiente,Protocolo_2
Embalaje C,83.65,48.41,71.94,6.98,Normal,Origen D,Ambiente,Protocolo_1
Embalaje A,69.13,39.24,38.73,42.12,Normal,Origen D,Ambiente,Protocolo_1
Embalaje B,39.18,94.1,80.93,47.54,Frágil,Origen A,Ambiente,Protocolo_2
Embalaje B,35.24,71.33,29.5,16.91,Normal,Origen D,Refrigerado,Protocolo_1
Embalaje A,50.2,17.45,69.96,30.7,Normal,Origen B,Ambiente,Protocolo_1
Embalaje A,85.64,70.58,28.72,36.56,Normal,Origen A,Ambiente,Protocolo_1
Embalaje A,40.92,69.51,87.75,7.4,Frágil,Origen B,Ambiente,Protocolo_2
Embalaje B,56.64,23.76,65.57,40.58,Normal,Origen B,Refrigerado,Protocolo_1
Embalaje B,75.67,14.31,46.91,75.77,Normal,Origen C,Ambiente,Protocolo_1
Embalaje C,88.18,53.41,74.16,6.19,Normal,Origen A,Ambiente,Protocolo_1
Embalaje B,56.51,74.43,16.41,1.25,Normal,Origen D,Ambiente,Protocolo_1
Embalaje A,23.89,66.94,13.07,14.7,Normal,Origen C,Refrigerado,Protocolo_1
Embalaje B,42.51,50.08,41.48,11.8,Normal,Origen A,Ambiente,Protocolo_1
Embalaje B,99.67,82.14,42.98,80.46,Normal,Origen B,Ambiente,Protocolo_2
Embalaje A,40.82,52.71,55.56,45.16,Normal,Origen B,Ambiente,Protocolo_1
Embalaje C,20.37,6.92,84.48,21.21,Normal,Origen D,Ambiente,Protocolo_1
Embalaje B,77.93,9.48,64.48,63.34,Frágil,Origen A,Refrigerado,Protocolo_2
Embalaje A,65.47,61.49,97.23,78.39,Normal,Origen A,Refrigerado,Protocolo_1
Embalaje B,21.14,29.4,27.65,16.66,Normal,Origen A,Ambiente,Protocolo_1
Embalaje C,5.03,6.05,98.43,2.72,Normal,Origen A,Ambiente,Protocolo_1
Embalaje A,97.9,48.94,64.04,33.35,Normal,Origen D,Ambiente,Protocolo_1
Embalaje B,56.97,95.72,80.14,36.58,Normal,Origen A,Refrigerado,Protocolo_1
Embalaje C,73.56,62.69,54.81,81.94,Normal,Origen C,Ambiente,Protocolo_2
Embalaje B,23.1,72.63,16.42,20.48,Frágil,Origen A,Ambiente,Protocolo_2
Embalaje B,10.2,93.56,83.39,7.54,Normal,Origen C,Ambiente,Protocolo_1
Embalaje B,81.63,61.35,92.86,45.58,Normal,Origen D,Ambiente,Protocolo_1
Embalaje C,59.47,35.56,79.5,37.08,Normal,Origen A,Ambiente,Protocolo_1
Embalaje C,97.92,60.43,49.24,67.77,Normal,Origen B,Refrigerado,Protocolo_1
Embalaje B,7.92,51.78,9.53,46.72,Normal,Origen C,Ambiente,Protocolo_1
Embalaje B,94.13,54.91,93.41,15.19,Normal,Origen B,Ambiente,Protocolo_1
Embalaje C,94.04,73.13,32.95,53.4,Normal,Origen D,Ambiente,Protocolo_1
Embalaje C,81.52,87.51,17.66,28.56,Frágil,Origen D,Refrigerado,Protocolo_2
Embalaje C,67.62,16.47,68.46,36.73,Normal,Origen A,Ambiente,Protocolo_1
Embalaje B,34.51,99.47,19.86,26.01,Normal,Origen D,Ambiente,Protocolo_1
Embalaje A,93.81,88.03,78.44,66.99,Normal,Origen B,Ambiente,Protocolo_1
Embalaje A,61.34,24.04,68.43,66.14,Frágil,Origen A,Ambiente,Protocolo_2
Embalaje B,52.3,5.71,61.22,20.76,Normal,Origen B,Ambiente,Protocolo_1
Embalaje A,40.63,78.83,84.23,40.73,Normal,Origen C,Ambiente,Protocolo_1
Embalaje A,7.95,93.86,30.58,42.82,Normal,Origen D,Ambiente,Protocolo_1
Embalaje C,21.75,15.47,70.11,59.03,Normal,Origen D,Ambiente,Protocolo_1
Embalaje C,13.84,72.03,21.95,6.17,Normal,Origen B,Ambiente,Protocolo_1
Embalaje C,89.74,22.52,79.38,84.46,Normal,Origen B,Ambiente,Protocolo_2
Embalaje C,92.84,36.98,45.05,47.65,Normal,Origen C,Ambiente,Protocolo_1
Embalaje B,87.66,8.76,20.99,61.08,Normal,Origen D,Ambiente,Protocolo_1
Embalaje A,18.84,46.35,19.6,32.4,Frágil,Origen D,Ambiente,Protocolo_2
Embalaje B,17.23,53.71,86.77,80.28,Normal,Origen C,Ambiente,Protocolo_2
Embalaje B,37.77,19.4,9.44,64.76,Normal,Origen D,Refrigerado,Protocolo_1
Embalaje A,51.95,33.37,47.19,89.19,Normal,Origen B,Ambiente,Protocolo_2
Embalaje A,56.98,32.06,14.68,9.34,Normal,Origen C,Ambiente,Protocolo_1
Embalaje A,10.53,78.15,90.13,13.63,Normal,Origen D,Ambiente,Protocolo_1
Embalaje B,88.44,93.62,14.59,20.57,Frágil,Origen C,Ambiente,Protocolo_2
Embalaje B,51.98,31.47,55.92,86.37,Normal,Origen D,Ambiente,Protocolo_2
Embalaje A,82.53,10.28,40.95,28.38,Normal,Origen B,Ambiente,Protocolo_1
Embalaje B,78.73,85.8,41.76,9.53,Normal,Origen D,Ambiente,Protocolo_1
Embalaje C,34.91,45.04,14.44,28.63,Normal,Origen D,Ambiente,Protocolo_1
Embalaje B,21.75,39.65,73.5,25.81,Normal,Origen B,Ambiente,Protocolo_1
Embalaje B,91.65,10.68,14.05,13.82,Normal,Origen C,Ambiente,Protocolo_1
Embalaje B,89.37,91.77,16.07,36.79,Normal,Origen A,Ambiente,Protocolo_1
Embalaje A,40.65,22.68,12.98,42.35,Normal,Origen C,Refrigerado,Protocolo_1
Embalaje C,65.69,71.34,53.66,88.81,Frágil,Origen A,Ambiente,Protocolo_2
Embalaje A,72.25,16.83,13.76,33.55,Normal,Origen B,Ambiente,Protocolo_1
Embalaje C,18.43,84.14,5.91,66.04,Normal,Origen C,Refrigerado,Protocolo_1
Embalaje B,9.25,54.17,71.13,45.33,Normal,Origen C,Ambiente,Protocolo_1
Embalaje A,44.13,74.32,45.39,15.78,Normal,Origen D,Refrigerado,Protocolo_1
Embalaje C,51.34,84.62,98.07,65.38,Normal,Origen C,Ambiente,Protocolo_1
Embalaje B,63.09,50.48,96.52,28.5,Normal,Origen C,Ambiente,Protocolo_1
Embalaje C,83.29,78.45,45.58,56.29,Normal,Origen A,Ambiente,Protocolo_1
Embalaje A,13.44,82.78,5.09,14.27,Normal,Origen D,Refrigerado,Protocolo_1
Embalaje C,21.66,51.61,49.98,2.95,Normal,Origen D,Ambiente,Protocolo_1
Embalaje C,24.24,59.32,52.7,21.42,Normal,Origen B,Ambiente,Protocolo_1
Embalaje A,83.01,67.56,47.82,7.19,Normal,Origen D,Ambiente,Protocolo_1
Embalaje C,95.36,33.92,69.41,23.73,Normal,Origen B,Ambiente,Protocolo_1
Embalaje B,94.91,9.24,73.13,52.62,Normal,Origen C,Ambiente,Protocolo_1
Embalaje C,96.06,65.44,62.45,71.97,Normal,Origen D,Ambiente,Protocolo_1
Embalaje A,41.79,91.45,79.5,64.04,Normal,Origen C,Ambiente,Protocolo_1
Embalaje C,86.41,93.66,28.61,49.88,Frágil,Origen A,Ambiente,Protocolo_2
Embalaje A,74.52,5.06,41.04,53.09,Normal,Origen B,Ambiente,Protocolo_1
Embalaje A,66.98,7.33,96.13,63.56,Normal,Origen A,Ambiente,Protocolo_1
Embalaje A,94.48,98.22,30.79,16.3,Normal,Origen D,Ambiente,Protocolo_1
Embalaje B,29.46,12.95,65.78,85.03,Normal,Origen C,Ambiente,Protocolo_2
Embalaje B,36.53,91.27,6.49,1.57,Normal,Origen A,Ambiente,Protocolo_1
Embalaje B,55.15,70.75,35.26,35.0,Normal,Origen D,Ambiente,Protocolo_1
Embalaje C,60.45,31.58,61.88,85.19,Normal,Origen D,Ambiente,Protocolo_2
Embalaje B,9.26,75.47,61.41,61.81,Normal,Origen C,Ambiente,Protocolo_1
Embalaje A,60.19,30.28,95.45,58.57,Normal,Origen A,Ambiente,Protocolo_1
Embalaje C,81.28,28.37,84.06,60.33,Normal,Origen B,Ambiente,Protocolo_1
Embalaje C,28.89,99.85,58.55,81.75,Normal,Origen B,Ambiente,Protocolo_2
Embalaje C,70.58,23.86,19.0,75.6,Normal,Origen A,Ambiente,Protocolo_1
Embalaje B,65.45,84.01,11.01,95.8,Normal,Origen B,Ambiente,Protocolo_2
Embalaje C,43.67,91.26,79.03,53.67,Normal,Origen B,Refrigerado,Protocolo_1
Embalaje A,32.28,50.58,98.58,31.37,Normal,Origen D,Ambiente,Protocolo_1
Embalaje A,31.61,18.35,53.54,70.97,Normal,Origen A,Ambiente,Protocolo_1
Embalaje A,10.07,90.87,34.09,19.71,Normal,Origen A,Ambiente,Protocolo_1
Embalaje C,79.12,61.83,57.89,33.59,Normal,Origen D,Ambiente,Protocolo_1
Embalaje B,20.29,91.79,31.82,15.3,Normal,Origen C,Ambiente,Protocolo_1
Embalaje C,87.61,5.58,45.0,48.78,Normal,Origen C,Ambiente,Protocolo_1
Embalaje C,50.82,91.26,54.88,70.67,Normal,Origen A,Ambiente,Protocolo_1
Embalaje A,20.61,80.01,29.51,84.12,Normal,Origen A,Refrigerado,Protocolo_2
Embalaje C,34.57,85.01,43.41,27.22,Frágil,Origen C,Ambiente,Protocolo_2
Embalaje C,48.8,35.87,78.59,30.28,Normal,Origen B,Ambiente,Protocolo_1
Embalaje A,60.13,7.69,26.28,44.48,Frágil,Origen A,Ambiente,Protocolo_2
Embalaje B,23.87,99.95,73.37,40.3,Normal,Origen D,Ambiente,Protocolo_1
Embalaje A,62.8,43.42,44.02,11.64,Normal,Origen C,Ambiente,Protocolo_1
Embalaje A,23.21,70.81,74.59,72.7,Normal,Origen C,Ambiente,Protocolo_1
Embalaje A,47.2,76.32,49.37,24.86,Normal,Origen D,Ambiente,Protocolo_1
Embalaje A,46.47,93.33,76.6,82.66,Normal,Origen A,Refrigerado,Protocolo_2
Embalaje A,50.85,81.94,63.52,46.81,Normal,Origen C,Ambiente,Protocolo_1
Embalaje A,57.61,98.04,62.23,26.76,Normal,Origen C,Ambiente,Protocolo_1
Embalaje B,44.67,19.71,94.19,67.39,Normal,Origen A,Ambiente,Protocolo_1
Embalaje A,37.27,98.68,74.36,39.35,Normal,Origen A,Ambiente,Protocolo_1
Embalaje A,7.52,40.44,72.64,99.65,Normal,Origen C,Ambiente,Protocolo_2
Embalaje B,98.98,28.63,5.65,16.26,Normal,Origen A,Ambiente,Protocolo_1
Embalaje B,39.36,6.55,53.62,65.15,Normal,Origen B,Ambiente,Protocolo_1
Embalaje A,19.47,97.0,19.06,50.38,Normal,Origen D,Ambiente,Protocolo_1
Embalaje A,13.03,36.22,12.76,49.01,Frágil,Origen A,Ambiente,Protocolo_2
Embalaje B,43.56,26.16,99.87,3.65,Frágil,Origen B,Ambiente,Protocolo_2
Embalaje A,91.57,79.6,43.09,52.89,Normal,Origen D,Ambiente,Protocolo_1
Embalaje B,57.03,84.43,64.92,87.66,Normal,Origen B,Ambiente,Protocolo_2
Embalaje A,47.48,44.69,44.02,71.03,Frágil,Origen D,Ambiente,Protocolo_2
Embalaje B,88.28,99.79,19.92,74.02,Normal,Origen A,Ambiente,Protocolo_1
Embalaje A,69.96,66.96,55.88,3.86,Normal,Origen A,Ambiente,Protocolo_1
Embalaje B,94.83,91.79,31.1,46.91,Normal,Origen A,Ambiente,Protocolo_1
Embalaje B,59.85,9.48,17.39,43.54,Normal,Origen D,Ambiente,Protocolo_1
Embalaje C,46.76,8.92,81.08,66.09,Normal,Origen D,Ambiente,Protocolo_1
Embalaje B,98.52,34.1,14.18,50.2,Normal,Origen C,Ambiente,Protocolo_1
Embalaje B,82.23,63.44,37.19,33.25,Normal,Origen A,Ambiente,Protocolo_1
Embalaje C,41.29,24.95,56.5,91.55,Normal,Origen A,Ambiente,Protocolo_2
Embalaje C,45.18,31.39,22.26,77.25,Normal,Origen B,Refrigerado,Protocolo_1
Embalaje C,50.24,84.79,91.95,24.29,Normal,Origen C,Ambiente,Protocolo_1
Embalaje A,79.0,18.31,29.43,30.76,Normal,Origen A,Ambiente,Protocolo_1
Embalaje C,69.6,28.69,61.31,8.22,Normal,Origen D,Ambiente,Protocolo_1
Embalaje A,74.89,9.41,57.46,66.42,Normal,Origen C,Ambiente,Protocolo_1
Embalaje C,36.78,69.87,95.93,62.57,Normal,Origen A,Ambiente,Protocolo_1
Embalaje B,25.16,67.98,39.09,21.05,Normal,Origen C,Ambiente,Protocolo_1
Embalaje A,97.62,88.77,89.41,80.26,Normal,Origen D,Ambiente,Protocolo_2
Embalaje C,79.72,45.58,84.51,1.79,Normal,Origen C,Ambiente,Protocolo_1
Embalaje A,52.42,11.13,70.74,84.49,Frágil,Origen C,Refrigerado,Protocolo_2
Embalaje B,46.85,24.57,10.7,43.35,Frágil,Origen B,Ambiente,Protocolo_2
Embalaje A,5.31,20.27,61.01,71.04,Frágil,Origen B,Ambiente,Protocolo_2
Embalaje C,42.37,43.52,40.98,51.05,Frágil,Origen C,Ambiente,Protocolo_2
Embalaje C,36.2,70.5,19.01,99.97,Normal,Origen D,Ambiente,Protocolo_2
Embalaje C,79.7,11.75,34.34,43.49,Normal,Origen A,Ambiente,Protocolo_1
Embalaje A,21.79,42.28,64.78,28.03,Frágil,Origen D,Ambiente,Protocolo_2
Embalaje C,18.61,88.02,7.94,33.46,Normal,Origen C,Ambiente,Protocolo_1
Embalaje C,85.94,37.74,23.16,53.85,Normal,Origen D,Ambiente,Protocolo_1
Embalaje B,14.01,50.39,87.59,86.73,Normal,Origen C,Ambiente,Protocolo_2
Embalaje A,79.49,76.07,31.33,80.97,Normal,Origen D,Ambiente,Protocolo_2
Embalaje C,50.88,37.88,40.07,60.19,Normal,Origen A,Ambiente,Protocolo_1
Embalaje A,62.2,84.65,24.88,87.14,Normal,Origen A,Ambiente,Protocolo_2
Embalaje A,40.52,14.04,52.51,99.31,Normal,Origen D,Ambiente,Protocolo_2
Embalaje C,22.83,77.92,57.83,58.97,Normal,Origen B,Ambiente,Protocolo_1
Embalaje C,34.32,14.68,13.44,67.88,Frágil,Origen D,Ambiente,Protocolo_2
Embalaje A,47.74,98.02,93.24,85.53,Frágil,Origen D,Ambiente,Protocolo_2
Embalaje A,14.97,57.38,16.39,45.88,Normal,Origen B,Ambiente,Protocolo_1
Embalaje B,6.66,20.92,65.92,96.42,Frágil,Origen B,Ambiente,Protocolo_2
Embalaje A,7.85,68.24,54.62,43.76,Normal,Origen B,Ambiente,Protocolo_1
Embalaje C,28.5,73.03,60.37,6.34,Normal,Origen B,Ambiente,Protocolo_1
Embalaje A,84.91,60.92,46.94,19.85,Frágil,Origen C,Ambiente,Protocolo_2
Embalaje C,54.51,27.52,44.01,69.72,Normal,Origen A,Ambiente,Protocolo_1
Embalaje B,39.92,19.06,5.28,47.86,Frágil,Origen D,Ambiente,Protocolo_2
Embalaje A,60.11,46.69,81.57,32.16,Normal,Origen C,Ambiente,Protocolo_1
Embalaje A,33.29,57.14,84.11,88.56,Normal,Origen B,Ambiente,Protocolo_2
Embalaje A,48.19,17.87,24.42,40.49,Normal,Origen B,Ambiente,Protocolo_1
Embalaje A,42.97,27.55,85.75,29.84,Normal,Origen C,Refrigerado,Protocolo_1
Embalaje C,57.85,65.09,67.02,84.14,Normal,Origen D,Ambiente,Protocolo_2
Embalaje B,75.2,78.25,41.79,5.32,Normal,Origen A,Ambiente,Protocolo_1
Embalaje A,77.12,15.09,42.1,25.29,Normal,Origen B,Ambiente,Protocolo_1
Embalaje A,39.52,23.83,14.17,77.05,Frágil,Origen D,Ambiente,Protocolo_2
Embalaje C,44.11,70.94,89.45,53.61,Normal,Origen D,Ambiente,Protocolo_1
Embalaje B,42.44,85.92,19.95,33.66,Normal,Origen B,Ambiente,Protocolo_1
Embalaje A,34.93,72.02,5.26,23.51,Frágil,Origen D,Ambiente,Protocolo_2
Embalaje B,23.53,34.88,56.22,88.49,Frágil,Origen A,Ambiente,Protocolo_2
Embalaje B,23.74,83.11,89.71,43.97,Frágil,Origen A,Ambiente,Protocolo_2
Embalaje A,48.49,79.51,95.41,91.82,Frágil,Origen A,Ambiente,Protocolo_2
Embalaje B,49.42,17.02,24.36,3.2,Normal,Origen A,Ambiente,Protocolo_1
Embalaje B,44.1,58.82,91.64,23.48,Frágil,Origen A,Ambiente,Protocolo_2
Embalaje C,91.08,63.2,57.37,56.4,Normal,Origen D,Ambiente,Protocolo_1
Embalaje B,83.85,73.73,20.01,26.28,Normal,Origen C,Ambiente,Protocolo_1
Embalaje B,60.98,48.65,63.09,6.25,Normal,Origen C,Ambiente,Protocolo_1
Embalaje B,78.19,42.26,11.81,39.7,Frágil,Origen A,Ambiente,Protocolo_2
Embalaje B,83.18,76.84,92.09,24.12,Normal,Origen B,Ambiente,Protocolo_1
Embalaje C,81.91,54.32,22.69,55.99,Normal,Origen D,Ambiente,Protocolo_1
Embalaje C,33.19,47.51,52.58,25.01,Normal,Origen D,Refrigerado,Protocolo_1
Embalaje A,44.07,47.38,37.52,99.61,Normal,Origen C,Ambiente,Protocolo_2
Embalaje A,88.63,78.45,35.2,46.36,Normal,Origen C,Ambiente,Protocolo_1
Embalaje C,31.93,48.36,24.81,41.19,Frágil,Origen B,Ambiente,Protocolo_2
Embalaje A,47.48,73.69,87.34,56.23,Normal,Origen B,Refrigerado,Protocolo_1
Embalaje B,46.98,10.87,92.62,53.56,Normal,Origen C,Ambiente,Protocolo_1
Embalaje A,43.53,97.07,10.07,24.04,Normal,Origen D,Refrigerado,Protocolo_1
Embalaje B,24.19,82.79,79.74,34.7,Normal,Origen C,Refrigerado,Protocolo_1
Embalaje B,22.27,97.16,75.28,68.45,Frágil,Origen B,Ambiente,Protocolo_2
Embalaje C,20.19,16.24,44.98,19.66,Normal,Origen D,Ambiente,Protocolo_1
Embalaje A,96.22,48.07,58.12,44.92,Normal,Origen A,Ambiente,Protocolo_1
Embalaje A,96.85,67.4,40.9,9.24,Normal,Origen B,Ambiente,Protocolo_1
Embalaje C,33.17,89.84,25.74,62.57,Normal,Origen C,Refrigerado,Protocolo_1
Embalaje B,69.02,11.29,73.59,8.18,Normal,Origen B,Ambiente,Protocolo_1
Embalaje A,18.96,5.96,79.46,41.57,Normal,Origen D,Ambiente,Protocolo_1
Embalaje C,39.62,92.91,72.26,20.49,Normal,Origen B,Ambiente,Protocolo_1
Embalaje C,71.16,44.44,45.46,32.63,Normal,Origen A,Refrigerado,Protocolo_1
Embalaje B,19.01,11.84,64.49,7.36,Normal,Origen D,Ambiente,Protocolo_1
Embalaje C,5.49,5.6,55.08,3.24,Normal,Origen C,Ambiente,Protocolo_1
Embalaje B,69.78,62.92,26.92,11.48,Frágil,Origen A,Ambiente,Protocolo_2
Embalaje C,43.89,79.71,27.63,92.99,Normal,Origen D,Ambiente,Protocolo_2
Embalaje C,96.7,43.97,32.72,47.23,Normal,Origen C,Ambiente,Protocolo_1
Embalaje B,87.51,99.75,66.07,23.1,Normal,Origen C,Ambiente,Protocolo_1
Embalaje C,89.17,71.7,45.56,36.35,Frágil,Origen A,Ambiente,Protocolo_2
Embalaje A,28.96,99.01,80.84,84.01,Normal,Origen C,Refrigerado,Protocolo_2
Embalaje A,97.4,18.93,99.53,32.29,Normal,Origen B,Ambiente,Protocolo_1
Embalaje A,20.84,84.9,18.04,95.74,Normal,Origen B,Ambiente,Protocolo_2
Embalaje C,86.92,99.29,73.3,77.74,Normal,Origen A,Ambiente,Protocolo_1
Embalaje A,90.73,57.92,20.43,9.5,Normal,Origen B,Ambiente,Protocolo_1
Embalaje B,68.85,74.2,76.04,49.28,Normal,Origen A,Ambiente,Protocolo_1
Embalaje C,43.92,76.5,53.56,95.21,Frágil,Origen C,Ambiente,Protocolo_2
Embalaje B,47.07,70.13,89.9,17.37,Frágil,Origen D,Ambiente,Protocolo_2
Embalaje B,44.32,27.21,60.38,2.14,Normal,Origen A,Ambiente,Protocolo_1
Embalaje B,62.26,77.34,8.04,93.91,Normal,Origen C,Ambiente,Protocolo_2
Embalaje A,86.98,20.2,85.91,41.04,Normal,Origen A,Ambiente,Protocolo_1
Embalaje C,96.88,9.98,63.86,25.63,Normal,Origen A,Ambiente,Protocolo_1
Embalaje C,11.75,43.76,53.67,51.61,Normal,Origen A,Ambiente,Protocolo_1
Embalaje B,12.79,90.4,47.54,93.45,Normal,Origen C,Ambiente,Protocolo_2
Embalaje B,26.09,72.03,11.78,29.89,Frágil,Origen C,Ambiente,Protocolo_2
Embalaje C,81.45,77.31,75.4,67.94,Frágil,Origen A,Ambiente,Protocolo_2
Embalaje B,27.21,91.49,89.5,58.35,Frágil,Origen A,Ambiente,Protocolo_2
Embalaje B,52.64,67.61,9.46,2.77,Normal,Origen D,Ambiente,Protocolo_1
Embalaje B,59.22,15.97,60.25,55.28,Frágil,Origen C,Ambiente,Protocolo_2
Embalaje A,27.65,96.29,32.34,10.47,Normal,Origen C,Ambiente,Protocolo_1
Embalaje C,84.73,27.48,25.05,94.63,Normal,Origen D,Ambiente,Protocolo_2
Embalaje B,15.53,7.42,33.79,58.01,Normal,Origen A,Ambiente,Protocolo_1
Embalaje A,19.13,56.05,71.03,8.17,Normal,Origen D,Refrigerado,Protocolo_1
Embalaje C,13.0,11.72,36.96,31.46,Frágil,Origen B,Ambiente,Protocolo_2
Embalaje B,30.65,11.7,29.02,11.54,Normal,Origen A,Ambiente,Protocolo_1
Embalaje B,94.64,50.98,8.28,22.46,Normal,Origen C,Ambiente,Protocolo_1
Embalaje C,66.1,49.13,52.96,18.88,Normal,Origen A,Ambiente,Protocolo_1
Embalaje A,30.81,67.57,69.95,37.64,Normal,Origen D,Ambiente,Protocolo_1
Embalaje B,12.53,89.68,10.1,59.41,Frágil,Origen C,Ambiente,Protocolo_2
Embalaje B,62.03,83.5,58.06,96.54,Normal,Origen B,Ambiente,Protocolo_2
Embalaje B,68.78,72.88,34.63,91.05,Normal,Origen A,Ambiente,Protocolo_2
Embalaje A,61.25,98.07,32.22,64.34,Normal,Origen B,Ambiente,Protocolo_1
Embalaje B,16.58,48.56,38.05,78.75,Normal,Origen A,Ambiente,Protocolo_1
Embalaje C,14.35,88.92,28.84,72.39,Frágil,Origen D,Ambiente,Protocolo_2
Embalaje B,16.72,67.48,62.36,50.98,Normal,Origen B,Ambiente,Protocolo_1
Embalaje C,38.28,13.89,81.96,83.19,Frágil,Origen C,Ambiente,Protocolo_2
Embalaje A,68.64,45.99,25.26,73.56,Frágil,Origen D,Ambiente,Protocolo_2
Embalaje A,15.89,81.67,55.76,41.76,Frágil,Origen D,Ambiente,Protocolo_2
Embalaje C,25.88,94.03,74.39,97.31,Normal,Origen C,Ambiente,Protocolo_2
Embalaje A,48.24,80.82,76.36,52.66,Frágil,Origen D,Ambiente,Protocolo_2
Embalaje C,35.95,26.59,17.29,85.51,Frágil,Origen C,Ambiente,Protocolo_2
Embalaje C,91.04,63.94,24.4,20.7,Frágil,Origen D,Ambiente,Protocolo_2
Embalaje C,89.71,36.0,5.31,96.91,Normal,Origen C,Ambiente,Protocolo_2
Embalaje B,71.29,84.38,47.9,59.09,Normal,Origen D,Ambiente,Protocolo_1
Embalaje C,83.92,31.89,17.71,84.96,Normal,Origen A,Ambiente,Protocolo_2
Embalaje A,70.29,14.36,52.36,96.55,Normal,Origen C,Ambiente,Protocolo_2
Embalaje A,31.58,46.81,61.81,18.07,Normal,Origen D,Refrigerado,Protocolo_1
Embalaje B,40.39,24.82,17.09,82.53,Normal,Origen A,Ambiente,Protocolo_2
Embalaje A,99.64,75.97,57.83,38.6,Normal,Origen B,Ambiente,Protocolo_1
Embalaje A,75.22,54.46,29.79,60.18,Normal,Origen A,Ambiente,Protocolo_1
Embalaje C,41.27,15.56,57.55,95.84,Normal,Origen C,Ambiente,Protocolo_2
Embalaje A,22.49,49.1,37.39,72.34,Normal,Origen C,Ambiente,Protocolo_1
Embalaje C,49.02,20.65,40.14,9.64,Normal,Origen A,Ambiente,Protocolo_1
Embalaje C,59.2,13.52,94.73,91.63,Normal,Origen A,Ambiente,Protocolo_2
Embalaje B,67.64,81.39,19.76,86.19,Normal,Origen D,Ambiente,Protocolo_2
Embalaje B,51.0,44.39,72.48,71.87,Normal,Origen D,Ambiente,Protocolo_1
Embalaje A,15.82,53.43,52.88,46.91,Normal,Origen B,Ambiente,Protocolo_1
Embalaje A,42.04,5.83,35.25,89.75,Normal,Origen B,Ambiente,Protocolo_2
Embalaje B,22.75,13.22,63.52,66.83,Normal,Origen B,Ambiente,Protocolo_1
Embalaje A,25.25,8.09,43.75,46.11,Normal,Origen B,Ambiente,Protocolo_1
Embalaje C,45.0,20.37,65.3,68.54,Normal,Origen C,Ambiente,Protocolo_1
Embalaje C,52.11,93.17,63.72,26.36,Normal,Origen B,Ambiente,Protocolo_1
Embalaje A,57.72,57.77,99.71,49.13,Normal,Origen C,Ambiente,Protocolo_1
Embalaje A,65.33,62.05,21.25,1.15,Frágil,Origen D,Ambiente,Protocolo_2
Embalaje A,25.48,20.91,70.69,54.1,Normal,Origen B,Ambiente,Protocolo_1
Embalaje A,68.47,91.27,81.68,37.58,Normal,Origen B,Ambiente,Protocolo_1
Embalaje C,96.36,40.72,66.58,44.11,Frágil,Origen C,Ambiente,Protocolo_2
Embalaje A,88.38,75.33,56.15,77.04,Normal,Origen C,Refrigerado,Protocolo_1
Embalaje C,30.26,98.94,61.83,97.21,Normal,Origen A,Ambiente,Protocolo_2
Embalaje A,73.09,67.42,17.97,91.03,Normal,Origen A,Ambiente,Protocolo_2
Embalaje B,90.0,64.35,76.66,84.76,Frágil,Origen D,Ambiente,Protocolo_2
Embalaje B,71.49,90.86,97.27,26.75,Frágil,Origen B,Ambiente,Protocolo_2
Embalaje C,89.1,30.09,14.22,63.11,Normal,Origen B,Ambiente,Protocolo_1
Embalaje A,26.58,81.08,6.4,34.94,Normal,Origen C,Ambiente,Protocolo_1
Embalaje A,51.73,21.33,55.85,52.49,Frágil,Origen C,Refrigerado,Protocolo_2
Embalaje B,17.28,57.92,17.9,49.03,Normal,Origen A,Refrigerado,Protocolo_1
Embalaje B,97.02,77.01,84.41,34.78,Normal,Origen D,Refrigerado,Protocolo_1
Embalaje B,13.5,91.51,56.75,85.39,Normal,Origen B,Refrigerado,Protocolo_2
Embalaje C,89.04,70.44,67.08,70.59,Normal,Origen D,Refrigerado,Protocolo_1
Embalaje A,91.05,42.09,81.99,92.07,Normal,Origen D,Ambiente,Protocolo_2
Embalaje B,50.3,20.4,19.3,28.3,Normal,Origen C,Ambiente,Protocolo_1
Embalaje B,78.09,28.74,50.95,25.62,Normal,Origen D,Ambiente,Protocolo_1
Embalaje B,18.26,82.64,57.71,43.36,Normal,Origen D,Ambiente,Protocolo_1
Embalaje A,35.21,61.68,37.04,89.49,Normal,Origen B,Ambiente,Protocolo_2
Embalaje C,32.36,44.71,44.41,48.9,Normal,Origen D,Ambiente,Protocolo_1
Embalaje B,97.17,42.5,72.41,9.64,Normal,Origen C,Refrigerado,Protocolo_1
Embalaje A,13.37,34.04,80.37,29.86,Normal,Origen B,Ambiente,Protocolo_1
Embalaje C,90.96,49.8,16.13,62.66,Normal,Origen A,Ambiente,Protocolo_1
Embalaje B,31.63,6.61,87.5,58.56,Normal,Origen D,Ambiente,Protocolo_1
Embalaje C,19.94,24.07,14.8,10.97,Normal,Origen A,Refrigerado,Protocolo_1
Embalaje B,59.84,74.03,36.26,1.54,Normal,Origen B,Ambiente,Protocolo_1
Embalaje C,92.92,95.48,50.8,24.38,Normal,Origen A,Ambiente,Protocolo_1
Embalaje B,34.9,49.07,38.66,96.5,Normal,Origen D,Ambiente,Protocolo_2
Embalaje C,13.64,24.64,78.66,15.33,Normal,Origen A,Ambiente,Protocolo_1
Embalaje C,19.79,82.36,69.29,93.78,Normal,Origen A,Ambiente,Protocolo_2
Embalaje B,98.46,73.73,29.49,86.77,Normal,Origen D,Ambiente,Protocolo_2
Embalaje C,66.77,90.36,96.78,30.08,Normal,Origen D,Ambiente,Protocolo_1
Embalaje A,98.61,82.71,6.83,70.22,Normal,Origen C,Ambiente,Protocolo_1
Embalaje B,66.09,32.1,17.95,26.91,Normal,Origen D,Ambiente,Protocolo_1
Embalaje A,48.12,23.9,52.55,27.84,Normal,Origen D,Ambiente,Protocolo_1
Embalaje A,97.7,7.07,22.13,65.92,Normal,Origen B,Ambiente,Protocolo_1
Embalaje B,88.32,49.88,87.65,94.07,Frágil,Origen D,Ambiente,Protocolo_2
Embalaje A,10.68,26.72,67.71,99.23,Normal,Origen C,Ambiente,Protocolo_2
Embalaje B,63.92,39.5,54.75,43.53,Normal,Origen B,Ambiente,Protocolo_1
Embalaje A,23.48,69.8,69.57,39.0,Normal,Origen C,Ambiente,Protocolo_1
Embalaje A,31.14,68.4,14.51,59.67,Frágil,Origen A,Ambiente,Protocolo_2
Embalaje C,44.32,41.98,11.44,69.68,Frágil,Origen A,Ambiente,Protocolo_2
Embalaje C,47.13,6.19,46.02,76.81,Normal,Origen B,Ambiente,Protocolo_1
Embalaje C,99.86,56.65,22.7,34.46,Frágil,Origen C,Ambiente,Protocolo_2
Embalaje C,84.63,27.44,20.7,12.68,Frágil,Origen B,Ambiente,Protocolo_2
Embalaje B,6.29,52.68,67.14,51.05,Normal,Origen B,Refrigerado,Protocolo_1
Embalaje C,13.94,64.1,20.26,20.5,Normal,Origen C,Ambiente,Protocolo_1
Embalaje B,61.12,47.71,12.01,33.14,Normal,Origen C,Ambiente,Protocolo_1
Embalaje C,20.81,91.06,97.77,14.0,Frágil,Origen D,Refrigerado,Protocolo_2
Embalaje C,83.84,69.13,70.88,18.39,Normal,Origen D,Ambiente,Protocolo_1
Embalaje C,27.46,31.01,68.87,12.2,Normal,Origen A,Ambiente,Protocolo_1
Embalaje B,86.31,94.54,33.41,69.3,Normal,Origen B,Refrigerado,Protocolo_1
Embalaje A,48.96,85.22,52.74,86.26,Normal,Origen A,Ambiente,Protocolo_2
Embalaje A,10.94,70.16,24.11,74.31,Normal,Origen C,Ambiente,Protocolo_1
Embalaje B,75.93,91.85,78.45,72.68,Normal,Origen B,Ambiente,Protocolo_1
Embalaje A,12.85,52.53,93.65,67.65,Normal,Origen D,Ambiente,Protocolo_1
Embalaje A,66.47,57.78,40.73,30.38,Frágil,Origen B,Ambiente,Protocolo_2
Embalaje A,85.92,61.81,50.25,78.99,Normal,Origen D,Ambiente,Protocolo_1
Embalaje C,73.99,69.44,80.83,93.65,Normal,Origen A,Refrigerado,Protocolo_2
Embalaje C,82.92,59.19,25.06,43.41,Normal,Origen D,Ambiente,Protocolo_1
Embalaje C,74.53,91.73,72.87,65.63,Frágil,Origen D,Ambiente,Protocolo_2
Embalaje A,37.65,14.53,48.52,64.84,Normal,Origen B,Ambiente,Protocolo_1
Embalaje B,81.49,87.69,55.87,77.92,Normal,Origen A,Ambiente,Protocolo_1
Embalaje C,68.99,24.92,69.29,9.79,Normal,Origen C,Ambiente,Protocolo_1
Embalaje B,61.7,63.59,14.01,44.48,Frágil,Origen D,Ambiente,Protocolo_2
Embalaje A,96.21,71.71,26.09,42.16,Normal,Origen B,Ambiente,Protocolo_1
Embalaje A,16.78,21.97,33.85,95.29,Normal,Origen C,Ambiente,Protocolo_2
Embalaje C,97.58,51.05,34.59,32.45,Frágil,Origen C,Ambiente,Protocolo_2
Embalaje A,42.09,50.84,44.32,53.58,Normal,Origen D,Ambiente,Protocolo_1
Embalaje C,71.15,39.71,87.24,83.72,Normal,Origen B,Ambiente,Protocolo_2
Embalaje C,26.39,75.1,59.32,9.85,Normal,Origen C,Ambiente,Protocolo_1
Embalaje C,53.98,34.6,63.56,56.27,Normal,Origen D,Refrigerado,Protocolo_1
Embalaje A,69.11,82.27,71.88,78.43,Frágil,Origen A,Ambiente,Protocolo_2
Embalaje C,77.14,16.94,85.23,93.7,Normal,Origen D,Ambiente,Protocolo_2
Embalaje B,66.8,67.44,59.79,72.0,Normal,Origen A,Ambiente,Protocolo_1
Embalaje A,11.43,6.77,54.61,65.23,Normal,Origen C,Ambiente,Protocolo_1
Embalaje C,19.86,8.93,24.76,40.14,Frágil,Origen B,Ambiente,Protocolo_2
Embalaje A,44.36,75.26,22.86,89.15,Normal,Origen D,Refrigerado,Protocolo_2
Embalaje C,9.47,66.3,33.55,47.83,Frágil,Origen D,Ambiente,Protocolo_2
Embalaje A,61.21,80.23,40.26,94.56,Frágil,Origen C,Ambiente,Protocolo_2
Embalaje A,41.53,21.4,12.82,12.16,Normal,Origen D,Ambiente,Protocolo_1
Embalaje C,81.72,53.61,33.03,3.76,Normal,Origen D,Ambiente,Protocolo_1
Embalaje A,9.76,70.11,49.76,54.58,Normal,Origen B,Ambiente,Protocolo_1
Embalaje C,74.34,67.46,80.34,44.67,Normal,Origen D,Ambiente,Protocolo_1
Embalaje A,37.03,31.75,20.06,11.2,Normal,Origen C,Ambiente,Protocolo_1
Embalaje C,28.86,81.68,57.21,86.36,Frágil,Origen A,Refrigerado,Protocolo_2
Embalaje B,99.38,85.61,76.02,59.87,Normal,Origen A,Ambiente,Protocolo_1
Embalaje B,12.4,92.61,81.51,62.61,Frágil,Origen C,Ambiente,Protocolo_2
Embalaje B,78.2,30.8,56.51,34.47,Normal,Origen A,Ambiente,Protocolo_1
Embalaje A,23.33,67.43,76.54,20.74,Normal,Origen B,Refrigerado,Protocolo_1
Embalaje C,47.19,97.19,10.21,74.37,Normal,Origen C,Ambiente,Protocolo_1
Embalaje C,42.38,86.32,9.53,93.65,Normal,Origen C,Ambiente,Protocolo_2
Embalaje A,66.29,12.35,64.22,13.67,Frágil,Origen A,Ambiente,Protocolo_2
Embalaje B,14.83,21.14,80.42,26.33,Normal,Origen B,Ambiente,Protocolo_1
Embalaje B,61.57,54.1,31.99,98.62,Normal,Origen B,Ambiente,Protocolo_2
Embalaje B,87.03,71.42,78.54,22.81,Normal,Origen D,Ambiente,Protocolo_1
Embalaje C,76.76,10.5,18.14,93.9,Frágil,Origen D,Ambiente,Protocolo_2
Embalaje A,97.84,62.08,34.61,74.65,Normal,Origen C,Ambiente,Protocolo_1
Embalaje B,91.63,9.89,9.27,18.58,Normal,Origen D,Ambiente,Protocolo_1
Embalaje A,90.82,45.33,43.69,66.17,Normal,Origen B,Refrigerado,Protocolo_1
Embalaje B,66.13,51.5,95.58,67.56,Normal,Origen D,Ambiente,Protocolo_1
Embalaje B,28.57,7.83,15.55,63.43,Normal,Origen B,Ambiente,Protocolo_1
Embalaje C,81.49,61.68,34.69,23.79,Frágil,Origen A,Ambiente,Protocolo_2
Embalaje C,43.8,22.41,68.48,84.87,Normal,Origen D,Ambiente,Protocolo_2
Embalaje A,7.64,84.81,96.14,33.17,Frágil,Origen C,Ambiente,Protocolo_2
Embalaje B,82.1,10.87,78.6,88.56,Normal,Origen B,Ambiente,Protocolo_2
Embalaje B,30.95,44.7,35.61,7.72,Frágil,Origen D,Ambiente,Protocolo_2
Embalaje A,45.49,94.46,71.01,30.14,Frágil,Origen D,Ambiente,Protocolo_2
Embalaje B,79.56,50.57,30.9,6.01,Normal,Origen B,Ambiente,Protocolo_1
Embalaje B,74.54,99.36,8.88,58.55,Frágil,Origen D,Refrigerado,Protocolo_2
Embalaje B,62.49,28.61,31.97,13.04,Normal,Origen A,Ambiente,Protocolo_1
Embalaje A,83.59,64.43,54.48,7.52,Normal,Origen B,Ambiente,Protocolo_1
Embalaje B,70.64,47.99,36.54,13.81,Frágil,Origen A,Ambiente,Protocolo_2
Embalaje B,41.4,24.02,39.19,52.19,Normal,Origen B,Ambiente,Protocolo_1
Embalaje B,16.69,91.8,26.15,74.56,Normal,Origen C,Ambiente,Protocolo_1
Embalaje B,88.49,94.98,75.64,61.77,Normal,Origen A,Ambiente,Protocolo_1
Embalaje C,59.15,95.22,24.01,73.31,Normal,Origen B,Ambiente,Protocolo_1
Embalaje B,51.84,67.87,36.1,16.74,Normal,Origen B,Ambiente,Protocolo_1
Embalaje A,21.3,61.69,93.83,80.26,Normal,Origen D,Ambiente,Protocolo_2
Embalaje A,90.26,47.34,39.19,85.55,Normal,Origen C,Ambiente,Protocolo_2
Embalaje B,25.14,50.66,15.56,79.43,Normal,Origen C,Ambiente,Protocolo_1
Embalaje A,34.94,47.76,28.63,55.56,Normal,Origen B,Ambiente,Protocolo_1
Embalaje B,55.06,74.66,33.14,10.29,Normal,Origen C,Ambiente,Protocolo_1
Embalaje A,55.82,31.24,85.13,63.6,Normal,Origen B,Refrigerado,Protocolo_1
Embalaje A,59.57,23.84,41.13,65.59,Normal,Origen D,Ambiente,Protocolo_1
Embalaje A,25.79,21.75,97.78,86.64,Frágil,Origen A,Ambiente,Protocolo_2
Embalaje A,68.74,74.13,65.39,57.52,Normal,Origen D,Ambiente,Protocolo_1
Embalaje A,51.77,60.27,29.82,97.27,Normal,Origen B,Ambiente,Protocolo_2
Embalaje B,22.57,47.73,98.4,20.65,Normal,Origen C,Ambiente,Protocolo_1
Embalaje B,41.91,48.8,75.36,80.08,Normal,Origen B,Ambiente,Protocolo_2
Embalaje C,67.91,73.19,69.12,50.43,Normal,Origen D,Ambiente,Protocolo_1
Embalaje C,19.32,52.53,75.35,54.82,Normal,Origen C,Ambiente,Protocolo_1
Embalaje B,36.23,46.83,74.66,89.23,Normal,Origen B,Ambiente,Protocolo_2
Embalaje A,59.16,74.49,79.29,18.58,Normal,Origen B,Refrigerado,Protocolo_1
Embalaje B,94.35,13.58,95.89,99.67,Normal,Origen A,Ambiente,Protocolo_2
Embalaje A,15.32,76.87,80.47,1.22,Normal,Origen C,Ambiente,Protocolo_1
Embalaje A,9.02,15.76,60.59,25.58,Normal,Origen C,Ambiente,Protocolo_1
Embalaje B,95.89,16.82,6.83,72.38,Normal,Origen B,Ambiente,Protocolo_1
Embalaje C,54.78,44.88,94.53,4.05,Normal,Origen A,Ambiente,Protocolo_1
Embalaje C,23.97,66.2,59.68,17.84,Normal,Origen C,Ambiente,Protocolo_1
Embalaje C,48.95,55.74,43.81,28.19,Normal,Origen B,Ambiente,Protocolo_1
Embalaje B,59.07,95.9,87.5,43.48,Frágil,Origen C,Ambiente,Protocolo_2
Embalaje C,72.15,49.81,76.69,75.97,Frágil,Origen C,Ambiente,Protocolo_2
Embalaje C,64.18,91.89,53.29,11.66,Frágil,Origen A,Ambiente,Protocolo_2
Embalaje B,5.86,77.31,31.79,97.83,Frágil,Origen B,Refrigerado,Protocolo_2
Embalaje A,82.06,14.74,98.51,87.97,Normal,Origen D,Ambiente,Protocolo_2
Embalaje A,80.55,96.09,22.42,58.95,Normal,Origen A,Ambiente,Protocolo_1
